[2026-05-15T00:00:56.561332+00:00] main.ERROR: Parameter validation failed
#0 /app/vendor/symfony/console/Command/Command.php(302): Magento\Setup\Console\Command\InstallCommand->initialize(Object(Symfony\Component\Console\Input\ArgvInput), Object(Symfony\Component\Console\Output\ConsoleOutput))
#1 /app/vendor/symfony/console/Application.php(1094): Symfony\Component\Console\Command\Command->run(Object(Symfony\Component\Console\Input\ArgvInput), Object(Symfony\Component\Console\Output\ConsoleOutput))
#2 /app/vendor/symfony/console/Application.php(356): Symfony\Component\Console\Application->doRunCommand(Object(Magento\Setup\Console\Command\InstallCommand), Object(Symfony\Component\Console\Input\ArgvInput), Object(Symfony\Component\Console\Output\ConsoleOutput))
#3 /app/vendor/magento/framework/Console/Cli.php(137): Symfony\Component\Console\Application->doRun(Object(Symfony\Component\Console\Input\ArgvInput), Object(Symfony\Component\Console\Output\ConsoleOutput))
#4 /app/vendor/symfony/console/Application.php(195): Magento\Framework\Console\Cli->doRun(Object(Symfony\Component\Console\Input\ArgvInput), Object(Symfony\Component\Console\Output\ConsoleOutput))
#5 /app/bin/magento(23): Symfony\Component\Console\Application->run()
#6 {main} [] []
[2026-05-15T00:03:39.611769+00:00] main.ERROR: Parameter validation failed
#0 /app/vendor/symfony/console/Command/Command.php(302): Magento\Setup\Console\Command\InstallCommand->initialize(Object(Symfony\Component\Console\Input\ArgvInput), Object(Symfony\Component\Console\Output\ConsoleOutput))
#1 /app/vendor/symfony/console/Application.php(1094): Symfony\Component\Console\Command\Command->run(Object(Symfony\Component\Console\Input\ArgvInput), Object(Symfony\Component\Console\Output\ConsoleOutput))
#2 /app/vendor/symfony/console/Application.php(356): Symfony\Component\Console\Application->doRunCommand(Object(Magento\Setup\Console\Command\InstallCommand), Object(Symfony\Component\Console\Input\ArgvInput), Object(Symfony\Component\Console\Output\ConsoleOutput))
#3 /app/vendor/magento/framework/Console/Cli.php(137): Symfony\Component\Console\Application->doRun(Object(Symfony\Component\Console\Input\ArgvInput), Object(Symfony\Component\Console\Output\ConsoleOutput))
#4 /app/vendor/symfony/console/Application.php(195): Magento\Framework\Console\Cli->doRun(Object(Symfony\Component\Console\Input\ArgvInput), Object(Symfony\Component\Console\Output\ConsoleOutput))
#5 /app/bin/magento(23): Symfony\Component\Console\Application->run()
#6 {main} [] []
[2026-05-15T00:17:11.199512+00:00] main.ERROR: Parameter validation failed
#0 /app/vendor/symfony/console/Command/Command.php(302): Magento\Setup\Console\Command\InstallCommand->initialize(Object(Symfony\Component\Console\Input\ArgvInput), Object(Symfony\Component\Console\Output\ConsoleOutput))
#1 /app/vendor/symfony/console/Application.php(1094): Symfony\Component\Console\Command\Command->run(Object(Symfony\Component\Console\Input\ArgvInput), Object(Symfony\Component\Console\Output\ConsoleOutput))
#2 /app/vendor/symfony/console/Application.php(356): Symfony\Component\Console\Application->doRunCommand(Object(Magento\Setup\Console\Command\InstallCommand), Object(Symfony\Component\Console\Input\ArgvInput), Object(Symfony\Component\Console\Output\ConsoleOutput))
#3 /app/vendor/magento/framework/Console/Cli.php(137): Symfony\Component\Console\Application->doRun(Object(Symfony\Component\Console\Input\ArgvInput), Object(Symfony\Component\Console\Output\ConsoleOutput))
#4 /app/vendor/symfony/console/Application.php(195): Magento\Framework\Console\Cli->doRun(Object(Symfony\Component\Console\Input\ArgvInput), Object(Symfony\Component\Console\Output\ConsoleOutput))
#5 /app/bin/magento(23): Symfony\Component\Console\Application->run()
#6 {main} [] []
[2026-05-15T00:25:50.473345+00:00] main.INFO: Source table payment_services_order_status_data_production_submitted_hash does not exist. Skipping data migration... [] []
[2026-05-15T00:26:04.353182+00:00] main.ERROR: {"feed":"undefined","operation":"undefined","status":"CDE04-02 Cannot set indexer to Update On Schedule mode for indexer catalogsearch_fulltext. Error: Invalid entity_type specified: catalog_product","elapsed":"998 ms","pid":"1","caller":"\/app\/bin\/magento setup:install --backend-frontname=admin --db-host=db --db-name=magento2 --db-user=magento2"} {"exception":"[object] (Magento\\Framework\\Exception\\LocalizedException(code: 0): Invalid entity_type specified: catalog_product at /app/vendor/magento/module-eav/Model/Config.php:476)"} []
[2026-05-15T00:26:04.956481+00:00] main.DEBUG: cache_invalidate:  {"method":"GET","url":"http:/","invalidateInfo":{"tags":["CONFIG","MAGE"],"mode":"matchingTag"}} []
[2026-05-15T00:26:04.956658+00:00] main.DEBUG: cache_invalidate:  {"method":"GET","url":"http:/","invalidateInfo":{"tags":["CONFIG"],"mode":"matchingTag"}} []
[2026-05-15T00:26:05.102423+00:00] main.DEBUG: cache_invalidate:  {"method":"GET","url":"http:/","invalidateInfo":{"tags":["LAYOUT_GENERAL_CACHE_TAG","MAGE"],"mode":"matchingTag"}} []
[2026-05-15T00:26:05.102599+00:00] main.DEBUG: cache_invalidate:  {"method":"GET","url":"http:/","invalidateInfo":{"tags":["LAYOUT_GENERAL_CACHE_TAG"],"mode":"matchingTag"}} []
[2026-05-15T00:26:05.103560+00:00] main.DEBUG: cache_invalidate:  {"method":"GET","url":"http:/","invalidateInfo":{"tags":["BLOCK_HTML","MAGE"],"mode":"matchingTag"}} []
[2026-05-15T00:26:05.103710+00:00] main.DEBUG: cache_invalidate:  {"method":"GET","url":"http:/","invalidateInfo":{"tags":["BLOCK_HTML"],"mode":"matchingTag"}} []
[2026-05-15T00:26:05.104589+00:00] main.DEBUG: cache_invalidate:  {"method":"GET","url":"http:/","invalidateInfo":{"tags":["COLLECTION_DATA","MAGE"],"mode":"matchingTag"}} []
[2026-05-15T00:26:05.104711+00:00] main.DEBUG: cache_invalidate:  {"method":"GET","url":"http:/","invalidateInfo":{"tags":["COLLECTION_DATA"],"mode":"matchingTag"}} []
[2026-05-15T00:26:05.105529+00:00] main.DEBUG: cache_invalidate:  {"method":"GET","url":"http:/","invalidateInfo":{"tags":["REFLECTION","MAGE"],"mode":"matchingTag"}} []
[2026-05-15T00:26:05.105699+00:00] main.DEBUG: cache_invalidate:  {"method":"GET","url":"http:/","invalidateInfo":{"tags":["REFLECTION"],"mode":"matchingTag"}} []
[2026-05-15T00:26:05.106595+00:00] main.DEBUG: cache_invalidate:  {"method":"GET","url":"http:/","invalidateInfo":{"tags":["DB_DDL","MAGE"],"mode":"matchingTag"}} []
[2026-05-15T00:26:05.106765+00:00] main.DEBUG: cache_invalidate:  {"method":"GET","url":"http:/","invalidateInfo":{"tags":["DB_DDL"],"mode":"matchingTag"}} []
[2026-05-15T00:26:05.107680+00:00] main.DEBUG: cache_invalidate:  {"method":"GET","url":"http:/","invalidateInfo":{"tags":["COMPILED_CONFIG","MAGE"],"mode":"matchingTag"}} []
[2026-05-15T00:26:05.107823+00:00] main.DEBUG: cache_invalidate:  {"method":"GET","url":"http:/","invalidateInfo":{"tags":["COMPILED_CONFIG"],"mode":"matchingTag"}} []
[2026-05-15T00:26:05.108507+00:00] main.DEBUG: cache_invalidate:  {"method":"GET","url":"http:/","invalidateInfo":{"tags":["EAV","MAGE"],"mode":"matchingTag"}} []
[2026-05-15T00:26:05.108623+00:00] main.DEBUG: cache_invalidate:  {"method":"GET","url":"http:/","invalidateInfo":{"tags":["EAV"],"mode":"matchingTag"}} []
[2026-05-15T00:26:05.109268+00:00] main.DEBUG: cache_invalidate:  {"method":"GET","url":"http:/","invalidateInfo":{"tags":["CUSTOMER_NOTIFICATION","MAGE"],"mode":"matchingTag"}} []
[2026-05-15T00:26:05.109381+00:00] main.DEBUG: cache_invalidate:  {"method":"GET","url":"http:/","invalidateInfo":{"tags":["CUSTOMER_NOTIFICATION"],"mode":"matchingTag"}} []
[2026-05-15T00:26:05.110033+00:00] main.DEBUG: cache_invalidate:  {"method":"GET","url":"http:/","invalidateInfo":{"tags":["INTEGRATION","MAGE"],"mode":"matchingTag"}} []
[2026-05-15T00:26:05.110145+00:00] main.DEBUG: cache_invalidate:  {"method":"GET","url":"http:/","invalidateInfo":{"tags":["INTEGRATION"],"mode":"matchingTag"}} []
[2026-05-15T00:26:05.110754+00:00] main.DEBUG: cache_invalidate:  {"method":"GET","url":"http:/","invalidateInfo":{"tags":["INTEGRATION_API_CONFIG","MAGE"],"mode":"matchingTag"}} []
[2026-05-15T00:26:05.110863+00:00] main.DEBUG: cache_invalidate:  {"method":"GET","url":"http:/","invalidateInfo":{"tags":["INTEGRATION_API_CONFIG"],"mode":"matchingTag"}} []
[2026-05-15T00:26:05.111770+00:00] main.DEBUG: cache_invalidate:  {"method":"GET","url":"http:/","invalidateInfo":{"tags":["GRAPHQL_QUERY_RESOLVER_RESULT","MAGE"],"mode":"matchingTag"}} []
[2026-05-15T00:26:05.111903+00:00] main.DEBUG: cache_invalidate:  {"method":"GET","url":"http:/","invalidateInfo":{"tags":["GRAPHQL_QUERY_RESOLVER_RESULT"],"mode":"matchingTag"}} []
[2026-05-15T00:26:05.113686+00:00] main.DEBUG: cache_invalidate:  {"method":"GET","url":"http:/","invalidateInfo":{"tags":["FPC","MAGE"],"mode":"matchingTag"}} []
[2026-05-15T00:26:05.113850+00:00] main.DEBUG: cache_invalidate:  {"method":"GET","url":"http:/","invalidateInfo":{"tags":["FPC"],"mode":"matchingTag"}} []
[2026-05-15T00:26:05.114774+00:00] main.DEBUG: cache_invalidate:  {"method":"GET","url":"http:/","invalidateInfo":{"tags":["WEBSERVICE","MAGE"],"mode":"matchingTag"}} []
[2026-05-15T00:26:05.114914+00:00] main.DEBUG: cache_invalidate:  {"method":"GET","url":"http:/","invalidateInfo":{"tags":["WEBSERVICE"],"mode":"matchingTag"}} []
[2026-05-15T00:26:05.115760+00:00] main.DEBUG: cache_invalidate:  {"method":"GET","url":"http:/","invalidateInfo":{"tags":["TRANSLATE","MAGE"],"mode":"matchingTag"}} []
[2026-05-15T00:26:05.115894+00:00] main.DEBUG: cache_invalidate:  {"method":"GET","url":"http:/","invalidateInfo":{"tags":["TRANSLATE"],"mode":"matchingTag"}} []
[2026-05-15T00:26:06.491572+00:00] main.DEBUG: cache_invalidate:  {"method":"GET","url":"http:/","invalidateInfo":{"tags":["BACKEND_MAINMENU","MAGE"],"mode":"matchingTag"}} []
[2026-05-15T00:26:06.491761+00:00] main.DEBUG: cache_invalidate:  {"method":"GET","url":"http:/","invalidateInfo":{"tags":["BACKEND_MAINMENU"],"mode":"matchingTag"}} []
[2026-05-15T00:26:06.492160+00:00] main.DEBUG: cache_invalidate:  {"method":"GET","url":"http:/","invalidateInfo":{"tags":["user_assigned_role","MAGE"],"mode":"matchingTag"}} []
[2026-05-15T00:26:06.492351+00:00] main.DEBUG: cache_invalidate:  {"method":"GET","url":"http:/","invalidateInfo":{"tags":["user_assigned_role"],"mode":"matchingAnyTag"}} []
[2026-05-15T00:26:06.554593+00:00] main.DEBUG: cache_invalidate:  {"method":"GET","url":"http:/","invalidateInfo":{"tags":["EAV","MAGE"],"mode":"matchingTag"}} []
[2026-05-15T00:26:06.554779+00:00] main.DEBUG: cache_invalidate:  {"method":"GET","url":"http:/","invalidateInfo":{"tags":["EAV"],"mode":"matchingAnyTag"}} []
[2026-05-15T00:26:06.560838+00:00] main.DEBUG: cache_invalidate:  {"method":"GET","url":"http:/","invalidateInfo":{"tags":["EAV","MAGE"],"mode":"matchingTag"}} []
[2026-05-15T00:26:06.561198+00:00] main.DEBUG: cache_invalidate:  {"method":"GET","url":"http:/","invalidateInfo":{"tags":["EAV_ATTRIBUTE","MAGE"],"mode":"matchingTag"}} []
[2026-05-15T00:26:06.561323+00:00] main.DEBUG: cache_invalidate:  {"method":"GET","url":"http:/","invalidateInfo":{"tags":["EAV","EAV_ATTRIBUTE"],"mode":"matchingAnyTag"}} []
[2026-05-15T00:26:06.694862+00:00] main.DEBUG: cache_invalidate:  {"method":"GET","url":"http:/","invalidateInfo":{"tags":["EAV","MAGE"],"mode":"matchingTag"}} []
[2026-05-15T00:26:06.695214+00:00] main.DEBUG: cache_invalidate:  {"method":"GET","url":"http:/","invalidateInfo":{"tags":["EAV_ATTRIBUTE","MAGE"],"mode":"matchingTag"}} []
[2026-05-15T00:26:06.695376+00:00] main.DEBUG: cache_invalidate:  {"method":"GET","url":"http:/","invalidateInfo":{"tags":["EAV","EAV_ATTRIBUTE"],"mode":"matchingAnyTag"}} []
[2026-05-15T00:26:06.820701+00:00] main.DEBUG: cache_invalidate:  {"method":"GET","url":"http:/","invalidateInfo":{"tags":["EAV","MAGE"],"mode":"matchingTag"}} []
[2026-05-15T00:26:06.821196+00:00] main.DEBUG: cache_invalidate:  {"method":"GET","url":"http:/","invalidateInfo":{"tags":["EAV_ATTRIBUTE","MAGE"],"mode":"matchingTag"}} []
[2026-05-15T00:26:06.821390+00:00] main.DEBUG: cache_invalidate:  {"method":"GET","url":"http:/","invalidateInfo":{"tags":["EAV","EAV_ATTRIBUTE"],"mode":"matchingAnyTag"}} []
[2026-05-15T00:26:06.825972+00:00] main.DEBUG: cache_invalidate:  {"method":"GET","url":"http:/","invalidateInfo":{"tags":["EAV","MAGE"],"mode":"matchingTag"}} []
[2026-05-15T00:26:06.826623+00:00] main.DEBUG: cache_invalidate:  {"method":"GET","url":"http:/","invalidateInfo":{"tags":["EAV_ATTRIBUTE","MAGE"],"mode":"matchingTag"}} []
[2026-05-15T00:26:06.826802+00:00] main.DEBUG: cache_invalidate:  {"method":"GET","url":"http:/","invalidateInfo":{"tags":["EAV","EAV_ATTRIBUTE"],"mode":"matchingAnyTag"}} []
[2026-05-15T00:26:06.827411+00:00] main.DEBUG: cache_invalidate:  {"method":"GET","url":"http:/","invalidateInfo":{"tags":["EAV","MAGE"],"mode":"matchingTag"}} []
[2026-05-15T00:26:06.827921+00:00] main.DEBUG: cache_invalidate:  {"method":"GET","url":"http:/","invalidateInfo":{"tags":["EAV_ATTRIBUTE","MAGE"],"mode":"matchingTag"}} []
[2026-05-15T00:26:06.828088+00:00] main.DEBUG: cache_invalidate:  {"method":"GET","url":"http:/","invalidateInfo":{"tags":["EAV","EAV_ATTRIBUTE"],"mode":"matchingAnyTag"}} []
[2026-05-15T00:26:06.828589+00:00] main.DEBUG: cache_invalidate:  {"method":"GET","url":"http:/","invalidateInfo":{"tags":["EAV_ATTRIBUTE","MAGE"],"mode":"matchingTag"}} []
[2026-05-15T00:26:06.828691+00:00] main.DEBUG: cache_invalidate:  {"method":"GET","url":"http:/","invalidateInfo":{"tags":["EAV_ATTRIBUTE"],"mode":"matchingAnyTag"}} []
[2026-05-15T00:26:06.830623+00:00] main.DEBUG: cache_invalidate:  {"method":"GET","url":"http:/","invalidateInfo":{"tags":["EAV_ATTRIBUTE_21","FPC","MAGE"],"mode":"matchingTag"}} []
[2026-05-15T00:26:06.830812+00:00] main.DEBUG: cache_invalidate:  {"method":"GET","url":"http:/","invalidateInfo":{"tags":["EAV_ATTRIBUTE_21","FPC"],"mode":"matchingTag"}} []
[2026-05-15T00:26:06.831124+00:00] main.DEBUG: cache_invalidate:  {"method":"GET","url":"http:/","invalidateInfo":{"tags":["EAV_ENTITY_TYPES_CUSTOMER_ENTITY","FPC","MAGE"],"mode":"matchingTag"}} []
[2026-05-15T00:26:06.831257+00:00] main.DEBUG: cache_invalidate:  {"method":"GET","url":"http:/","invalidateInfo":{"tags":["EAV_ENTITY_TYPES_CUSTOMER_ENTITY","FPC"],"mode":"matchingTag"}} []
[2026-05-15T00:26:06.831576+00:00] main.DEBUG: cache_invalidate:  {"method":"GET","url":"http:/","invalidateInfo":{"tags":["EAV_FORM_adminhtml_customer_FORM","FPC","MAGE"],"mode":"matchingTag"}} []
[2026-05-15T00:26:06.831705+00:00] main.DEBUG: cache_invalidate:  {"method":"GET","url":"http:/","invalidateInfo":{"tags":["EAV_FORM_adminhtml_customer_FORM","FPC"],"mode":"matchingTag"}} []
[2026-05-15T00:26:06.831969+00:00] main.DEBUG: cache_invalidate:  {"method":"GET","url":"http:/","invalidateInfo":{"tags":["EAV_ATTRIBUTE_customer_disable_auto_group_change","FPC","MAGE"],"mode":"matchingTag"}} []
[2026-05-15T00:26:06.832101+00:00] main.DEBUG: cache_invalidate:  {"method":"GET","url":"http:/","invalidateInfo":{"tags":["EAV_ATTRIBUTE_customer_disable_auto_group_change","FPC"],"mode":"matchingTag"}} []
[2026-05-15T00:26:06.871885+00:00] main.DEBUG: cache_invalidate:  {"method":"GET","url":"http:/","invalidateInfo":{"tags":["EAV","MAGE"],"mode":"matchingTag"}} []
[2026-05-15T00:26:06.872575+00:00] main.DEBUG: cache_invalidate:  {"method":"GET","url":"http:/","invalidateInfo":{"tags":["EAV_ATTRIBUTE","MAGE"],"mode":"matchingTag"}} []
[2026-05-15T00:26:06.872715+00:00] main.DEBUG: cache_invalidate:  {"method":"GET","url":"http:/","invalidateInfo":{"tags":["EAV","EAV_ATTRIBUTE"],"mode":"matchingAnyTag"}} []
[2026-05-15T00:26:06.874032+00:00] main.DEBUG: cache_invalidate:  {"method":"GET","url":"http:/","invalidateInfo":{"tags":["EAV","MAGE"],"mode":"matchingTag"}} []
[2026-05-15T00:26:06.874588+00:00] main.DEBUG: cache_invalidate:  {"method":"GET","url":"http:/","invalidateInfo":{"tags":["EAV_ATTRIBUTE","MAGE"],"mode":"matchingTag"}} []
[2026-05-15T00:26:06.874722+00:00] main.DEBUG: cache_invalidate:  {"method":"GET","url":"http:/","invalidateInfo":{"tags":["EAV","EAV_ATTRIBUTE"],"mode":"matchingAnyTag"}} []
[2026-05-15T00:26:06.875183+00:00] main.DEBUG: cache_invalidate:  {"method":"GET","url":"http:/","invalidateInfo":{"tags":["EAV","MAGE"],"mode":"matchingTag"}} []
[2026-05-15T00:26:06.875681+00:00] main.DEBUG: cache_invalidate:  {"method":"GET","url":"http:/","invalidateInfo":{"tags":["EAV_ATTRIBUTE","MAGE"],"mode":"matchingTag"}} []
[2026-05-15T00:26:06.875814+00:00] main.DEBUG: cache_invalidate:  {"method":"GET","url":"http:/","invalidateInfo":{"tags":["EAV","EAV_ATTRIBUTE"],"mode":"matchingAnyTag"}} []
[2026-05-15T00:26:06.876204+00:00] main.DEBUG: cache_invalidate:  {"method":"GET","url":"http:/","invalidateInfo":{"tags":["EAV_ATTRIBUTE","MAGE"],"mode":"matchingTag"}} []
[2026-05-15T00:26:06.876305+00:00] main.DEBUG: cache_invalidate:  {"method":"GET","url":"http:/","invalidateInfo":{"tags":["EAV_ATTRIBUTE"],"mode":"matchingAnyTag"}} []
[2026-05-15T00:26:06.877431+00:00] main.DEBUG: cache_invalidate:  {"method":"GET","url":"http:/","invalidateInfo":{"tags":["EAV_ATTRIBUTE_36","FPC","MAGE"],"mode":"matchingTag"}} []
[2026-05-15T00:26:06.877589+00:00] main.DEBUG: cache_invalidate:  {"method":"GET","url":"http:/","invalidateInfo":{"tags":["EAV_ATTRIBUTE_36","FPC"],"mode":"matchingTag"}} []
[2026-05-15T00:26:06.877854+00:00] main.DEBUG: cache_invalidate:  {"method":"GET","url":"http:/","invalidateInfo":{"tags":["EAV_ENTITY_TYPES_CUSTOMER_ADDRESS_ENTITY","FPC","MAGE"],"mode":"matchingTag"}} []
[2026-05-15T00:26:06.877958+00:00] main.DEBUG: cache_invalidate:  {"method":"GET","url":"http:/","invalidateInfo":{"tags":["EAV_ENTITY_TYPES_CUSTOMER_ADDRESS_ENTITY","FPC"],"mode":"matchingTag"}} []
[2026-05-15T00:26:06.878190+00:00] main.DEBUG: cache_invalidate:  {"method":"GET","url":"http:/","invalidateInfo":{"tags":["EAV_FORM_adminhtml_customer_address_FORM","FPC","MAGE"],"mode":"matchingTag"}} []
[2026-05-15T00:26:06.878290+00:00] main.DEBUG: cache_invalidate:  {"method":"GET","url":"http:/","invalidateInfo":{"tags":["EAV_FORM_adminhtml_customer_address_FORM","FPC"],"mode":"matchingTag"}} []
[2026-05-15T00:26:06.878521+00:00] main.DEBUG: cache_invalidate:  {"method":"GET","url":"http:/","invalidateInfo":{"tags":["EAV_FORM_customer_address_edit_FORM","FPC","MAGE"],"mode":"matchingTag"}} []
[2026-05-15T00:26:06.878610+00:00] main.DEBUG: cache_invalidate:  {"method":"GET","url":"http:/","invalidateInfo":{"tags":["EAV_FORM_customer_address_edit_FORM","FPC"],"mode":"matchingTag"}} []
[2026-05-15T00:26:06.878789+00:00] main.DEBUG: cache_invalidate:  {"method":"GET","url":"http:/","invalidateInfo":{"tags":["EAV_FORM_customer_register_address_FORM","FPC","MAGE"],"mode":"matchingTag"}} []
[2026-05-15T00:26:06.878875+00:00] main.DEBUG: cache_invalidate:  {"method":"GET","url":"http:/","invalidateInfo":{"tags":["EAV_FORM_customer_register_address_FORM","FPC"],"mode":"matchingTag"}} []
[2026-05-15T00:26:06.879085+00:00] main.DEBUG: cache_invalidate:  {"method":"GET","url":"http:/","invalidateInfo":{"tags":["EAV_ATTRIBUTE_customer_address_vat_id","FPC","MAGE"],"mode":"matchingTag"}} []
[2026-05-15T00:26:06.879173+00:00] main.DEBUG: cache_invalidate:  {"method":"GET","url":"http:/","invalidateInfo":{"tags":["EAV_ATTRIBUTE_customer_address_vat_id","FPC"],"mode":"matchingTag"}} []
[2026-05-15T00:26:06.881327+00:00] main.DEBUG: cache_invalidate:  {"method":"GET","url":"http:/","invalidateInfo":{"tags":["EAV","MAGE"],"mode":"matchingTag"}} []
[2026-05-15T00:26:06.881948+00:00] main.DEBUG: cache_invalidate:  {"method":"GET","url":"http:/","invalidateInfo":{"tags":["EAV_ATTRIBUTE","MAGE"],"mode":"matchingTag"}} []
[2026-05-15T00:26:06.882106+00:00] main.DEBUG: cache_invalidate:  {"method":"GET","url":"http:/","invalidateInfo":{"tags":["EAV","EAV_ATTRIBUTE"],"mode":"matchingAnyTag"}} []
[2026-05-15T00:26:06.887886+00:00] main.DEBUG: cache_invalidate:  {"method":"GET","url":"http:/","invalidateInfo":{"tags":["EAV","MAGE"],"mode":"matchingTag"}} []
[2026-05-15T00:26:06.888629+00:00] main.DEBUG: cache_invalidate:  {"method":"GET","url":"http:/","invalidateInfo":{"tags":["EAV_ATTRIBUTE","MAGE"],"mode":"matchingTag"}} []
[2026-05-15T00:26:06.888762+00:00] main.DEBUG: cache_invalidate:  {"method":"GET","url":"http:/","invalidateInfo":{"tags":["EAV","EAV_ATTRIBUTE"],"mode":"matchingAnyTag"}} []
[2026-05-15T00:26:06.895931+00:00] main.DEBUG: cache_invalidate:  {"method":"GET","url":"http:/","invalidateInfo":{"tags":["EAV_ATTRIBUTE_21","FPC","MAGE"],"mode":"matchingTag"}} []
[2026-05-15T00:26:06.896150+00:00] main.DEBUG: cache_invalidate:  {"method":"GET","url":"http:/","invalidateInfo":{"tags":["EAV_ATTRIBUTE_21","FPC"],"mode":"matchingTag"}} []
[2026-05-15T00:26:06.896471+00:00] main.DEBUG: cache_invalidate:  {"method":"GET","url":"http:/","invalidateInfo":{"tags":["EAV_ATTRIBUTE_customer_disable_auto_group_change","FPC","MAGE"],"mode":"matchingTag"}} []
[2026-05-15T00:26:06.896627+00:00] main.DEBUG: cache_invalidate:  {"method":"GET","url":"http:/","invalidateInfo":{"tags":["EAV_ATTRIBUTE_customer_disable_auto_group_change","FPC"],"mode":"matchingTag"}} []
[2026-05-15T00:26:06.897646+00:00] main.DEBUG: cache_invalidate:  {"method":"GET","url":"http:/","invalidateInfo":{"tags":["EAV_ATTRIBUTE_36","FPC","MAGE"],"mode":"matchingTag"}} []
[2026-05-15T00:26:06.897825+00:00] main.DEBUG: cache_invalidate:  {"method":"GET","url":"http:/","invalidateInfo":{"tags":["EAV_ATTRIBUTE_36","FPC"],"mode":"matchingTag"}} []
[2026-05-15T00:26:06.898158+00:00] main.DEBUG: cache_invalidate:  {"method":"GET","url":"http:/","invalidateInfo":{"tags":["EAV_ATTRIBUTE_customer_address_vat_id","FPC","MAGE"],"mode":"matchingTag"}} []
[2026-05-15T00:26:06.898257+00:00] main.DEBUG: cache_invalidate:  {"method":"GET","url":"http:/","invalidateInfo":{"tags":["EAV_ATTRIBUTE_customer_address_vat_id","FPC"],"mode":"matchingTag"}} []
[2026-05-15T00:26:06.920514+00:00] main.DEBUG: cache_invalidate:  {"method":"GET","url":"http:/","invalidateInfo":{"tags":["EAV","MAGE"],"mode":"matchingTag"}} []
[2026-05-15T00:26:06.921136+00:00] main.DEBUG: cache_invalidate:  {"method":"GET","url":"http:/","invalidateInfo":{"tags":["EAV_ATTRIBUTE","MAGE"],"mode":"matchingTag"}} []
[2026-05-15T00:26:06.921275+00:00] main.DEBUG: cache_invalidate:  {"method":"GET","url":"http:/","invalidateInfo":{"tags":["EAV","EAV_ATTRIBUTE"],"mode":"matchingAnyTag"}} []
[2026-05-15T00:26:06.922558+00:00] main.DEBUG: cache_invalidate:  {"method":"GET","url":"http:/","invalidateInfo":{"tags":["EAV","MAGE"],"mode":"matchingTag"}} []
[2026-05-15T00:26:06.923098+00:00] main.DEBUG: cache_invalidate:  {"method":"GET","url":"http:/","invalidateInfo":{"tags":["EAV_ATTRIBUTE","MAGE"],"mode":"matchingTag"}} []
[2026-05-15T00:26:06.923233+00:00] main.DEBUG: cache_invalidate:  {"method":"GET","url":"http:/","invalidateInfo":{"tags":["EAV","EAV_ATTRIBUTE"],"mode":"matchingAnyTag"}} []
[2026-05-15T00:26:06.923735+00:00] main.DEBUG: cache_invalidate:  {"method":"GET","url":"http:/","invalidateInfo":{"tags":["EAV","MAGE"],"mode":"matchingTag"}} []
[2026-05-15T00:26:06.924141+00:00] main.DEBUG: cache_invalidate:  {"method":"GET","url":"http:/","invalidateInfo":{"tags":["EAV_ATTRIBUTE","MAGE"],"mode":"matchingTag"}} []
[2026-05-15T00:26:06.924246+00:00] main.DEBUG: cache_invalidate:  {"method":"GET","url":"http:/","invalidateInfo":{"tags":["EAV","EAV_ATTRIBUTE"],"mode":"matchingAnyTag"}} []
[2026-05-15T00:26:06.924708+00:00] main.DEBUG: cache_invalidate:  {"method":"GET","url":"http:/","invalidateInfo":{"tags":["EAV_ATTRIBUTE","MAGE"],"mode":"matchingTag"}} []
[2026-05-15T00:26:06.924806+00:00] main.DEBUG: cache_invalidate:  {"method":"GET","url":"http:/","invalidateInfo":{"tags":["EAV_ATTRIBUTE"],"mode":"matchingAnyTag"}} []
[2026-05-15T00:26:06.926267+00:00] main.DEBUG: cache_invalidate:  {"method":"GET","url":"http:/","invalidateInfo":{"tags":["EAV_ATTRIBUTE_1","FPC","MAGE"],"mode":"matchingTag"}} []
[2026-05-15T00:26:06.926440+00:00] main.DEBUG: cache_invalidate:  {"method":"GET","url":"http:/","invalidateInfo":{"tags":["EAV_ATTRIBUTE_1","FPC"],"mode":"matchingTag"}} []
[2026-05-15T00:26:06.926670+00:00] main.DEBUG: cache_invalidate:  {"method":"GET","url":"http:/","invalidateInfo":{"tags":["EAV_ENTITY_TYPES_CUSTOMER_ENTITY","FPC","MAGE"],"mode":"matchingTag"}} []
[2026-05-15T00:26:06.926778+00:00] main.DEBUG: cache_invalidate:  {"method":"GET","url":"http:/","invalidateInfo":{"tags":["EAV_ENTITY_TYPES_CUSTOMER_ENTITY","FPC"],"mode":"matchingTag"}} []
[2026-05-15T00:26:06.926974+00:00] main.DEBUG: cache_invalidate:  {"method":"GET","url":"http:/","invalidateInfo":{"tags":["EAV_FORM_adminhtml_customer_FORM","FPC","MAGE"],"mode":"matchingTag"}} []
[2026-05-15T00:26:06.927115+00:00] main.DEBUG: cache_invalidate:  {"method":"GET","url":"http:/","invalidateInfo":{"tags":["EAV_FORM_adminhtml_customer_FORM","FPC"],"mode":"matchingTag"}} []
[2026-05-15T00:26:06.927309+00:00] main.DEBUG: cache_invalidate:  {"method":"GET","url":"http:/","invalidateInfo":{"tags":["EAV_ATTRIBUTE_customer_website_id","FPC","MAGE"],"mode":"matchingTag"}} []
[2026-05-15T00:26:06.927405+00:00] main.DEBUG: cache_invalidate:  {"method":"GET","url":"http:/","invalidateInfo":{"tags":["EAV_ATTRIBUTE_customer_website_id","FPC"],"mode":"matchingTag"}} []
[2026-05-15T00:26:06.934403+00:00] main.DEBUG: cache_invalidate:  {"method":"GET","url":"http:/","invalidateInfo":{"tags":["EAV","MAGE"],"mode":"matchingTag"}} []
[2026-05-15T00:26:06.934897+00:00] main.DEBUG: cache_invalidate:  {"method":"GET","url":"http:/","invalidateInfo":{"tags":["EAV_ATTRIBUTE","MAGE"],"mode":"matchingTag"}} []
[2026-05-15T00:26:06.935077+00:00] main.DEBUG: cache_invalidate:  {"method":"GET","url":"http:/","invalidateInfo":{"tags":["EAV","EAV_ATTRIBUTE"],"mode":"matchingAnyTag"}} []
[2026-05-15T00:26:06.936236+00:00] main.DEBUG: cache_invalidate:  {"method":"GET","url":"http:/","invalidateInfo":{"tags":["EAV","MAGE"],"mode":"matchingTag"}} []
[2026-05-15T00:26:06.936684+00:00] main.DEBUG: cache_invalidate:  {"method":"GET","url":"http:/","invalidateInfo":{"tags":["EAV_ATTRIBUTE","MAGE"],"mode":"matchingTag"}} []
[2026-05-15T00:26:06.936844+00:00] main.DEBUG: cache_invalidate:  {"method":"GET","url":"http:/","invalidateInfo":{"tags":["EAV","EAV_ATTRIBUTE"],"mode":"matchingAnyTag"}} []
[2026-05-15T00:26:06.937305+00:00] main.DEBUG: cache_invalidate:  {"method":"GET","url":"http:/","invalidateInfo":{"tags":["EAV","MAGE"],"mode":"matchingTag"}} []
[2026-05-15T00:26:06.937753+00:00] main.DEBUG: cache_invalidate:  {"method":"GET","url":"http:/","invalidateInfo":{"tags":["EAV_ATTRIBUTE","MAGE"],"mode":"matchingTag"}} []
[2026-05-15T00:26:06.937903+00:00] main.DEBUG: cache_invalidate:  {"method":"GET","url":"http:/","invalidateInfo":{"tags":["EAV","EAV_ATTRIBUTE"],"mode":"matchingAnyTag"}} []
[2026-05-15T00:26:06.938413+00:00] main.DEBUG: cache_invalidate:  {"method":"GET","url":"http:/","invalidateInfo":{"tags":["EAV_ATTRIBUTE","MAGE"],"mode":"matchingTag"}} []
[2026-05-15T00:26:06.938566+00:00] main.DEBUG: cache_invalidate:  {"method":"GET","url":"http:/","invalidateInfo":{"tags":["EAV_ATTRIBUTE"],"mode":"matchingAnyTag"}} []
[2026-05-15T00:26:06.940350+00:00] main.DEBUG: cache_invalidate:  {"method":"GET","url":"http:/","invalidateInfo":{"tags":["EAV_ATTRIBUTE_3","FPC","MAGE"],"mode":"matchingTag"}} []
[2026-05-15T00:26:06.940560+00:00] main.DEBUG: cache_invalidate:  {"method":"GET","url":"http:/","invalidateInfo":{"tags":["EAV_ATTRIBUTE_3","FPC"],"mode":"matchingTag"}} []
[2026-05-15T00:26:06.940803+00:00] main.DEBUG: cache_invalidate:  {"method":"GET","url":"http:/","invalidateInfo":{"tags":["EAV_ENTITY_TYPES_CUSTOMER_ENTITY","FPC","MAGE"],"mode":"matchingTag"}} []
[2026-05-15T00:26:06.940906+00:00] main.DEBUG: cache_invalidate:  {"method":"GET","url":"http:/","invalidateInfo":{"tags":["EAV_ENTITY_TYPES_CUSTOMER_ENTITY","FPC"],"mode":"matchingTag"}} []
[2026-05-15T00:26:06.941103+00:00] main.DEBUG: cache_invalidate:  {"method":"GET","url":"http:/","invalidateInfo":{"tags":["EAV_FORM_adminhtml_customer_FORM","FPC","MAGE"],"mode":"matchingTag"}} []
[2026-05-15T00:26:06.941197+00:00] main.DEBUG: cache_invalidate:  {"method":"GET","url":"http:/","invalidateInfo":{"tags":["EAV_FORM_adminhtml_customer_FORM","FPC"],"mode":"matchingTag"}} []
[2026-05-15T00:26:06.941377+00:00] main.DEBUG: cache_invalidate:  {"method":"GET","url":"http:/","invalidateInfo":{"tags":["EAV_ATTRIBUTE_customer_created_in","FPC","MAGE"],"mode":"matchingTag"}} []
[2026-05-15T00:26:06.941468+00:00] main.DEBUG: cache_invalidate:  {"method":"GET","url":"http:/","invalidateInfo":{"tags":["EAV_ATTRIBUTE_customer_created_in","FPC"],"mode":"matchingTag"}} []
[2026-05-15T00:26:06.949916+00:00] main.DEBUG: cache_invalidate:  {"method":"GET","url":"http:/","invalidateInfo":{"tags":["EAV","MAGE"],"mode":"matchingTag"}} []
[2026-05-15T00:26:06.950551+00:00] main.DEBUG: cache_invalidate:  {"method":"GET","url":"http:/","invalidateInfo":{"tags":["EAV_ATTRIBUTE","MAGE"],"mode":"matchingTag"}} []
[2026-05-15T00:26:06.950685+00:00] main.DEBUG: cache_invalidate:  {"method":"GET","url":"http:/","invalidateInfo":{"tags":["EAV","EAV_ATTRIBUTE"],"mode":"matchingAnyTag"}} []
[2026-05-15T00:26:06.951954+00:00] main.DEBUG: cache_invalidate:  {"method":"GET","url":"http:/","invalidateInfo":{"tags":["EAV","MAGE"],"mode":"matchingTag"}} []
[2026-05-15T00:26:06.952773+00:00] main.DEBUG: cache_invalidate:  {"method":"GET","url":"http:/","invalidateInfo":{"tags":["EAV_ATTRIBUTE","MAGE"],"mode":"matchingTag"}} []
[2026-05-15T00:26:06.952929+00:00] main.DEBUG: cache_invalidate:  {"method":"GET","url":"http:/","invalidateInfo":{"tags":["EAV","EAV_ATTRIBUTE"],"mode":"matchingAnyTag"}} []
[2026-05-15T00:26:06.953516+00:00] main.DEBUG: cache_invalidate:  {"method":"GET","url":"http:/","invalidateInfo":{"tags":["EAV","MAGE"],"mode":"matchingTag"}} []
[2026-05-15T00:26:06.953921+00:00] main.DEBUG: cache_invalidate:  {"method":"GET","url":"http:/","invalidateInfo":{"tags":["EAV_ATTRIBUTE","MAGE"],"mode":"matchingTag"}} []
[2026-05-15T00:26:06.954064+00:00] main.DEBUG: cache_invalidate:  {"method":"GET","url":"http:/","invalidateInfo":{"tags":["EAV","EAV_ATTRIBUTE"],"mode":"matchingAnyTag"}} []
[2026-05-15T00:26:06.954579+00:00] main.DEBUG: cache_invalidate:  {"method":"GET","url":"http:/","invalidateInfo":{"tags":["EAV_ATTRIBUTE","MAGE"],"mode":"matchingTag"}} []
[2026-05-15T00:26:06.954700+00:00] main.DEBUG: cache_invalidate:  {"method":"GET","url":"http:/","invalidateInfo":{"tags":["EAV_ATTRIBUTE"],"mode":"matchingAnyTag"}} []
[2026-05-15T00:26:06.956606+00:00] main.DEBUG: cache_invalidate:  {"method":"GET","url":"http:/","invalidateInfo":{"tags":["EAV_ATTRIBUTE_9","FPC","MAGE"],"mode":"matchingTag"}} []
[2026-05-15T00:26:06.956796+00:00] main.DEBUG: cache_invalidate:  {"method":"GET","url":"http:/","invalidateInfo":{"tags":["EAV_ATTRIBUTE_9","FPC"],"mode":"matchingTag"}} []
[2026-05-15T00:26:06.957124+00:00] main.DEBUG: cache_invalidate:  {"method":"GET","url":"http:/","invalidateInfo":{"tags":["EAV_ENTITY_TYPES_CUSTOMER_ENTITY","FPC","MAGE"],"mode":"matchingTag"}} []
[2026-05-15T00:26:06.957249+00:00] main.DEBUG: cache_invalidate:  {"method":"GET","url":"http:/","invalidateInfo":{"tags":["EAV_ENTITY_TYPES_CUSTOMER_ENTITY","FPC"],"mode":"matchingTag"}} []
[2026-05-15T00:26:06.957556+00:00] main.DEBUG: cache_invalidate:  {"method":"GET","url":"http:/","invalidateInfo":{"tags":["EAV_FORM_adminhtml_checkout_FORM","FPC","MAGE"],"mode":"matchingTag"}} []
[2026-05-15T00:26:06.957676+00:00] main.DEBUG: cache_invalidate:  {"method":"GET","url":"http:/","invalidateInfo":{"tags":["EAV_FORM_adminhtml_checkout_FORM","FPC"],"mode":"matchingTag"}} []
[2026-05-15T00:26:06.957960+00:00] main.DEBUG: cache_invalidate:  {"method":"GET","url":"http:/","invalidateInfo":{"tags":["EAV_FORM_adminhtml_customer_FORM","FPC","MAGE"],"mode":"matchingTag"}} []
[2026-05-15T00:26:06.958102+00:00] main.DEBUG: cache_invalidate:  {"method":"GET","url":"http:/","invalidateInfo":{"tags":["EAV_FORM_adminhtml_customer_FORM","FPC"],"mode":"matchingTag"}} []
[2026-05-15T00:26:06.958377+00:00] main.DEBUG: cache_invalidate:  {"method":"GET","url":"http:/","invalidateInfo":{"tags":["EAV_FORM_checkout_register_FORM","FPC","MAGE"],"mode":"matchingTag"}} []
[2026-05-15T00:26:06.958485+00:00] main.DEBUG: cache_invalidate:  {"method":"GET","url":"http:/","invalidateInfo":{"tags":["EAV_FORM_checkout_register_FORM","FPC"],"mode":"matchingTag"}} []
[2026-05-15T00:26:06.958746+00:00] main.DEBUG: cache_invalidate:  {"method":"GET","url":"http:/","invalidateInfo":{"tags":["EAV_FORM_customer_account_create_FORM","FPC","MAGE"],"mode":"matchingTag"}} []
[2026-05-15T00:26:06.958852+00:00] main.DEBUG: cache_invalidate:  {"method":"GET","url":"http:/","invalidateInfo":{"tags":["EAV_FORM_customer_account_create_FORM","FPC"],"mode":"matchingTag"}} []
[2026-05-15T00:26:06.959138+00:00] main.DEBUG: cache_invalidate:  {"method":"GET","url":"http:/","invalidateInfo":{"tags":["EAV_FORM_customer_account_edit_FORM","FPC","MAGE"],"mode":"matchingTag"}} []
[2026-05-15T00:26:06.959246+00:00] main.DEBUG: cache_invalidate:  {"method":"GET","url":"http:/","invalidateInfo":{"tags":["EAV_FORM_customer_account_edit_FORM","FPC"],"mode":"matchingTag"}} []
[2026-05-15T00:26:06.959495+00:00] main.DEBUG: cache_invalidate:  {"method":"GET","url":"http:/","invalidateInfo":{"tags":["EAV_ATTRIBUTE_customer_email","FPC","MAGE"],"mode":"matchingTag"}} []
[2026-05-15T00:26:06.959603+00:00] main.DEBUG: cache_invalidate:  {"method":"GET","url":"http:/","invalidateInfo":{"tags":["EAV_ATTRIBUTE_customer_email","FPC"],"mode":"matchingTag"}} []
[2026-05-15T00:26:06.967266+00:00] main.DEBUG: cache_invalidate:  {"method":"GET","url":"http:/","invalidateInfo":{"tags":["EAV","MAGE"],"mode":"matchingTag"}} []
[2026-05-15T00:26:06.967881+00:00] main.DEBUG: cache_invalidate:  {"method":"GET","url":"http:/","invalidateInfo":{"tags":["EAV_ATTRIBUTE","MAGE"],"mode":"matchingTag"}} []
[2026-05-15T00:26:06.968031+00:00] main.DEBUG: cache_invalidate:  {"method":"GET","url":"http:/","invalidateInfo":{"tags":["EAV","EAV_ATTRIBUTE"],"mode":"matchingAnyTag"}} []
[2026-05-15T00:26:06.969249+00:00] main.DEBUG: cache_invalidate:  {"method":"GET","url":"http:/","invalidateInfo":{"tags":["EAV","MAGE"],"mode":"matchingTag"}} []
[2026-05-15T00:26:06.969768+00:00] main.DEBUG: cache_invalidate:  {"method":"GET","url":"http:/","invalidateInfo":{"tags":["EAV_ATTRIBUTE","MAGE"],"mode":"matchingTag"}} []
[2026-05-15T00:26:06.969899+00:00] main.DEBUG: cache_invalidate:  {"method":"GET","url":"http:/","invalidateInfo":{"tags":["EAV","EAV_ATTRIBUTE"],"mode":"matchingAnyTag"}} []
[2026-05-15T00:26:06.970343+00:00] main.DEBUG: cache_invalidate:  {"method":"GET","url":"http:/","invalidateInfo":{"tags":["EAV","MAGE"],"mode":"matchingTag"}} []
[2026-05-15T00:26:06.970710+00:00] main.DEBUG: cache_invalidate:  {"method":"GET","url":"http:/","invalidateInfo":{"tags":["EAV_ATTRIBUTE","MAGE"],"mode":"matchingTag"}} []
[2026-05-15T00:26:06.970827+00:00] main.DEBUG: cache_invalidate:  {"method":"GET","url":"http:/","invalidateInfo":{"tags":["EAV","EAV_ATTRIBUTE"],"mode":"matchingAnyTag"}} []
[2026-05-15T00:26:06.971274+00:00] main.DEBUG: cache_invalidate:  {"method":"GET","url":"http:/","invalidateInfo":{"tags":["EAV_ATTRIBUTE","MAGE"],"mode":"matchingTag"}} []
[2026-05-15T00:26:06.971392+00:00] main.DEBUG: cache_invalidate:  {"method":"GET","url":"http:/","invalidateInfo":{"tags":["EAV_ATTRIBUTE"],"mode":"matchingAnyTag"}} []
[2026-05-15T00:26:06.972910+00:00] main.DEBUG: cache_invalidate:  {"method":"GET","url":"http:/","invalidateInfo":{"tags":["EAV_ATTRIBUTE_10","FPC","MAGE"],"mode":"matchingTag"}} []
[2026-05-15T00:26:06.973124+00:00] main.DEBUG: cache_invalidate:  {"method":"GET","url":"http:/","invalidateInfo":{"tags":["EAV_ATTRIBUTE_10","FPC"],"mode":"matchingTag"}} []
[2026-05-15T00:26:06.973447+00:00] main.DEBUG: cache_invalidate:  {"method":"GET","url":"http:/","invalidateInfo":{"tags":["EAV_ENTITY_TYPES_CUSTOMER_ENTITY","FPC","MAGE"],"mode":"matchingTag"}} []
[2026-05-15T00:26:06.973594+00:00] main.DEBUG: cache_invalidate:  {"method":"GET","url":"http:/","invalidateInfo":{"tags":["EAV_ENTITY_TYPES_CUSTOMER_ENTITY","FPC"],"mode":"matchingTag"}} []
[2026-05-15T00:26:06.973929+00:00] main.DEBUG: cache_invalidate:  {"method":"GET","url":"http:/","invalidateInfo":{"tags":["EAV_FORM_adminhtml_checkout_FORM","FPC","MAGE"],"mode":"matchingTag"}} []
[2026-05-15T00:26:06.974085+00:00] main.DEBUG: cache_invalidate:  {"method":"GET","url":"http:/","invalidateInfo":{"tags":["EAV_FORM_adminhtml_checkout_FORM","FPC"],"mode":"matchingTag"}} []
[2026-05-15T00:26:06.974417+00:00] main.DEBUG: cache_invalidate:  {"method":"GET","url":"http:/","invalidateInfo":{"tags":["EAV_FORM_adminhtml_customer_FORM","FPC","MAGE"],"mode":"matchingTag"}} []
[2026-05-15T00:26:06.974562+00:00] main.DEBUG: cache_invalidate:  {"method":"GET","url":"http:/","invalidateInfo":{"tags":["EAV_FORM_adminhtml_customer_FORM","FPC"],"mode":"matchingTag"}} []
[2026-05-15T00:26:06.974903+00:00] main.DEBUG: cache_invalidate:  {"method":"GET","url":"http:/","invalidateInfo":{"tags":["EAV_ATTRIBUTE_customer_group_id","FPC","MAGE"],"mode":"matchingTag"}} []
[2026-05-15T00:26:06.975066+00:00] main.DEBUG: cache_invalidate:  {"method":"GET","url":"http:/","invalidateInfo":{"tags":["EAV_ATTRIBUTE_customer_group_id","FPC"],"mode":"matchingTag"}} []
[2026-05-15T00:26:06.982884+00:00] main.DEBUG: cache_invalidate:  {"method":"GET","url":"http:/","invalidateInfo":{"tags":["EAV","MAGE"],"mode":"matchingTag"}} []
[2026-05-15T00:26:06.983513+00:00] main.DEBUG: cache_invalidate:  {"method":"GET","url":"http:/","invalidateInfo":{"tags":["EAV_ATTRIBUTE","MAGE"],"mode":"matchingTag"}} []
[2026-05-15T00:26:06.983671+00:00] main.DEBUG: cache_invalidate:  {"method":"GET","url":"http:/","invalidateInfo":{"tags":["EAV","EAV_ATTRIBUTE"],"mode":"matchingAnyTag"}} []
[2026-05-15T00:26:06.984827+00:00] main.DEBUG: cache_invalidate:  {"method":"GET","url":"http:/","invalidateInfo":{"tags":["EAV","MAGE"],"mode":"matchingTag"}} []
[2026-05-15T00:26:06.985258+00:00] main.DEBUG: cache_invalidate:  {"method":"GET","url":"http:/","invalidateInfo":{"tags":["EAV_ATTRIBUTE","MAGE"],"mode":"matchingTag"}} []
[2026-05-15T00:26:06.985431+00:00] main.DEBUG: cache_invalidate:  {"method":"GET","url":"http:/","invalidateInfo":{"tags":["EAV","EAV_ATTRIBUTE"],"mode":"matchingAnyTag"}} []
[2026-05-15T00:26:06.985876+00:00] main.DEBUG: cache_invalidate:  {"method":"GET","url":"http:/","invalidateInfo":{"tags":["EAV","MAGE"],"mode":"matchingTag"}} []
[2026-05-15T00:26:06.986286+00:00] main.DEBUG: cache_invalidate:  {"method":"GET","url":"http:/","invalidateInfo":{"tags":["EAV_ATTRIBUTE","MAGE"],"mode":"matchingTag"}} []
[2026-05-15T00:26:06.986403+00:00] main.DEBUG: cache_invalidate:  {"method":"GET","url":"http:/","invalidateInfo":{"tags":["EAV","EAV_ATTRIBUTE"],"mode":"matchingAnyTag"}} []
[2026-05-15T00:26:06.986844+00:00] main.DEBUG: cache_invalidate:  {"method":"GET","url":"http:/","invalidateInfo":{"tags":["EAV_ATTRIBUTE","MAGE"],"mode":"matchingTag"}} []
[2026-05-15T00:26:06.986962+00:00] main.DEBUG: cache_invalidate:  {"method":"GET","url":"http:/","invalidateInfo":{"tags":["EAV_ATTRIBUTE"],"mode":"matchingAnyTag"}} []
[2026-05-15T00:26:06.988501+00:00] main.DEBUG: cache_invalidate:  {"method":"GET","url":"http:/","invalidateInfo":{"tags":["EAV_ATTRIBUTE_11","FPC","MAGE"],"mode":"matchingTag"}} []
[2026-05-15T00:26:06.988677+00:00] main.DEBUG: cache_invalidate:  {"method":"GET","url":"http:/","invalidateInfo":{"tags":["EAV_ATTRIBUTE_11","FPC"],"mode":"matchingTag"}} []
[2026-05-15T00:26:06.988973+00:00] main.DEBUG: cache_invalidate:  {"method":"GET","url":"http:/","invalidateInfo":{"tags":["EAV_ENTITY_TYPES_CUSTOMER_ENTITY","FPC","MAGE"],"mode":"matchingTag"}} []
[2026-05-15T00:26:06.989109+00:00] main.DEBUG: cache_invalidate:  {"method":"GET","url":"http:/","invalidateInfo":{"tags":["EAV_ENTITY_TYPES_CUSTOMER_ENTITY","FPC"],"mode":"matchingTag"}} []
[2026-05-15T00:26:06.989414+00:00] main.DEBUG: cache_invalidate:  {"method":"GET","url":"http:/","invalidateInfo":{"tags":["EAV_FORM_adminhtml_checkout_FORM","FPC","MAGE"],"mode":"matchingTag"}} []
[2026-05-15T00:26:06.989560+00:00] main.DEBUG: cache_invalidate:  {"method":"GET","url":"http:/","invalidateInfo":{"tags":["EAV_FORM_adminhtml_checkout_FORM","FPC"],"mode":"matchingTag"}} []
[2026-05-15T00:26:06.989875+00:00] main.DEBUG: cache_invalidate:  {"method":"GET","url":"http:/","invalidateInfo":{"tags":["EAV_FORM_adminhtml_customer_FORM","FPC","MAGE"],"mode":"matchingTag"}} []
[2026-05-15T00:26:06.990029+00:00] main.DEBUG: cache_invalidate:  {"method":"GET","url":"http:/","invalidateInfo":{"tags":["EAV_FORM_adminhtml_customer_FORM","FPC"],"mode":"matchingTag"}} []
[2026-05-15T00:26:06.990297+00:00] main.DEBUG: cache_invalidate:  {"method":"GET","url":"http:/","invalidateInfo":{"tags":["EAV_FORM_checkout_register_FORM","FPC","MAGE"],"mode":"matchingTag"}} []
[2026-05-15T00:26:06.990468+00:00] main.DEBUG: cache_invalidate:  {"method":"GET","url":"http:/","invalidateInfo":{"tags":["EAV_FORM_checkout_register_FORM","FPC"],"mode":"matchingTag"}} []
[2026-05-15T00:26:06.990781+00:00] main.DEBUG: cache_invalidate:  {"method":"GET","url":"http:/","invalidateInfo":{"tags":["EAV_FORM_customer_account_create_FORM","FPC","MAGE"],"mode":"matchingTag"}} []
[2026-05-15T00:26:06.990926+00:00] main.DEBUG: cache_invalidate:  {"method":"GET","url":"http:/","invalidateInfo":{"tags":["EAV_FORM_customer_account_create_FORM","FPC"],"mode":"matchingTag"}} []
[2026-05-15T00:26:06.991216+00:00] main.DEBUG: cache_invalidate:  {"method":"GET","url":"http:/","invalidateInfo":{"tags":["EAV_FORM_customer_account_edit_FORM","FPC","MAGE"],"mode":"matchingTag"}} []
[2026-05-15T00:26:06.991338+00:00] main.DEBUG: cache_invalidate:  {"method":"GET","url":"http:/","invalidateInfo":{"tags":["EAV_FORM_customer_account_edit_FORM","FPC"],"mode":"matchingTag"}} []
[2026-05-15T00:26:06.991595+00:00] main.DEBUG: cache_invalidate:  {"method":"GET","url":"http:/","invalidateInfo":{"tags":["EAV_ATTRIBUTE_customer_dob","FPC","MAGE"],"mode":"matchingTag"}} []
[2026-05-15T00:26:06.991704+00:00] main.DEBUG: cache_invalidate:  {"method":"GET","url":"http:/","invalidateInfo":{"tags":["EAV_ATTRIBUTE_customer_dob","FPC"],"mode":"matchingTag"}} []
[2026-05-15T00:26:06.999070+00:00] main.DEBUG: cache_invalidate:  {"method":"GET","url":"http:/","invalidateInfo":{"tags":["EAV","MAGE"],"mode":"matchingTag"}} []
[2026-05-15T00:26:06.999774+00:00] main.DEBUG: cache_invalidate:  {"method":"GET","url":"http:/","invalidateInfo":{"tags":["EAV_ATTRIBUTE","MAGE"],"mode":"matchingTag"}} []
[2026-05-15T00:26:06.999922+00:00] main.DEBUG: cache_invalidate:  {"method":"GET","url":"http:/","invalidateInfo":{"tags":["EAV","EAV_ATTRIBUTE"],"mode":"matchingAnyTag"}} []
[2026-05-15T00:26:07.001273+00:00] main.DEBUG: cache_invalidate:  {"method":"GET","url":"http:/","invalidateInfo":{"tags":["EAV","MAGE"],"mode":"matchingTag"}} []
[2026-05-15T00:26:07.001900+00:00] main.DEBUG: cache_invalidate:  {"method":"GET","url":"http:/","invalidateInfo":{"tags":["EAV_ATTRIBUTE","MAGE"],"mode":"matchingTag"}} []
[2026-05-15T00:26:07.002057+00:00] main.DEBUG: cache_invalidate:  {"method":"GET","url":"http:/","invalidateInfo":{"tags":["EAV","EAV_ATTRIBUTE"],"mode":"matchingAnyTag"}} []
[2026-05-15T00:26:07.002547+00:00] main.DEBUG: cache_invalidate:  {"method":"GET","url":"http:/","invalidateInfo":{"tags":["EAV","MAGE"],"mode":"matchingTag"}} []
[2026-05-15T00:26:07.002975+00:00] main.DEBUG: cache_invalidate:  {"method":"GET","url":"http:/","invalidateInfo":{"tags":["EAV_ATTRIBUTE","MAGE"],"mode":"matchingTag"}} []
[2026-05-15T00:26:07.003113+00:00] main.DEBUG: cache_invalidate:  {"method":"GET","url":"http:/","invalidateInfo":{"tags":["EAV","EAV_ATTRIBUTE"],"mode":"matchingAnyTag"}} []
[2026-05-15T00:26:07.003624+00:00] main.DEBUG: cache_invalidate:  {"method":"GET","url":"http:/","invalidateInfo":{"tags":["EAV_ATTRIBUTE","MAGE"],"mode":"matchingTag"}} []
[2026-05-15T00:26:07.003742+00:00] main.DEBUG: cache_invalidate:  {"method":"GET","url":"http:/","invalidateInfo":{"tags":["EAV_ATTRIBUTE"],"mode":"matchingAnyTag"}} []
[2026-05-15T00:26:07.005246+00:00] main.DEBUG: cache_invalidate:  {"method":"GET","url":"http:/","invalidateInfo":{"tags":["EAV_ATTRIBUTE_17","FPC","MAGE"],"mode":"matchingTag"}} []
[2026-05-15T00:26:07.005417+00:00] main.DEBUG: cache_invalidate:  {"method":"GET","url":"http:/","invalidateInfo":{"tags":["EAV_ATTRIBUTE_17","FPC"],"mode":"matchingTag"}} []
[2026-05-15T00:26:07.005698+00:00] main.DEBUG: cache_invalidate:  {"method":"GET","url":"http:/","invalidateInfo":{"tags":["EAV_ENTITY_TYPES_CUSTOMER_ENTITY","FPC","MAGE"],"mode":"matchingTag"}} []
[2026-05-15T00:26:07.005814+00:00] main.DEBUG: cache_invalidate:  {"method":"GET","url":"http:/","invalidateInfo":{"tags":["EAV_ENTITY_TYPES_CUSTOMER_ENTITY","FPC"],"mode":"matchingTag"}} []
[2026-05-15T00:26:07.006067+00:00] main.DEBUG: cache_invalidate:  {"method":"GET","url":"http:/","invalidateInfo":{"tags":["EAV_FORM_adminhtml_checkout_FORM","FPC","MAGE"],"mode":"matchingTag"}} []
[2026-05-15T00:26:07.006192+00:00] main.DEBUG: cache_invalidate:  {"method":"GET","url":"http:/","invalidateInfo":{"tags":["EAV_FORM_adminhtml_checkout_FORM","FPC"],"mode":"matchingTag"}} []
[2026-05-15T00:26:07.006453+00:00] main.DEBUG: cache_invalidate:  {"method":"GET","url":"http:/","invalidateInfo":{"tags":["EAV_FORM_adminhtml_customer_FORM","FPC","MAGE"],"mode":"matchingTag"}} []
[2026-05-15T00:26:07.006561+00:00] main.DEBUG: cache_invalidate:  {"method":"GET","url":"http:/","invalidateInfo":{"tags":["EAV_FORM_adminhtml_customer_FORM","FPC"],"mode":"matchingTag"}} []
[2026-05-15T00:26:07.006789+00:00] main.DEBUG: cache_invalidate:  {"method":"GET","url":"http:/","invalidateInfo":{"tags":["EAV_FORM_checkout_register_FORM","FPC","MAGE"],"mode":"matchingTag"}} []
[2026-05-15T00:26:07.006897+00:00] main.DEBUG: cache_invalidate:  {"method":"GET","url":"http:/","invalidateInfo":{"tags":["EAV_FORM_checkout_register_FORM","FPC"],"mode":"matchingTag"}} []
[2026-05-15T00:26:07.007164+00:00] main.DEBUG: cache_invalidate:  {"method":"GET","url":"http:/","invalidateInfo":{"tags":["EAV_FORM_customer_account_create_FORM","FPC","MAGE"],"mode":"matchingTag"}} []
[2026-05-15T00:26:07.007269+00:00] main.DEBUG: cache_invalidate:  {"method":"GET","url":"http:/","invalidateInfo":{"tags":["EAV_FORM_customer_account_create_FORM","FPC"],"mode":"matchingTag"}} []
[2026-05-15T00:26:07.007519+00:00] main.DEBUG: cache_invalidate:  {"method":"GET","url":"http:/","invalidateInfo":{"tags":["EAV_FORM_customer_account_edit_FORM","FPC","MAGE"],"mode":"matchingTag"}} []
[2026-05-15T00:26:07.007623+00:00] main.DEBUG: cache_invalidate:  {"method":"GET","url":"http:/","invalidateInfo":{"tags":["EAV_FORM_customer_account_edit_FORM","FPC"],"mode":"matchingTag"}} []
[2026-05-15T00:26:07.007879+00:00] main.DEBUG: cache_invalidate:  {"method":"GET","url":"http:/","invalidateInfo":{"tags":["EAV_ATTRIBUTE_customer_taxvat","FPC","MAGE"],"mode":"matchingTag"}} []
[2026-05-15T00:26:07.008023+00:00] main.DEBUG: cache_invalidate:  {"method":"GET","url":"http:/","invalidateInfo":{"tags":["EAV_ATTRIBUTE_customer_taxvat","FPC"],"mode":"matchingTag"}} []
[2026-05-15T00:26:07.015282+00:00] main.DEBUG: cache_invalidate:  {"method":"GET","url":"http:/","invalidateInfo":{"tags":["EAV","MAGE"],"mode":"matchingTag"}} []
[2026-05-15T00:26:07.015822+00:00] main.DEBUG: cache_invalidate:  {"method":"GET","url":"http:/","invalidateInfo":{"tags":["EAV_ATTRIBUTE","MAGE"],"mode":"matchingTag"}} []
[2026-05-15T00:26:07.015954+00:00] main.DEBUG: cache_invalidate:  {"method":"GET","url":"http:/","invalidateInfo":{"tags":["EAV","EAV_ATTRIBUTE"],"mode":"matchingAnyTag"}} []
[2026-05-15T00:26:07.017095+00:00] main.DEBUG: cache_invalidate:  {"method":"GET","url":"http:/","invalidateInfo":{"tags":["EAV","MAGE"],"mode":"matchingTag"}} []
[2026-05-15T00:26:07.017778+00:00] main.DEBUG: cache_invalidate:  {"method":"GET","url":"http:/","invalidateInfo":{"tags":["EAV_ATTRIBUTE","MAGE"],"mode":"matchingTag"}} []
[2026-05-15T00:26:07.017931+00:00] main.DEBUG: cache_invalidate:  {"method":"GET","url":"http:/","invalidateInfo":{"tags":["EAV","EAV_ATTRIBUTE"],"mode":"matchingAnyTag"}} []
[2026-05-15T00:26:07.018447+00:00] main.DEBUG: cache_invalidate:  {"method":"GET","url":"http:/","invalidateInfo":{"tags":["EAV","MAGE"],"mode":"matchingTag"}} []
[2026-05-15T00:26:07.018882+00:00] main.DEBUG: cache_invalidate:  {"method":"GET","url":"http:/","invalidateInfo":{"tags":["EAV_ATTRIBUTE","MAGE"],"mode":"matchingTag"}} []
[2026-05-15T00:26:07.019001+00:00] main.DEBUG: cache_invalidate:  {"method":"GET","url":"http:/","invalidateInfo":{"tags":["EAV","EAV_ATTRIBUTE"],"mode":"matchingAnyTag"}} []
[2026-05-15T00:26:07.019531+00:00] main.DEBUG: cache_invalidate:  {"method":"GET","url":"http:/","invalidateInfo":{"tags":["EAV_ATTRIBUTE","MAGE"],"mode":"matchingTag"}} []
[2026-05-15T00:26:07.019648+00:00] main.DEBUG: cache_invalidate:  {"method":"GET","url":"http:/","invalidateInfo":{"tags":["EAV_ATTRIBUTE"],"mode":"matchingAnyTag"}} []
[2026-05-15T00:26:07.021124+00:00] main.DEBUG: cache_invalidate:  {"method":"GET","url":"http:/","invalidateInfo":{"tags":["EAV_ATTRIBUTE_18","FPC","MAGE"],"mode":"matchingTag"}} []
[2026-05-15T00:26:07.021297+00:00] main.DEBUG: cache_invalidate:  {"method":"GET","url":"http:/","invalidateInfo":{"tags":["EAV_ATTRIBUTE_18","FPC"],"mode":"matchingTag"}} []
[2026-05-15T00:26:07.021581+00:00] main.DEBUG: cache_invalidate:  {"method":"GET","url":"http:/","invalidateInfo":{"tags":["EAV_ENTITY_TYPES_CUSTOMER_ENTITY","FPC","MAGE"],"mode":"matchingTag"}} []
[2026-05-15T00:26:07.021699+00:00] main.DEBUG: cache_invalidate:  {"method":"GET","url":"http:/","invalidateInfo":{"tags":["EAV_ENTITY_TYPES_CUSTOMER_ENTITY","FPC"],"mode":"matchingTag"}} []
[2026-05-15T00:26:07.021956+00:00] main.DEBUG: cache_invalidate:  {"method":"GET","url":"http:/","invalidateInfo":{"tags":["EAV_ATTRIBUTE_customer_confirmation","FPC","MAGE"],"mode":"matchingTag"}} []
[2026-05-15T00:26:07.022109+00:00] main.DEBUG: cache_invalidate:  {"method":"GET","url":"http:/","invalidateInfo":{"tags":["EAV_ATTRIBUTE_customer_confirmation","FPC"],"mode":"matchingTag"}} []
[2026-05-15T00:26:07.029465+00:00] main.DEBUG: cache_invalidate:  {"method":"GET","url":"http:/","invalidateInfo":{"tags":["EAV","MAGE"],"mode":"matchingTag"}} []
[2026-05-15T00:26:07.030083+00:00] main.DEBUG: cache_invalidate:  {"method":"GET","url":"http:/","invalidateInfo":{"tags":["EAV_ATTRIBUTE","MAGE"],"mode":"matchingTag"}} []
[2026-05-15T00:26:07.030234+00:00] main.DEBUG: cache_invalidate:  {"method":"GET","url":"http:/","invalidateInfo":{"tags":["EAV","EAV_ATTRIBUTE"],"mode":"matchingAnyTag"}} []
[2026-05-15T00:26:07.031552+00:00] main.DEBUG: cache_invalidate:  {"method":"GET","url":"http:/","invalidateInfo":{"tags":["EAV","MAGE"],"mode":"matchingTag"}} []
[2026-05-15T00:26:07.032126+00:00] main.DEBUG: cache_invalidate:  {"method":"GET","url":"http:/","invalidateInfo":{"tags":["EAV_ATTRIBUTE","MAGE"],"mode":"matchingTag"}} []
[2026-05-15T00:26:07.032273+00:00] main.DEBUG: cache_invalidate:  {"method":"GET","url":"http:/","invalidateInfo":{"tags":["EAV","EAV_ATTRIBUTE"],"mode":"matchingAnyTag"}} []
[2026-05-15T00:26:07.032771+00:00] main.DEBUG: cache_invalidate:  {"method":"GET","url":"http:/","invalidateInfo":{"tags":["EAV","MAGE"],"mode":"matchingTag"}} []
[2026-05-15T00:26:07.033278+00:00] main.DEBUG: cache_invalidate:  {"method":"GET","url":"http:/","invalidateInfo":{"tags":["EAV_ATTRIBUTE","MAGE"],"mode":"matchingTag"}} []
[2026-05-15T00:26:07.033407+00:00] main.DEBUG: cache_invalidate:  {"method":"GET","url":"http:/","invalidateInfo":{"tags":["EAV","EAV_ATTRIBUTE"],"mode":"matchingAnyTag"}} []
[2026-05-15T00:26:07.033892+00:00] main.DEBUG: cache_invalidate:  {"method":"GET","url":"http:/","invalidateInfo":{"tags":["EAV_ATTRIBUTE","MAGE"],"mode":"matchingTag"}} []
[2026-05-15T00:26:07.034024+00:00] main.DEBUG: cache_invalidate:  {"method":"GET","url":"http:/","invalidateInfo":{"tags":["EAV_ATTRIBUTE"],"mode":"matchingAnyTag"}} []
[2026-05-15T00:26:07.035470+00:00] main.DEBUG: cache_invalidate:  {"method":"GET","url":"http:/","invalidateInfo":{"tags":["EAV_ATTRIBUTE_19","FPC","MAGE"],"mode":"matchingTag"}} []
[2026-05-15T00:26:07.035644+00:00] main.DEBUG: cache_invalidate:  {"method":"GET","url":"http:/","invalidateInfo":{"tags":["EAV_ATTRIBUTE_19","FPC"],"mode":"matchingTag"}} []
[2026-05-15T00:26:07.035921+00:00] main.DEBUG: cache_invalidate:  {"method":"GET","url":"http:/","invalidateInfo":{"tags":["EAV_ENTITY_TYPES_CUSTOMER_ENTITY","FPC","MAGE"],"mode":"matchingTag"}} []
[2026-05-15T00:26:07.036086+00:00] main.DEBUG: cache_invalidate:  {"method":"GET","url":"http:/","invalidateInfo":{"tags":["EAV_ENTITY_TYPES_CUSTOMER_ENTITY","FPC"],"mode":"matchingTag"}} []
[2026-05-15T00:26:07.036354+00:00] main.DEBUG: cache_invalidate:  {"method":"GET","url":"http:/","invalidateInfo":{"tags":["EAV_FORM_adminhtml_customer_FORM","FPC","MAGE"],"mode":"matchingTag"}} []
[2026-05-15T00:26:07.036496+00:00] main.DEBUG: cache_invalidate:  {"method":"GET","url":"http:/","invalidateInfo":{"tags":["EAV_FORM_adminhtml_customer_FORM","FPC"],"mode":"matchingTag"}} []
[2026-05-15T00:26:07.036792+00:00] main.DEBUG: cache_invalidate:  {"method":"GET","url":"http:/","invalidateInfo":{"tags":["EAV_FORM_checkout_register_FORM","FPC","MAGE"],"mode":"matchingTag"}} []
[2026-05-15T00:26:07.036962+00:00] main.DEBUG: cache_invalidate:  {"method":"GET","url":"http:/","invalidateInfo":{"tags":["EAV_FORM_checkout_register_FORM","FPC"],"mode":"matchingTag"}} []
[2026-05-15T00:26:07.037208+00:00] main.DEBUG: cache_invalidate:  {"method":"GET","url":"http:/","invalidateInfo":{"tags":["EAV_FORM_customer_account_create_FORM","FPC","MAGE"],"mode":"matchingTag"}} []
[2026-05-15T00:26:07.037302+00:00] main.DEBUG: cache_invalidate:  {"method":"GET","url":"http:/","invalidateInfo":{"tags":["EAV_FORM_customer_account_create_FORM","FPC"],"mode":"matchingTag"}} []
[2026-05-15T00:26:07.037493+00:00] main.DEBUG: cache_invalidate:  {"method":"GET","url":"http:/","invalidateInfo":{"tags":["EAV_FORM_customer_account_edit_FORM","FPC","MAGE"],"mode":"matchingTag"}} []
[2026-05-15T00:26:07.037638+00:00] main.DEBUG: cache_invalidate:  {"method":"GET","url":"http:/","invalidateInfo":{"tags":["EAV_FORM_customer_account_edit_FORM","FPC"],"mode":"matchingTag"}} []
[2026-05-15T00:26:07.037921+00:00] main.DEBUG: cache_invalidate:  {"method":"GET","url":"http:/","invalidateInfo":{"tags":["EAV_ATTRIBUTE_customer_created_at","FPC","MAGE"],"mode":"matchingTag"}} []
[2026-05-15T00:26:07.038061+00:00] main.DEBUG: cache_invalidate:  {"method":"GET","url":"http:/","invalidateInfo":{"tags":["EAV_ATTRIBUTE_customer_created_at","FPC"],"mode":"matchingTag"}} []
[2026-05-15T00:26:07.045830+00:00] main.DEBUG: cache_invalidate:  {"method":"GET","url":"http:/","invalidateInfo":{"tags":["EAV","MAGE"],"mode":"matchingTag"}} []
[2026-05-15T00:26:07.046534+00:00] main.DEBUG: cache_invalidate:  {"method":"GET","url":"http:/","invalidateInfo":{"tags":["EAV_ATTRIBUTE","MAGE"],"mode":"matchingTag"}} []
[2026-05-15T00:26:07.046673+00:00] main.DEBUG: cache_invalidate:  {"method":"GET","url":"http:/","invalidateInfo":{"tags":["EAV","EAV_ATTRIBUTE"],"mode":"matchingAnyTag"}} []
[2026-05-15T00:26:07.048172+00:00] main.DEBUG: cache_invalidate:  {"method":"GET","url":"http:/","invalidateInfo":{"tags":["EAV","MAGE"],"mode":"matchingTag"}} []
[2026-05-15T00:26:07.048713+00:00] main.DEBUG: cache_invalidate:  {"method":"GET","url":"http:/","invalidateInfo":{"tags":["EAV_ATTRIBUTE","MAGE"],"mode":"matchingTag"}} []
[2026-05-15T00:26:07.048827+00:00] main.DEBUG: cache_invalidate:  {"method":"GET","url":"http:/","invalidateInfo":{"tags":["EAV","EAV_ATTRIBUTE"],"mode":"matchingAnyTag"}} []
[2026-05-15T00:26:07.049359+00:00] main.DEBUG: cache_invalidate:  {"method":"GET","url":"http:/","invalidateInfo":{"tags":["EAV","MAGE"],"mode":"matchingTag"}} []
[2026-05-15T00:26:07.049801+00:00] main.DEBUG: cache_invalidate:  {"method":"GET","url":"http:/","invalidateInfo":{"tags":["EAV_ATTRIBUTE","MAGE"],"mode":"matchingTag"}} []
[2026-05-15T00:26:07.049904+00:00] main.DEBUG: cache_invalidate:  {"method":"GET","url":"http:/","invalidateInfo":{"tags":["EAV","EAV_ATTRIBUTE"],"mode":"matchingAnyTag"}} []
[2026-05-15T00:26:07.050485+00:00] main.DEBUG: cache_invalidate:  {"method":"GET","url":"http:/","invalidateInfo":{"tags":["EAV_ATTRIBUTE","MAGE"],"mode":"matchingTag"}} []
[2026-05-15T00:26:07.050592+00:00] main.DEBUG: cache_invalidate:  {"method":"GET","url":"http:/","invalidateInfo":{"tags":["EAV_ATTRIBUTE"],"mode":"matchingAnyTag"}} []
[2026-05-15T00:26:07.052180+00:00] main.DEBUG: cache_invalidate:  {"method":"GET","url":"http:/","invalidateInfo":{"tags":["EAV_ATTRIBUTE_20","FPC","MAGE"],"mode":"matchingTag"}} []
[2026-05-15T00:26:07.052350+00:00] main.DEBUG: cache_invalidate:  {"method":"GET","url":"http:/","invalidateInfo":{"tags":["EAV_ATTRIBUTE_20","FPC"],"mode":"matchingTag"}} []
[2026-05-15T00:26:07.052667+00:00] main.DEBUG: cache_invalidate:  {"method":"GET","url":"http:/","invalidateInfo":{"tags":["EAV_ENTITY_TYPES_CUSTOMER_ENTITY","FPC","MAGE"],"mode":"matchingTag"}} []
[2026-05-15T00:26:07.052814+00:00] main.DEBUG: cache_invalidate:  {"method":"GET","url":"http:/","invalidateInfo":{"tags":["EAV_ENTITY_TYPES_CUSTOMER_ENTITY","FPC"],"mode":"matchingTag"}} []
[2026-05-15T00:26:07.053045+00:00] main.DEBUG: cache_invalidate:  {"method":"GET","url":"http:/","invalidateInfo":{"tags":["EAV_FORM_adminhtml_checkout_FORM","FPC","MAGE"],"mode":"matchingTag"}} []
[2026-05-15T00:26:07.053150+00:00] main.DEBUG: cache_invalidate:  {"method":"GET","url":"http:/","invalidateInfo":{"tags":["EAV_FORM_adminhtml_checkout_FORM","FPC"],"mode":"matchingTag"}} []
[2026-05-15T00:26:07.053420+00:00] main.DEBUG: cache_invalidate:  {"method":"GET","url":"http:/","invalidateInfo":{"tags":["EAV_FORM_adminhtml_customer_FORM","FPC","MAGE"],"mode":"matchingTag"}} []
[2026-05-15T00:26:07.053550+00:00] main.DEBUG: cache_invalidate:  {"method":"GET","url":"http:/","invalidateInfo":{"tags":["EAV_FORM_adminhtml_customer_FORM","FPC"],"mode":"matchingTag"}} []
[2026-05-15T00:26:07.053824+00:00] main.DEBUG: cache_invalidate:  {"method":"GET","url":"http:/","invalidateInfo":{"tags":["EAV_FORM_checkout_register_FORM","FPC","MAGE"],"mode":"matchingTag"}} []
[2026-05-15T00:26:07.053954+00:00] main.DEBUG: cache_invalidate:  {"method":"GET","url":"http:/","invalidateInfo":{"tags":["EAV_FORM_checkout_register_FORM","FPC"],"mode":"matchingTag"}} []
[2026-05-15T00:26:07.054224+00:00] main.DEBUG: cache_invalidate:  {"method":"GET","url":"http:/","invalidateInfo":{"tags":["EAV_FORM_customer_account_create_FORM","FPC","MAGE"],"mode":"matchingTag"}} []
[2026-05-15T00:26:07.054326+00:00] main.DEBUG: cache_invalidate:  {"method":"GET","url":"http:/","invalidateInfo":{"tags":["EAV_FORM_customer_account_create_FORM","FPC"],"mode":"matchingTag"}} []
[2026-05-15T00:26:07.054554+00:00] main.DEBUG: cache_invalidate:  {"method":"GET","url":"http:/","invalidateInfo":{"tags":["EAV_FORM_customer_account_edit_FORM","FPC","MAGE"],"mode":"matchingTag"}} []
[2026-05-15T00:26:07.054645+00:00] main.DEBUG: cache_invalidate:  {"method":"GET","url":"http:/","invalidateInfo":{"tags":["EAV_FORM_customer_account_edit_FORM","FPC"],"mode":"matchingTag"}} []
[2026-05-15T00:26:07.054826+00:00] main.DEBUG: cache_invalidate:  {"method":"GET","url":"http:/","invalidateInfo":{"tags":["EAV_ATTRIBUTE_customer_gender","FPC","MAGE"],"mode":"matchingTag"}} []
[2026-05-15T00:26:07.054914+00:00] main.DEBUG: cache_invalidate:  {"method":"GET","url":"http:/","invalidateInfo":{"tags":["EAV_ATTRIBUTE_customer_gender","FPC"],"mode":"matchingTag"}} []
[2026-05-15T00:26:07.092926+00:00] main.DEBUG: cache_invalidate:  {"method":"GET","url":"http:/","invalidateInfo":{"tags":["EAV","MAGE"],"mode":"matchingTag"}} []
[2026-05-15T00:26:07.093758+00:00] main.DEBUG: cache_invalidate:  {"method":"GET","url":"http:/","invalidateInfo":{"tags":["EAV_ATTRIBUTE","MAGE"],"mode":"matchingTag"}} []
[2026-05-15T00:26:07.093916+00:00] main.DEBUG: cache_invalidate:  {"method":"GET","url":"http:/","invalidateInfo":{"tags":["EAV","EAV_ATTRIBUTE"],"mode":"matchingAnyTag"}} []
[2026-05-15T00:26:07.095264+00:00] main.DEBUG: cache_invalidate:  {"method":"GET","url":"http:/","invalidateInfo":{"tags":["EAV","MAGE"],"mode":"matchingTag"}} []
[2026-05-15T00:26:07.095991+00:00] main.DEBUG: cache_invalidate:  {"method":"GET","url":"http:/","invalidateInfo":{"tags":["EAV_ATTRIBUTE","MAGE"],"mode":"matchingTag"}} []
[2026-05-15T00:26:07.096198+00:00] main.DEBUG: cache_invalidate:  {"method":"GET","url":"http:/","invalidateInfo":{"tags":["EAV","EAV_ATTRIBUTE"],"mode":"matchingAnyTag"}} []
[2026-05-15T00:26:07.096726+00:00] main.DEBUG: cache_invalidate:  {"method":"GET","url":"http:/","invalidateInfo":{"tags":["EAV","MAGE"],"mode":"matchingTag"}} []
[2026-05-15T00:26:07.097234+00:00] main.DEBUG: cache_invalidate:  {"method":"GET","url":"http:/","invalidateInfo":{"tags":["EAV_ATTRIBUTE","MAGE"],"mode":"matchingTag"}} []
[2026-05-15T00:26:07.097358+00:00] main.DEBUG: cache_invalidate:  {"method":"GET","url":"http:/","invalidateInfo":{"tags":["EAV","EAV_ATTRIBUTE"],"mode":"matchingAnyTag"}} []
[2026-05-15T00:26:07.097848+00:00] main.DEBUG: cache_invalidate:  {"method":"GET","url":"http:/","invalidateInfo":{"tags":["EAV_ATTRIBUTE","MAGE"],"mode":"matchingTag"}} []
[2026-05-15T00:26:07.097950+00:00] main.DEBUG: cache_invalidate:  {"method":"GET","url":"http:/","invalidateInfo":{"tags":["EAV_ATTRIBUTE"],"mode":"matchingAnyTag"}} []
[2026-05-15T00:26:07.099534+00:00] main.DEBUG: cache_invalidate:  {"method":"GET","url":"http:/","invalidateInfo":{"tags":["EAV_ATTRIBUTE_27","FPC","MAGE"],"mode":"matchingTag"}} []
[2026-05-15T00:26:07.099689+00:00] main.DEBUG: cache_invalidate:  {"method":"GET","url":"http:/","invalidateInfo":{"tags":["EAV_ATTRIBUTE_27","FPC"],"mode":"matchingTag"}} []
[2026-05-15T00:26:07.099952+00:00] main.DEBUG: cache_invalidate:  {"method":"GET","url":"http:/","invalidateInfo":{"tags":["EAV_ENTITY_TYPES_CUSTOMER_ADDRESS_ENTITY","FPC","MAGE"],"mode":"matchingTag"}} []
[2026-05-15T00:26:07.100095+00:00] main.DEBUG: cache_invalidate:  {"method":"GET","url":"http:/","invalidateInfo":{"tags":["EAV_ENTITY_TYPES_CUSTOMER_ADDRESS_ENTITY","FPC"],"mode":"matchingTag"}} []
[2026-05-15T00:26:07.100366+00:00] main.DEBUG: cache_invalidate:  {"method":"GET","url":"http:/","invalidateInfo":{"tags":["EAV_FORM_adminhtml_customer_address_FORM","FPC","MAGE"],"mode":"matchingTag"}} []
[2026-05-15T00:26:07.100460+00:00] main.DEBUG: cache_invalidate:  {"method":"GET","url":"http:/","invalidateInfo":{"tags":["EAV_FORM_adminhtml_customer_address_FORM","FPC"],"mode":"matchingTag"}} []
[2026-05-15T00:26:07.100672+00:00] main.DEBUG: cache_invalidate:  {"method":"GET","url":"http:/","invalidateInfo":{"tags":["EAV_FORM_customer_address_edit_FORM","FPC","MAGE"],"mode":"matchingTag"}} []
[2026-05-15T00:26:07.100814+00:00] main.DEBUG: cache_invalidate:  {"method":"GET","url":"http:/","invalidateInfo":{"tags":["EAV_FORM_customer_address_edit_FORM","FPC"],"mode":"matchingTag"}} []
[2026-05-15T00:26:07.101128+00:00] main.DEBUG: cache_invalidate:  {"method":"GET","url":"http:/","invalidateInfo":{"tags":["EAV_FORM_customer_register_address_FORM","FPC","MAGE"],"mode":"matchingTag"}} []
[2026-05-15T00:26:07.101257+00:00] main.DEBUG: cache_invalidate:  {"method":"GET","url":"http:/","invalidateInfo":{"tags":["EAV_FORM_customer_register_address_FORM","FPC"],"mode":"matchingTag"}} []
[2026-05-15T00:26:07.101567+00:00] main.DEBUG: cache_invalidate:  {"method":"GET","url":"http:/","invalidateInfo":{"tags":["EAV_ATTRIBUTE_customer_address_company","FPC","MAGE"],"mode":"matchingTag"}} []
[2026-05-15T00:26:07.101697+00:00] main.DEBUG: cache_invalidate:  {"method":"GET","url":"http:/","invalidateInfo":{"tags":["EAV_ATTRIBUTE_customer_address_company","FPC"],"mode":"matchingTag"}} []
[2026-05-15T00:26:07.109255+00:00] main.DEBUG: cache_invalidate:  {"method":"GET","url":"http:/","invalidateInfo":{"tags":["EAV","MAGE"],"mode":"matchingTag"}} []
[2026-05-15T00:26:07.109922+00:00] main.DEBUG: cache_invalidate:  {"method":"GET","url":"http:/","invalidateInfo":{"tags":["EAV_ATTRIBUTE","MAGE"],"mode":"matchingTag"}} []
[2026-05-15T00:26:07.110112+00:00] main.DEBUG: cache_invalidate:  {"method":"GET","url":"http:/","invalidateInfo":{"tags":["EAV","EAV_ATTRIBUTE"],"mode":"matchingAnyTag"}} []
[2026-05-15T00:26:07.111568+00:00] main.DEBUG: cache_invalidate:  {"method":"GET","url":"http:/","invalidateInfo":{"tags":["EAV","MAGE"],"mode":"matchingTag"}} []
[2026-05-15T00:26:07.112262+00:00] main.DEBUG: cache_invalidate:  {"method":"GET","url":"http:/","invalidateInfo":{"tags":["EAV_ATTRIBUTE","MAGE"],"mode":"matchingTag"}} []
[2026-05-15T00:26:07.112383+00:00] main.DEBUG: cache_invalidate:  {"method":"GET","url":"http:/","invalidateInfo":{"tags":["EAV","EAV_ATTRIBUTE"],"mode":"matchingAnyTag"}} []
[2026-05-15T00:26:07.112970+00:00] main.DEBUG: cache_invalidate:  {"method":"GET","url":"http:/","invalidateInfo":{"tags":["EAV","MAGE"],"mode":"matchingTag"}} []
[2026-05-15T00:26:07.113622+00:00] main.DEBUG: cache_invalidate:  {"method":"GET","url":"http:/","invalidateInfo":{"tags":["EAV_ATTRIBUTE","MAGE"],"mode":"matchingTag"}} []
[2026-05-15T00:26:07.113734+00:00] main.DEBUG: cache_invalidate:  {"method":"GET","url":"http:/","invalidateInfo":{"tags":["EAV","EAV_ATTRIBUTE"],"mode":"matchingAnyTag"}} []
[2026-05-15T00:26:07.114387+00:00] main.DEBUG: cache_invalidate:  {"method":"GET","url":"http:/","invalidateInfo":{"tags":["EAV_ATTRIBUTE","MAGE"],"mode":"matchingTag"}} []
[2026-05-15T00:26:07.114501+00:00] main.DEBUG: cache_invalidate:  {"method":"GET","url":"http:/","invalidateInfo":{"tags":["EAV_ATTRIBUTE"],"mode":"matchingAnyTag"}} []
[2026-05-15T00:26:07.115984+00:00] main.DEBUG: cache_invalidate:  {"method":"GET","url":"http:/","invalidateInfo":{"tags":["EAV_ATTRIBUTE_28","FPC","MAGE"],"mode":"matchingTag"}} []
[2026-05-15T00:26:07.116173+00:00] main.DEBUG: cache_invalidate:  {"method":"GET","url":"http:/","invalidateInfo":{"tags":["EAV_ATTRIBUTE_28","FPC"],"mode":"matchingTag"}} []
[2026-05-15T00:26:07.116396+00:00] main.DEBUG: cache_invalidate:  {"method":"GET","url":"http:/","invalidateInfo":{"tags":["EAV_ENTITY_TYPES_CUSTOMER_ADDRESS_ENTITY","FPC","MAGE"],"mode":"matchingTag"}} []
[2026-05-15T00:26:07.116497+00:00] main.DEBUG: cache_invalidate:  {"method":"GET","url":"http:/","invalidateInfo":{"tags":["EAV_ENTITY_TYPES_CUSTOMER_ADDRESS_ENTITY","FPC"],"mode":"matchingTag"}} []
[2026-05-15T00:26:07.116740+00:00] main.DEBUG: cache_invalidate:  {"method":"GET","url":"http:/","invalidateInfo":{"tags":["EAV_FORM_adminhtml_customer_address_FORM","FPC","MAGE"],"mode":"matchingTag"}} []
[2026-05-15T00:26:07.116830+00:00] main.DEBUG: cache_invalidate:  {"method":"GET","url":"http:/","invalidateInfo":{"tags":["EAV_FORM_adminhtml_customer_address_FORM","FPC"],"mode":"matchingTag"}} []
[2026-05-15T00:26:07.117026+00:00] main.DEBUG: cache_invalidate:  {"method":"GET","url":"http:/","invalidateInfo":{"tags":["EAV_FORM_customer_address_edit_FORM","FPC","MAGE"],"mode":"matchingTag"}} []
[2026-05-15T00:26:07.117114+00:00] main.DEBUG: cache_invalidate:  {"method":"GET","url":"http:/","invalidateInfo":{"tags":["EAV_FORM_customer_address_edit_FORM","FPC"],"mode":"matchingTag"}} []
[2026-05-15T00:26:07.117303+00:00] main.DEBUG: cache_invalidate:  {"method":"GET","url":"http:/","invalidateInfo":{"tags":["EAV_FORM_customer_register_address_FORM","FPC","MAGE"],"mode":"matchingTag"}} []
[2026-05-15T00:26:07.117440+00:00] main.DEBUG: cache_invalidate:  {"method":"GET","url":"http:/","invalidateInfo":{"tags":["EAV_FORM_customer_register_address_FORM","FPC"],"mode":"matchingTag"}} []
[2026-05-15T00:26:07.117686+00:00] main.DEBUG: cache_invalidate:  {"method":"GET","url":"http:/","invalidateInfo":{"tags":["EAV_ATTRIBUTE_customer_address_street","FPC","MAGE"],"mode":"matchingTag"}} []
[2026-05-15T00:26:07.117792+00:00] main.DEBUG: cache_invalidate:  {"method":"GET","url":"http:/","invalidateInfo":{"tags":["EAV_ATTRIBUTE_customer_address_street","FPC"],"mode":"matchingTag"}} []
[2026-05-15T00:26:07.125532+00:00] main.DEBUG: cache_invalidate:  {"method":"GET","url":"http:/","invalidateInfo":{"tags":["EAV","MAGE"],"mode":"matchingTag"}} []
[2026-05-15T00:26:07.126274+00:00] main.DEBUG: cache_invalidate:  {"method":"GET","url":"http:/","invalidateInfo":{"tags":["EAV_ATTRIBUTE","MAGE"],"mode":"matchingTag"}} []
[2026-05-15T00:26:07.126405+00:00] main.DEBUG: cache_invalidate:  {"method":"GET","url":"http:/","invalidateInfo":{"tags":["EAV","EAV_ATTRIBUTE"],"mode":"matchingAnyTag"}} []
[2026-05-15T00:26:07.127753+00:00] main.DEBUG: cache_invalidate:  {"method":"GET","url":"http:/","invalidateInfo":{"tags":["EAV","MAGE"],"mode":"matchingTag"}} []
[2026-05-15T00:26:07.128511+00:00] main.DEBUG: cache_invalidate:  {"method":"GET","url":"http:/","invalidateInfo":{"tags":["EAV_ATTRIBUTE","MAGE"],"mode":"matchingTag"}} []
[2026-05-15T00:26:07.128636+00:00] main.DEBUG: cache_invalidate:  {"method":"GET","url":"http:/","invalidateInfo":{"tags":["EAV","EAV_ATTRIBUTE"],"mode":"matchingAnyTag"}} []
[2026-05-15T00:26:07.129274+00:00] main.DEBUG: cache_invalidate:  {"method":"GET","url":"http:/","invalidateInfo":{"tags":["EAV","MAGE"],"mode":"matchingTag"}} []
[2026-05-15T00:26:07.129892+00:00] main.DEBUG: cache_invalidate:  {"method":"GET","url":"http:/","invalidateInfo":{"tags":["EAV_ATTRIBUTE","MAGE"],"mode":"matchingTag"}} []
[2026-05-15T00:26:07.130066+00:00] main.DEBUG: cache_invalidate:  {"method":"GET","url":"http:/","invalidateInfo":{"tags":["EAV","EAV_ATTRIBUTE"],"mode":"matchingAnyTag"}} []
[2026-05-15T00:26:07.130684+00:00] main.DEBUG: cache_invalidate:  {"method":"GET","url":"http:/","invalidateInfo":{"tags":["EAV_ATTRIBUTE","MAGE"],"mode":"matchingTag"}} []
[2026-05-15T00:26:07.130797+00:00] main.DEBUG: cache_invalidate:  {"method":"GET","url":"http:/","invalidateInfo":{"tags":["EAV_ATTRIBUTE"],"mode":"matchingAnyTag"}} []
[2026-05-15T00:26:07.132269+00:00] main.DEBUG: cache_invalidate:  {"method":"GET","url":"http:/","invalidateInfo":{"tags":["EAV_ATTRIBUTE_29","FPC","MAGE"],"mode":"matchingTag"}} []
[2026-05-15T00:26:07.132426+00:00] main.DEBUG: cache_invalidate:  {"method":"GET","url":"http:/","invalidateInfo":{"tags":["EAV_ATTRIBUTE_29","FPC"],"mode":"matchingTag"}} []
[2026-05-15T00:26:07.132645+00:00] main.DEBUG: cache_invalidate:  {"method":"GET","url":"http:/","invalidateInfo":{"tags":["EAV_ENTITY_TYPES_CUSTOMER_ADDRESS_ENTITY","FPC","MAGE"],"mode":"matchingTag"}} []
[2026-05-15T00:26:07.132794+00:00] main.DEBUG: cache_invalidate:  {"method":"GET","url":"http:/","invalidateInfo":{"tags":["EAV_ENTITY_TYPES_CUSTOMER_ADDRESS_ENTITY","FPC"],"mode":"matchingTag"}} []
[2026-05-15T00:26:07.133058+00:00] main.DEBUG: cache_invalidate:  {"method":"GET","url":"http:/","invalidateInfo":{"tags":["EAV_FORM_adminhtml_customer_address_FORM","FPC","MAGE"],"mode":"matchingTag"}} []
[2026-05-15T00:26:07.133154+00:00] main.DEBUG: cache_invalidate:  {"method":"GET","url":"http:/","invalidateInfo":{"tags":["EAV_FORM_adminhtml_customer_address_FORM","FPC"],"mode":"matchingTag"}} []
[2026-05-15T00:26:07.133345+00:00] main.DEBUG: cache_invalidate:  {"method":"GET","url":"http:/","invalidateInfo":{"tags":["EAV_FORM_customer_address_edit_FORM","FPC","MAGE"],"mode":"matchingTag"}} []
[2026-05-15T00:26:07.133440+00:00] main.DEBUG: cache_invalidate:  {"method":"GET","url":"http:/","invalidateInfo":{"tags":["EAV_FORM_customer_address_edit_FORM","FPC"],"mode":"matchingTag"}} []
[2026-05-15T00:26:07.133625+00:00] main.DEBUG: cache_invalidate:  {"method":"GET","url":"http:/","invalidateInfo":{"tags":["EAV_FORM_customer_register_address_FORM","FPC","MAGE"],"mode":"matchingTag"}} []
[2026-05-15T00:26:07.133716+00:00] main.DEBUG: cache_invalidate:  {"method":"GET","url":"http:/","invalidateInfo":{"tags":["EAV_FORM_customer_register_address_FORM","FPC"],"mode":"matchingTag"}} []
[2026-05-15T00:26:07.133902+00:00] main.DEBUG: cache_invalidate:  {"method":"GET","url":"http:/","invalidateInfo":{"tags":["EAV_ATTRIBUTE_customer_address_city","FPC","MAGE"],"mode":"matchingTag"}} []
[2026-05-15T00:26:07.134043+00:00] main.DEBUG: cache_invalidate:  {"method":"GET","url":"http:/","invalidateInfo":{"tags":["EAV_ATTRIBUTE_customer_address_city","FPC"],"mode":"matchingTag"}} []
[2026-05-15T00:26:07.141186+00:00] main.DEBUG: cache_invalidate:  {"method":"GET","url":"http:/","invalidateInfo":{"tags":["EAV","MAGE"],"mode":"matchingTag"}} []
[2026-05-15T00:26:07.141946+00:00] main.DEBUG: cache_invalidate:  {"method":"GET","url":"http:/","invalidateInfo":{"tags":["EAV_ATTRIBUTE","MAGE"],"mode":"matchingTag"}} []
[2026-05-15T00:26:07.142106+00:00] main.DEBUG: cache_invalidate:  {"method":"GET","url":"http:/","invalidateInfo":{"tags":["EAV","EAV_ATTRIBUTE"],"mode":"matchingAnyTag"}} []
[2026-05-15T00:26:07.143459+00:00] main.DEBUG: cache_invalidate:  {"method":"GET","url":"http:/","invalidateInfo":{"tags":["EAV","MAGE"],"mode":"matchingTag"}} []
[2026-05-15T00:26:07.144149+00:00] main.DEBUG: cache_invalidate:  {"method":"GET","url":"http:/","invalidateInfo":{"tags":["EAV_ATTRIBUTE","MAGE"],"mode":"matchingTag"}} []
[2026-05-15T00:26:07.144269+00:00] main.DEBUG: cache_invalidate:  {"method":"GET","url":"http:/","invalidateInfo":{"tags":["EAV","EAV_ATTRIBUTE"],"mode":"matchingAnyTag"}} []
[2026-05-15T00:26:07.144863+00:00] main.DEBUG: cache_invalidate:  {"method":"GET","url":"http:/","invalidateInfo":{"tags":["EAV","MAGE"],"mode":"matchingTag"}} []
[2026-05-15T00:26:07.145521+00:00] main.DEBUG: cache_invalidate:  {"method":"GET","url":"http:/","invalidateInfo":{"tags":["EAV_ATTRIBUTE","MAGE"],"mode":"matchingTag"}} []
[2026-05-15T00:26:07.145631+00:00] main.DEBUG: cache_invalidate:  {"method":"GET","url":"http:/","invalidateInfo":{"tags":["EAV","EAV_ATTRIBUTE"],"mode":"matchingAnyTag"}} []
[2026-05-15T00:26:07.146350+00:00] main.DEBUG: cache_invalidate:  {"method":"GET","url":"http:/","invalidateInfo":{"tags":["EAV_ATTRIBUTE","MAGE"],"mode":"matchingTag"}} []
[2026-05-15T00:26:07.146510+00:00] main.DEBUG: cache_invalidate:  {"method":"GET","url":"http:/","invalidateInfo":{"tags":["EAV_ATTRIBUTE"],"mode":"matchingAnyTag"}} []
[2026-05-15T00:26:07.148236+00:00] main.DEBUG: cache_invalidate:  {"method":"GET","url":"http:/","invalidateInfo":{"tags":["EAV_ATTRIBUTE_30","FPC","MAGE"],"mode":"matchingTag"}} []
[2026-05-15T00:26:07.148397+00:00] main.DEBUG: cache_invalidate:  {"method":"GET","url":"http:/","invalidateInfo":{"tags":["EAV_ATTRIBUTE_30","FPC"],"mode":"matchingTag"}} []
[2026-05-15T00:26:07.148616+00:00] main.DEBUG: cache_invalidate:  {"method":"GET","url":"http:/","invalidateInfo":{"tags":["EAV_ENTITY_TYPES_CUSTOMER_ADDRESS_ENTITY","FPC","MAGE"],"mode":"matchingTag"}} []
[2026-05-15T00:26:07.148721+00:00] main.DEBUG: cache_invalidate:  {"method":"GET","url":"http:/","invalidateInfo":{"tags":["EAV_ENTITY_TYPES_CUSTOMER_ADDRESS_ENTITY","FPC"],"mode":"matchingTag"}} []
[2026-05-15T00:26:07.148918+00:00] main.DEBUG: cache_invalidate:  {"method":"GET","url":"http:/","invalidateInfo":{"tags":["EAV_FORM_adminhtml_customer_address_FORM","FPC","MAGE"],"mode":"matchingTag"}} []
[2026-05-15T00:26:07.149067+00:00] main.DEBUG: cache_invalidate:  {"method":"GET","url":"http:/","invalidateInfo":{"tags":["EAV_FORM_adminhtml_customer_address_FORM","FPC"],"mode":"matchingTag"}} []
[2026-05-15T00:26:07.149263+00:00] main.DEBUG: cache_invalidate:  {"method":"GET","url":"http:/","invalidateInfo":{"tags":["EAV_FORM_customer_address_edit_FORM","FPC","MAGE"],"mode":"matchingTag"}} []
[2026-05-15T00:26:07.149357+00:00] main.DEBUG: cache_invalidate:  {"method":"GET","url":"http:/","invalidateInfo":{"tags":["EAV_FORM_customer_address_edit_FORM","FPC"],"mode":"matchingTag"}} []
[2026-05-15T00:26:07.149537+00:00] main.DEBUG: cache_invalidate:  {"method":"GET","url":"http:/","invalidateInfo":{"tags":["EAV_FORM_customer_register_address_FORM","FPC","MAGE"],"mode":"matchingTag"}} []
[2026-05-15T00:26:07.149625+00:00] main.DEBUG: cache_invalidate:  {"method":"GET","url":"http:/","invalidateInfo":{"tags":["EAV_FORM_customer_register_address_FORM","FPC"],"mode":"matchingTag"}} []
[2026-05-15T00:26:07.149803+00:00] main.DEBUG: cache_invalidate:  {"method":"GET","url":"http:/","invalidateInfo":{"tags":["EAV_ATTRIBUTE_customer_address_country_id","FPC","MAGE"],"mode":"matchingTag"}} []
[2026-05-15T00:26:07.149891+00:00] main.DEBUG: cache_invalidate:  {"method":"GET","url":"http:/","invalidateInfo":{"tags":["EAV_ATTRIBUTE_customer_address_country_id","FPC"],"mode":"matchingTag"}} []
[2026-05-15T00:26:07.157403+00:00] main.DEBUG: cache_invalidate:  {"method":"GET","url":"http:/","invalidateInfo":{"tags":["EAV","MAGE"],"mode":"matchingTag"}} []
[2026-05-15T00:26:07.158195+00:00] main.DEBUG: cache_invalidate:  {"method":"GET","url":"http:/","invalidateInfo":{"tags":["EAV_ATTRIBUTE","MAGE"],"mode":"matchingTag"}} []
[2026-05-15T00:26:07.158376+00:00] main.DEBUG: cache_invalidate:  {"method":"GET","url":"http:/","invalidateInfo":{"tags":["EAV","EAV_ATTRIBUTE"],"mode":"matchingAnyTag"}} []
[2026-05-15T00:26:07.159866+00:00] main.DEBUG: cache_invalidate:  {"method":"GET","url":"http:/","invalidateInfo":{"tags":["EAV","MAGE"],"mode":"matchingTag"}} []
[2026-05-15T00:26:07.160671+00:00] main.DEBUG: cache_invalidate:  {"method":"GET","url":"http:/","invalidateInfo":{"tags":["EAV_ATTRIBUTE","MAGE"],"mode":"matchingTag"}} []
[2026-05-15T00:26:07.160838+00:00] main.DEBUG: cache_invalidate:  {"method":"GET","url":"http:/","invalidateInfo":{"tags":["EAV","EAV_ATTRIBUTE"],"mode":"matchingAnyTag"}} []
[2026-05-15T00:26:07.161554+00:00] main.DEBUG: cache_invalidate:  {"method":"GET","url":"http:/","invalidateInfo":{"tags":["EAV","MAGE"],"mode":"matchingTag"}} []
[2026-05-15T00:26:07.162237+00:00] main.DEBUG: cache_invalidate:  {"method":"GET","url":"http:/","invalidateInfo":{"tags":["EAV_ATTRIBUTE","MAGE"],"mode":"matchingTag"}} []
[2026-05-15T00:26:07.162398+00:00] main.DEBUG: cache_invalidate:  {"method":"GET","url":"http:/","invalidateInfo":{"tags":["EAV","EAV_ATTRIBUTE"],"mode":"matchingAnyTag"}} []
[2026-05-15T00:26:07.163160+00:00] main.DEBUG: cache_invalidate:  {"method":"GET","url":"http:/","invalidateInfo":{"tags":["EAV_ATTRIBUTE","MAGE"],"mode":"matchingTag"}} []
[2026-05-15T00:26:07.163275+00:00] main.DEBUG: cache_invalidate:  {"method":"GET","url":"http:/","invalidateInfo":{"tags":["EAV_ATTRIBUTE"],"mode":"matchingAnyTag"}} []
[2026-05-15T00:26:07.164714+00:00] main.DEBUG: cache_invalidate:  {"method":"GET","url":"http:/","invalidateInfo":{"tags":["EAV_ATTRIBUTE_31","FPC","MAGE"],"mode":"matchingTag"}} []
[2026-05-15T00:26:07.164870+00:00] main.DEBUG: cache_invalidate:  {"method":"GET","url":"http:/","invalidateInfo":{"tags":["EAV_ATTRIBUTE_31","FPC"],"mode":"matchingTag"}} []
[2026-05-15T00:26:07.165097+00:00] main.DEBUG: cache_invalidate:  {"method":"GET","url":"http:/","invalidateInfo":{"tags":["EAV_ENTITY_TYPES_CUSTOMER_ADDRESS_ENTITY","FPC","MAGE"],"mode":"matchingTag"}} []
[2026-05-15T00:26:07.165199+00:00] main.DEBUG: cache_invalidate:  {"method":"GET","url":"http:/","invalidateInfo":{"tags":["EAV_ENTITY_TYPES_CUSTOMER_ADDRESS_ENTITY","FPC"],"mode":"matchingTag"}} []
[2026-05-15T00:26:07.165387+00:00] main.DEBUG: cache_invalidate:  {"method":"GET","url":"http:/","invalidateInfo":{"tags":["EAV_FORM_adminhtml_customer_address_FORM","FPC","MAGE"],"mode":"matchingTag"}} []
[2026-05-15T00:26:07.165481+00:00] main.DEBUG: cache_invalidate:  {"method":"GET","url":"http:/","invalidateInfo":{"tags":["EAV_FORM_adminhtml_customer_address_FORM","FPC"],"mode":"matchingTag"}} []
[2026-05-15T00:26:07.165662+00:00] main.DEBUG: cache_invalidate:  {"method":"GET","url":"http:/","invalidateInfo":{"tags":["EAV_FORM_customer_address_edit_FORM","FPC","MAGE"],"mode":"matchingTag"}} []
[2026-05-15T00:26:07.165752+00:00] main.DEBUG: cache_invalidate:  {"method":"GET","url":"http:/","invalidateInfo":{"tags":["EAV_FORM_customer_address_edit_FORM","FPC"],"mode":"matchingTag"}} []
[2026-05-15T00:26:07.165931+00:00] main.DEBUG: cache_invalidate:  {"method":"GET","url":"http:/","invalidateInfo":{"tags":["EAV_FORM_customer_register_address_FORM","FPC","MAGE"],"mode":"matchingTag"}} []
[2026-05-15T00:26:07.166069+00:00] main.DEBUG: cache_invalidate:  {"method":"GET","url":"http:/","invalidateInfo":{"tags":["EAV_FORM_customer_register_address_FORM","FPC"],"mode":"matchingTag"}} []
[2026-05-15T00:26:07.166252+00:00] main.DEBUG: cache_invalidate:  {"method":"GET","url":"http:/","invalidateInfo":{"tags":["EAV_ATTRIBUTE_customer_address_region","FPC","MAGE"],"mode":"matchingTag"}} []
[2026-05-15T00:26:07.166341+00:00] main.DEBUG: cache_invalidate:  {"method":"GET","url":"http:/","invalidateInfo":{"tags":["EAV_ATTRIBUTE_customer_address_region","FPC"],"mode":"matchingTag"}} []
[2026-05-15T00:26:07.173675+00:00] main.DEBUG: cache_invalidate:  {"method":"GET","url":"http:/","invalidateInfo":{"tags":["EAV","MAGE"],"mode":"matchingTag"}} []
[2026-05-15T00:26:07.174454+00:00] main.DEBUG: cache_invalidate:  {"method":"GET","url":"http:/","invalidateInfo":{"tags":["EAV_ATTRIBUTE","MAGE"],"mode":"matchingTag"}} []
[2026-05-15T00:26:07.174623+00:00] main.DEBUG: cache_invalidate:  {"method":"GET","url":"http:/","invalidateInfo":{"tags":["EAV","EAV_ATTRIBUTE"],"mode":"matchingAnyTag"}} []
[2026-05-15T00:26:07.176056+00:00] main.DEBUG: cache_invalidate:  {"method":"GET","url":"http:/","invalidateInfo":{"tags":["EAV","MAGE"],"mode":"matchingTag"}} []
[2026-05-15T00:26:07.176837+00:00] main.DEBUG: cache_invalidate:  {"method":"GET","url":"http:/","invalidateInfo":{"tags":["EAV_ATTRIBUTE","MAGE"],"mode":"matchingTag"}} []
[2026-05-15T00:26:07.176979+00:00] main.DEBUG: cache_invalidate:  {"method":"GET","url":"http:/","invalidateInfo":{"tags":["EAV","EAV_ATTRIBUTE"],"mode":"matchingAnyTag"}} []
[2026-05-15T00:26:07.177630+00:00] main.DEBUG: cache_invalidate:  {"method":"GET","url":"http:/","invalidateInfo":{"tags":["EAV","MAGE"],"mode":"matchingTag"}} []
[2026-05-15T00:26:07.178376+00:00] main.DEBUG: cache_invalidate:  {"method":"GET","url":"http:/","invalidateInfo":{"tags":["EAV_ATTRIBUTE","MAGE"],"mode":"matchingTag"}} []
[2026-05-15T00:26:07.178537+00:00] main.DEBUG: cache_invalidate:  {"method":"GET","url":"http:/","invalidateInfo":{"tags":["EAV","EAV_ATTRIBUTE"],"mode":"matchingAnyTag"}} []
[2026-05-15T00:26:07.179359+00:00] main.DEBUG: cache_invalidate:  {"method":"GET","url":"http:/","invalidateInfo":{"tags":["EAV_ATTRIBUTE","MAGE"],"mode":"matchingTag"}} []
[2026-05-15T00:26:07.179517+00:00] main.DEBUG: cache_invalidate:  {"method":"GET","url":"http:/","invalidateInfo":{"tags":["EAV_ATTRIBUTE"],"mode":"matchingAnyTag"}} []
[2026-05-15T00:26:07.181027+00:00] main.DEBUG: cache_invalidate:  {"method":"GET","url":"http:/","invalidateInfo":{"tags":["EAV_ATTRIBUTE_32","FPC","MAGE"],"mode":"matchingTag"}} []
[2026-05-15T00:26:07.181188+00:00] main.DEBUG: cache_invalidate:  {"method":"GET","url":"http:/","invalidateInfo":{"tags":["EAV_ATTRIBUTE_32","FPC"],"mode":"matchingTag"}} []
[2026-05-15T00:26:07.181461+00:00] main.DEBUG: cache_invalidate:  {"method":"GET","url":"http:/","invalidateInfo":{"tags":["EAV_ENTITY_TYPES_CUSTOMER_ADDRESS_ENTITY","FPC","MAGE"],"mode":"matchingTag"}} []
[2026-05-15T00:26:07.181569+00:00] main.DEBUG: cache_invalidate:  {"method":"GET","url":"http:/","invalidateInfo":{"tags":["EAV_ENTITY_TYPES_CUSTOMER_ADDRESS_ENTITY","FPC"],"mode":"matchingTag"}} []
[2026-05-15T00:26:07.181758+00:00] main.DEBUG: cache_invalidate:  {"method":"GET","url":"http:/","invalidateInfo":{"tags":["EAV_FORM_adminhtml_customer_address_FORM","FPC","MAGE"],"mode":"matchingTag"}} []
[2026-05-15T00:26:07.181852+00:00] main.DEBUG: cache_invalidate:  {"method":"GET","url":"http:/","invalidateInfo":{"tags":["EAV_FORM_adminhtml_customer_address_FORM","FPC"],"mode":"matchingTag"}} []
[2026-05-15T00:26:07.182047+00:00] main.DEBUG: cache_invalidate:  {"method":"GET","url":"http:/","invalidateInfo":{"tags":["EAV_FORM_customer_address_edit_FORM","FPC","MAGE"],"mode":"matchingTag"}} []
[2026-05-15T00:26:07.182139+00:00] main.DEBUG: cache_invalidate:  {"method":"GET","url":"http:/","invalidateInfo":{"tags":["EAV_FORM_customer_address_edit_FORM","FPC"],"mode":"matchingTag"}} []
[2026-05-15T00:26:07.182388+00:00] main.DEBUG: cache_invalidate:  {"method":"GET","url":"http:/","invalidateInfo":{"tags":["EAV_FORM_customer_register_address_FORM","FPC","MAGE"],"mode":"matchingTag"}} []
[2026-05-15T00:26:07.182533+00:00] main.DEBUG: cache_invalidate:  {"method":"GET","url":"http:/","invalidateInfo":{"tags":["EAV_FORM_customer_register_address_FORM","FPC"],"mode":"matchingTag"}} []
[2026-05-15T00:26:07.182781+00:00] main.DEBUG: cache_invalidate:  {"method":"GET","url":"http:/","invalidateInfo":{"tags":["EAV_ATTRIBUTE_customer_address_region_id","FPC","MAGE"],"mode":"matchingTag"}} []
[2026-05-15T00:26:07.182921+00:00] main.DEBUG: cache_invalidate:  {"method":"GET","url":"http:/","invalidateInfo":{"tags":["EAV_ATTRIBUTE_customer_address_region_id","FPC"],"mode":"matchingTag"}} []
[2026-05-15T00:26:07.189977+00:00] main.DEBUG: cache_invalidate:  {"method":"GET","url":"http:/","invalidateInfo":{"tags":["EAV","MAGE"],"mode":"matchingTag"}} []
[2026-05-15T00:26:07.190773+00:00] main.DEBUG: cache_invalidate:  {"method":"GET","url":"http:/","invalidateInfo":{"tags":["EAV_ATTRIBUTE","MAGE"],"mode":"matchingTag"}} []
[2026-05-15T00:26:07.190944+00:00] main.DEBUG: cache_invalidate:  {"method":"GET","url":"http:/","invalidateInfo":{"tags":["EAV","EAV_ATTRIBUTE"],"mode":"matchingAnyTag"}} []
[2026-05-15T00:26:07.192458+00:00] main.DEBUG: cache_invalidate:  {"method":"GET","url":"http:/","invalidateInfo":{"tags":["EAV","MAGE"],"mode":"matchingTag"}} []
[2026-05-15T00:26:07.193275+00:00] main.DEBUG: cache_invalidate:  {"method":"GET","url":"http:/","invalidateInfo":{"tags":["EAV_ATTRIBUTE","MAGE"],"mode":"matchingTag"}} []
[2026-05-15T00:26:07.193397+00:00] main.DEBUG: cache_invalidate:  {"method":"GET","url":"http:/","invalidateInfo":{"tags":["EAV","EAV_ATTRIBUTE"],"mode":"matchingAnyTag"}} []
[2026-05-15T00:26:07.194034+00:00] main.DEBUG: cache_invalidate:  {"method":"GET","url":"http:/","invalidateInfo":{"tags":["EAV","MAGE"],"mode":"matchingTag"}} []
[2026-05-15T00:26:07.194700+00:00] main.DEBUG: cache_invalidate:  {"method":"GET","url":"http:/","invalidateInfo":{"tags":["EAV_ATTRIBUTE","MAGE"],"mode":"matchingTag"}} []
[2026-05-15T00:26:07.194812+00:00] main.DEBUG: cache_invalidate:  {"method":"GET","url":"http:/","invalidateInfo":{"tags":["EAV","EAV_ATTRIBUTE"],"mode":"matchingAnyTag"}} []
[2026-05-15T00:26:07.195522+00:00] main.DEBUG: cache_invalidate:  {"method":"GET","url":"http:/","invalidateInfo":{"tags":["EAV_ATTRIBUTE","MAGE"],"mode":"matchingTag"}} []
[2026-05-15T00:26:07.195635+00:00] main.DEBUG: cache_invalidate:  {"method":"GET","url":"http:/","invalidateInfo":{"tags":["EAV_ATTRIBUTE"],"mode":"matchingAnyTag"}} []
[2026-05-15T00:26:07.197222+00:00] main.DEBUG: cache_invalidate:  {"method":"GET","url":"http:/","invalidateInfo":{"tags":["EAV_ATTRIBUTE_33","FPC","MAGE"],"mode":"matchingTag"}} []
[2026-05-15T00:26:07.197392+00:00] main.DEBUG: cache_invalidate:  {"method":"GET","url":"http:/","invalidateInfo":{"tags":["EAV_ATTRIBUTE_33","FPC"],"mode":"matchingTag"}} []
[2026-05-15T00:26:07.197704+00:00] main.DEBUG: cache_invalidate:  {"method":"GET","url":"http:/","invalidateInfo":{"tags":["EAV_ENTITY_TYPES_CUSTOMER_ADDRESS_ENTITY","FPC","MAGE"],"mode":"matchingTag"}} []
[2026-05-15T00:26:07.197858+00:00] main.DEBUG: cache_invalidate:  {"method":"GET","url":"http:/","invalidateInfo":{"tags":["EAV_ENTITY_TYPES_CUSTOMER_ADDRESS_ENTITY","FPC"],"mode":"matchingTag"}} []
[2026-05-15T00:26:07.198149+00:00] main.DEBUG: cache_invalidate:  {"method":"GET","url":"http:/","invalidateInfo":{"tags":["EAV_FORM_adminhtml_customer_address_FORM","FPC","MAGE"],"mode":"matchingTag"}} []
[2026-05-15T00:26:07.198268+00:00] main.DEBUG: cache_invalidate:  {"method":"GET","url":"http:/","invalidateInfo":{"tags":["EAV_FORM_adminhtml_customer_address_FORM","FPC"],"mode":"matchingTag"}} []
[2026-05-15T00:26:07.198516+00:00] main.DEBUG: cache_invalidate:  {"method":"GET","url":"http:/","invalidateInfo":{"tags":["EAV_FORM_customer_address_edit_FORM","FPC","MAGE"],"mode":"matchingTag"}} []
[2026-05-15T00:26:07.198629+00:00] main.DEBUG: cache_invalidate:  {"method":"GET","url":"http:/","invalidateInfo":{"tags":["EAV_FORM_customer_address_edit_FORM","FPC"],"mode":"matchingTag"}} []
[2026-05-15T00:26:07.198875+00:00] main.DEBUG: cache_invalidate:  {"method":"GET","url":"http:/","invalidateInfo":{"tags":["EAV_FORM_customer_register_address_FORM","FPC","MAGE"],"mode":"matchingTag"}} []
[2026-05-15T00:26:07.199031+00:00] main.DEBUG: cache_invalidate:  {"method":"GET","url":"http:/","invalidateInfo":{"tags":["EAV_FORM_customer_register_address_FORM","FPC"],"mode":"matchingTag"}} []
[2026-05-15T00:26:07.199278+00:00] main.DEBUG: cache_invalidate:  {"method":"GET","url":"http:/","invalidateInfo":{"tags":["EAV_ATTRIBUTE_customer_address_postcode","FPC","MAGE"],"mode":"matchingTag"}} []
[2026-05-15T00:26:07.199417+00:00] main.DEBUG: cache_invalidate:  {"method":"GET","url":"http:/","invalidateInfo":{"tags":["EAV_ATTRIBUTE_customer_address_postcode","FPC"],"mode":"matchingTag"}} []
[2026-05-15T00:26:07.207438+00:00] main.DEBUG: cache_invalidate:  {"method":"GET","url":"http:/","invalidateInfo":{"tags":["EAV","MAGE"],"mode":"matchingTag"}} []
[2026-05-15T00:26:07.208245+00:00] main.DEBUG: cache_invalidate:  {"method":"GET","url":"http:/","invalidateInfo":{"tags":["EAV_ATTRIBUTE","MAGE"],"mode":"matchingTag"}} []
[2026-05-15T00:26:07.208399+00:00] main.DEBUG: cache_invalidate:  {"method":"GET","url":"http:/","invalidateInfo":{"tags":["EAV","EAV_ATTRIBUTE"],"mode":"matchingAnyTag"}} []
[2026-05-15T00:26:07.210063+00:00] main.DEBUG: cache_invalidate:  {"method":"GET","url":"http:/","invalidateInfo":{"tags":["EAV","MAGE"],"mode":"matchingTag"}} []
[2026-05-15T00:26:07.210908+00:00] main.DEBUG: cache_invalidate:  {"method":"GET","url":"http:/","invalidateInfo":{"tags":["EAV_ATTRIBUTE","MAGE"],"mode":"matchingTag"}} []
[2026-05-15T00:26:07.211119+00:00] main.DEBUG: cache_invalidate:  {"method":"GET","url":"http:/","invalidateInfo":{"tags":["EAV","EAV_ATTRIBUTE"],"mode":"matchingAnyTag"}} []
[2026-05-15T00:26:07.211882+00:00] main.DEBUG: cache_invalidate:  {"method":"GET","url":"http:/","invalidateInfo":{"tags":["EAV","MAGE"],"mode":"matchingTag"}} []
[2026-05-15T00:26:07.212669+00:00] main.DEBUG: cache_invalidate:  {"method":"GET","url":"http:/","invalidateInfo":{"tags":["EAV_ATTRIBUTE","MAGE"],"mode":"matchingTag"}} []
[2026-05-15T00:26:07.212802+00:00] main.DEBUG: cache_invalidate:  {"method":"GET","url":"http:/","invalidateInfo":{"tags":["EAV","EAV_ATTRIBUTE"],"mode":"matchingAnyTag"}} []
[2026-05-15T00:26:07.213604+00:00] main.DEBUG: cache_invalidate:  {"method":"GET","url":"http:/","invalidateInfo":{"tags":["EAV_ATTRIBUTE","MAGE"],"mode":"matchingTag"}} []
[2026-05-15T00:26:07.213734+00:00] main.DEBUG: cache_invalidate:  {"method":"GET","url":"http:/","invalidateInfo":{"tags":["EAV_ATTRIBUTE"],"mode":"matchingAnyTag"}} []
[2026-05-15T00:26:07.215315+00:00] main.DEBUG: cache_invalidate:  {"method":"GET","url":"http:/","invalidateInfo":{"tags":["EAV_ATTRIBUTE_34","FPC","MAGE"],"mode":"matchingTag"}} []
[2026-05-15T00:26:07.215485+00:00] main.DEBUG: cache_invalidate:  {"method":"GET","url":"http:/","invalidateInfo":{"tags":["EAV_ATTRIBUTE_34","FPC"],"mode":"matchingTag"}} []
[2026-05-15T00:26:07.215765+00:00] main.DEBUG: cache_invalidate:  {"method":"GET","url":"http:/","invalidateInfo":{"tags":["EAV_ENTITY_TYPES_CUSTOMER_ADDRESS_ENTITY","FPC","MAGE"],"mode":"matchingTag"}} []
[2026-05-15T00:26:07.215915+00:00] main.DEBUG: cache_invalidate:  {"method":"GET","url":"http:/","invalidateInfo":{"tags":["EAV_ENTITY_TYPES_CUSTOMER_ADDRESS_ENTITY","FPC"],"mode":"matchingTag"}} []
[2026-05-15T00:26:07.216190+00:00] main.DEBUG: cache_invalidate:  {"method":"GET","url":"http:/","invalidateInfo":{"tags":["EAV_FORM_adminhtml_customer_address_FORM","FPC","MAGE"],"mode":"matchingTag"}} []
[2026-05-15T00:26:07.216304+00:00] main.DEBUG: cache_invalidate:  {"method":"GET","url":"http:/","invalidateInfo":{"tags":["EAV_FORM_adminhtml_customer_address_FORM","FPC"],"mode":"matchingTag"}} []
[2026-05-15T00:26:07.216559+00:00] main.DEBUG: cache_invalidate:  {"method":"GET","url":"http:/","invalidateInfo":{"tags":["EAV_FORM_customer_address_edit_FORM","FPC","MAGE"],"mode":"matchingTag"}} []
[2026-05-15T00:26:07.216700+00:00] main.DEBUG: cache_invalidate:  {"method":"GET","url":"http:/","invalidateInfo":{"tags":["EAV_FORM_customer_address_edit_FORM","FPC"],"mode":"matchingTag"}} []
[2026-05-15T00:26:07.216952+00:00] main.DEBUG: cache_invalidate:  {"method":"GET","url":"http:/","invalidateInfo":{"tags":["EAV_FORM_customer_register_address_FORM","FPC","MAGE"],"mode":"matchingTag"}} []
[2026-05-15T00:26:07.217106+00:00] main.DEBUG: cache_invalidate:  {"method":"GET","url":"http:/","invalidateInfo":{"tags":["EAV_FORM_customer_register_address_FORM","FPC"],"mode":"matchingTag"}} []
[2026-05-15T00:26:07.217359+00:00] main.DEBUG: cache_invalidate:  {"method":"GET","url":"http:/","invalidateInfo":{"tags":["EAV_ATTRIBUTE_customer_address_telephone","FPC","MAGE"],"mode":"matchingTag"}} []
[2026-05-15T00:26:07.217499+00:00] main.DEBUG: cache_invalidate:  {"method":"GET","url":"http:/","invalidateInfo":{"tags":["EAV_ATTRIBUTE_customer_address_telephone","FPC"],"mode":"matchingTag"}} []
[2026-05-15T00:26:07.225110+00:00] main.DEBUG: cache_invalidate:  {"method":"GET","url":"http:/","invalidateInfo":{"tags":["EAV","MAGE"],"mode":"matchingTag"}} []
[2026-05-15T00:26:07.225993+00:00] main.DEBUG: cache_invalidate:  {"method":"GET","url":"http:/","invalidateInfo":{"tags":["EAV_ATTRIBUTE","MAGE"],"mode":"matchingTag"}} []
[2026-05-15T00:26:07.226164+00:00] main.DEBUG: cache_invalidate:  {"method":"GET","url":"http:/","invalidateInfo":{"tags":["EAV","EAV_ATTRIBUTE"],"mode":"matchingAnyTag"}} []
[2026-05-15T00:26:07.227752+00:00] main.DEBUG: cache_invalidate:  {"method":"GET","url":"http:/","invalidateInfo":{"tags":["EAV","MAGE"],"mode":"matchingTag"}} []
[2026-05-15T00:26:07.228538+00:00] main.DEBUG: cache_invalidate:  {"method":"GET","url":"http:/","invalidateInfo":{"tags":["EAV_ATTRIBUTE","MAGE"],"mode":"matchingTag"}} []
[2026-05-15T00:26:07.228689+00:00] main.DEBUG: cache_invalidate:  {"method":"GET","url":"http:/","invalidateInfo":{"tags":["EAV","EAV_ATTRIBUTE"],"mode":"matchingAnyTag"}} []
[2026-05-15T00:26:07.229385+00:00] main.DEBUG: cache_invalidate:  {"method":"GET","url":"http:/","invalidateInfo":{"tags":["EAV","MAGE"],"mode":"matchingTag"}} []
[2026-05-15T00:26:07.229965+00:00] main.DEBUG: cache_invalidate:  {"method":"GET","url":"http:/","invalidateInfo":{"tags":["EAV_ATTRIBUTE","MAGE"],"mode":"matchingTag"}} []
[2026-05-15T00:26:07.230118+00:00] main.DEBUG: cache_invalidate:  {"method":"GET","url":"http:/","invalidateInfo":{"tags":["EAV","EAV_ATTRIBUTE"],"mode":"matchingAnyTag"}} []
[2026-05-15T00:26:07.230693+00:00] main.DEBUG: cache_invalidate:  {"method":"GET","url":"http:/","invalidateInfo":{"tags":["EAV_ATTRIBUTE","MAGE"],"mode":"matchingTag"}} []
[2026-05-15T00:26:07.230818+00:00] main.DEBUG: cache_invalidate:  {"method":"GET","url":"http:/","invalidateInfo":{"tags":["EAV_ATTRIBUTE"],"mode":"matchingAnyTag"}} []
[2026-05-15T00:26:07.232452+00:00] main.DEBUG: cache_invalidate:  {"method":"GET","url":"http:/","invalidateInfo":{"tags":["EAV_ATTRIBUTE_35","FPC","MAGE"],"mode":"matchingTag"}} []
[2026-05-15T00:26:07.232636+00:00] main.DEBUG: cache_invalidate:  {"method":"GET","url":"http:/","invalidateInfo":{"tags":["EAV_ATTRIBUTE_35","FPC"],"mode":"matchingTag"}} []
[2026-05-15T00:26:07.232941+00:00] main.DEBUG: cache_invalidate:  {"method":"GET","url":"http:/","invalidateInfo":{"tags":["EAV_ENTITY_TYPES_CUSTOMER_ADDRESS_ENTITY","FPC","MAGE"],"mode":"matchingTag"}} []
[2026-05-15T00:26:07.233103+00:00] main.DEBUG: cache_invalidate:  {"method":"GET","url":"http:/","invalidateInfo":{"tags":["EAV_ENTITY_TYPES_CUSTOMER_ADDRESS_ENTITY","FPC"],"mode":"matchingTag"}} []
[2026-05-15T00:26:07.233433+00:00] main.DEBUG: cache_invalidate:  {"method":"GET","url":"http:/","invalidateInfo":{"tags":["EAV_FORM_adminhtml_customer_address_FORM","FPC","MAGE"],"mode":"matchingTag"}} []
[2026-05-15T00:26:07.233578+00:00] main.DEBUG: cache_invalidate:  {"method":"GET","url":"http:/","invalidateInfo":{"tags":["EAV_FORM_adminhtml_customer_address_FORM","FPC"],"mode":"matchingTag"}} []
[2026-05-15T00:26:07.233893+00:00] main.DEBUG: cache_invalidate:  {"method":"GET","url":"http:/","invalidateInfo":{"tags":["EAV_FORM_customer_address_edit_FORM","FPC","MAGE"],"mode":"matchingTag"}} []
[2026-05-15T00:26:07.234046+00:00] main.DEBUG: cache_invalidate:  {"method":"GET","url":"http:/","invalidateInfo":{"tags":["EAV_FORM_customer_address_edit_FORM","FPC"],"mode":"matchingTag"}} []
[2026-05-15T00:26:07.234362+00:00] main.DEBUG: cache_invalidate:  {"method":"GET","url":"http:/","invalidateInfo":{"tags":["EAV_FORM_customer_register_address_FORM","FPC","MAGE"],"mode":"matchingTag"}} []
[2026-05-15T00:26:07.234507+00:00] main.DEBUG: cache_invalidate:  {"method":"GET","url":"http:/","invalidateInfo":{"tags":["EAV_FORM_customer_register_address_FORM","FPC"],"mode":"matchingTag"}} []
[2026-05-15T00:26:07.234765+00:00] main.DEBUG: cache_invalidate:  {"method":"GET","url":"http:/","invalidateInfo":{"tags":["EAV_ATTRIBUTE_customer_address_fax","FPC","MAGE"],"mode":"matchingTag"}} []
[2026-05-15T00:26:07.234882+00:00] main.DEBUG: cache_invalidate:  {"method":"GET","url":"http:/","invalidateInfo":{"tags":["EAV_ATTRIBUTE_customer_address_fax","FPC"],"mode":"matchingTag"}} []
[2026-05-15T00:26:07.240791+00:00] main.DEBUG: cache_invalidate:  {"method":"GET","url":"http:/","invalidateInfo":{"tags":["EAV_ATTRIBUTE_1","FPC","MAGE"],"mode":"matchingTag"}} []
[2026-05-15T00:26:07.240970+00:00] main.DEBUG: cache_invalidate:  {"method":"GET","url":"http:/","invalidateInfo":{"tags":["EAV_ATTRIBUTE_1","FPC"],"mode":"matchingTag"}} []
[2026-05-15T00:26:07.241330+00:00] main.DEBUG: cache_invalidate:  {"method":"GET","url":"http:/","invalidateInfo":{"tags":["EAV_ATTRIBUTE_customer_website_id","FPC","MAGE"],"mode":"matchingTag"}} []
[2026-05-15T00:26:07.241477+00:00] main.DEBUG: cache_invalidate:  {"method":"GET","url":"http:/","invalidateInfo":{"tags":["EAV_ATTRIBUTE_customer_website_id","FPC"],"mode":"matchingTag"}} []
[2026-05-15T00:26:07.242365+00:00] main.DEBUG: cache_invalidate:  {"method":"GET","url":"http:/","invalidateInfo":{"tags":["EAV_ATTRIBUTE_3","FPC","MAGE"],"mode":"matchingTag"}} []
[2026-05-15T00:26:07.242518+00:00] main.DEBUG: cache_invalidate:  {"method":"GET","url":"http:/","invalidateInfo":{"tags":["EAV_ATTRIBUTE_3","FPC"],"mode":"matchingTag"}} []
[2026-05-15T00:26:07.242796+00:00] main.DEBUG: cache_invalidate:  {"method":"GET","url":"http:/","invalidateInfo":{"tags":["EAV_ATTRIBUTE_customer_created_in","FPC","MAGE"],"mode":"matchingTag"}} []
[2026-05-15T00:26:07.242914+00:00] main.DEBUG: cache_invalidate:  {"method":"GET","url":"http:/","invalidateInfo":{"tags":["EAV_ATTRIBUTE_customer_created_in","FPC"],"mode":"matchingTag"}} []
[2026-05-15T00:26:07.243684+00:00] main.DEBUG: cache_invalidate:  {"method":"GET","url":"http:/","invalidateInfo":{"tags":["EAV_ATTRIBUTE_9","FPC","MAGE"],"mode":"matchingTag"}} []
[2026-05-15T00:26:07.243818+00:00] main.DEBUG: cache_invalidate:  {"method":"GET","url":"http:/","invalidateInfo":{"tags":["EAV_ATTRIBUTE_9","FPC"],"mode":"matchingTag"}} []
[2026-05-15T00:26:07.244075+00:00] main.DEBUG: cache_invalidate:  {"method":"GET","url":"http:/","invalidateInfo":{"tags":["EAV_ATTRIBUTE_customer_email","FPC","MAGE"],"mode":"matchingTag"}} []
[2026-05-15T00:26:07.244192+00:00] main.DEBUG: cache_invalidate:  {"method":"GET","url":"http:/","invalidateInfo":{"tags":["EAV_ATTRIBUTE_customer_email","FPC"],"mode":"matchingTag"}} []
[2026-05-15T00:26:07.244933+00:00] main.DEBUG: cache_invalidate:  {"method":"GET","url":"http:/","invalidateInfo":{"tags":["EAV_ATTRIBUTE_10","FPC","MAGE"],"mode":"matchingTag"}} []
[2026-05-15T00:26:07.245079+00:00] main.DEBUG: cache_invalidate:  {"method":"GET","url":"http:/","invalidateInfo":{"tags":["EAV_ATTRIBUTE_10","FPC"],"mode":"matchingTag"}} []
[2026-05-15T00:26:07.245350+00:00] main.DEBUG: cache_invalidate:  {"method":"GET","url":"http:/","invalidateInfo":{"tags":["EAV_ATTRIBUTE_customer_group_id","FPC","MAGE"],"mode":"matchingTag"}} []
[2026-05-15T00:26:07.245463+00:00] main.DEBUG: cache_invalidate:  {"method":"GET","url":"http:/","invalidateInfo":{"tags":["EAV_ATTRIBUTE_customer_group_id","FPC"],"mode":"matchingTag"}} []
[2026-05-15T00:26:07.246155+00:00] main.DEBUG: cache_invalidate:  {"method":"GET","url":"http:/","invalidateInfo":{"tags":["EAV_ATTRIBUTE_11","FPC","MAGE"],"mode":"matchingTag"}} []
[2026-05-15T00:26:07.246290+00:00] main.DEBUG: cache_invalidate:  {"method":"GET","url":"http:/","invalidateInfo":{"tags":["EAV_ATTRIBUTE_11","FPC"],"mode":"matchingTag"}} []
[2026-05-15T00:26:07.246558+00:00] main.DEBUG: cache_invalidate:  {"method":"GET","url":"http:/","invalidateInfo":{"tags":["EAV_ATTRIBUTE_customer_dob","FPC","MAGE"],"mode":"matchingTag"}} []
[2026-05-15T00:26:07.246684+00:00] main.DEBUG: cache_invalidate:  {"method":"GET","url":"http:/","invalidateInfo":{"tags":["EAV_ATTRIBUTE_customer_dob","FPC"],"mode":"matchingTag"}} []
[2026-05-15T00:26:07.247488+00:00] main.DEBUG: cache_invalidate:  {"method":"GET","url":"http:/","invalidateInfo":{"tags":["EAV_ATTRIBUTE_17","FPC","MAGE"],"mode":"matchingTag"}} []
[2026-05-15T00:26:07.247631+00:00] main.DEBUG: cache_invalidate:  {"method":"GET","url":"http:/","invalidateInfo":{"tags":["EAV_ATTRIBUTE_17","FPC"],"mode":"matchingTag"}} []
[2026-05-15T00:26:07.247894+00:00] main.DEBUG: cache_invalidate:  {"method":"GET","url":"http:/","invalidateInfo":{"tags":["EAV_ATTRIBUTE_customer_taxvat","FPC","MAGE"],"mode":"matchingTag"}} []
[2026-05-15T00:26:07.248053+00:00] main.DEBUG: cache_invalidate:  {"method":"GET","url":"http:/","invalidateInfo":{"tags":["EAV_ATTRIBUTE_customer_taxvat","FPC"],"mode":"matchingTag"}} []
[2026-05-15T00:26:07.248805+00:00] main.DEBUG: cache_invalidate:  {"method":"GET","url":"http:/","invalidateInfo":{"tags":["EAV_ATTRIBUTE_18","FPC","MAGE"],"mode":"matchingTag"}} []
[2026-05-15T00:26:07.248937+00:00] main.DEBUG: cache_invalidate:  {"method":"GET","url":"http:/","invalidateInfo":{"tags":["EAV_ATTRIBUTE_18","FPC"],"mode":"matchingTag"}} []
[2026-05-15T00:26:07.249216+00:00] main.DEBUG: cache_invalidate:  {"method":"GET","url":"http:/","invalidateInfo":{"tags":["EAV_ATTRIBUTE_customer_confirmation","FPC","MAGE"],"mode":"matchingTag"}} []
[2026-05-15T00:26:07.249331+00:00] main.DEBUG: cache_invalidate:  {"method":"GET","url":"http:/","invalidateInfo":{"tags":["EAV_ATTRIBUTE_customer_confirmation","FPC"],"mode":"matchingTag"}} []
[2026-05-15T00:26:07.250144+00:00] main.DEBUG: cache_invalidate:  {"method":"GET","url":"http:/","invalidateInfo":{"tags":["EAV_ATTRIBUTE_19","FPC","MAGE"],"mode":"matchingTag"}} []
[2026-05-15T00:26:07.250309+00:00] main.DEBUG: cache_invalidate:  {"method":"GET","url":"http:/","invalidateInfo":{"tags":["EAV_ATTRIBUTE_19","FPC"],"mode":"matchingTag"}} []
[2026-05-15T00:26:07.250567+00:00] main.DEBUG: cache_invalidate:  {"method":"GET","url":"http:/","invalidateInfo":{"tags":["EAV_ATTRIBUTE_customer_created_at","FPC","MAGE"],"mode":"matchingTag"}} []
[2026-05-15T00:26:07.250712+00:00] main.DEBUG: cache_invalidate:  {"method":"GET","url":"http:/","invalidateInfo":{"tags":["EAV_ATTRIBUTE_customer_created_at","FPC"],"mode":"matchingTag"}} []
[2026-05-15T00:26:07.251428+00:00] main.DEBUG: cache_invalidate:  {"method":"GET","url":"http:/","invalidateInfo":{"tags":["EAV_ATTRIBUTE_20","FPC","MAGE"],"mode":"matchingTag"}} []
[2026-05-15T00:26:07.251561+00:00] main.DEBUG: cache_invalidate:  {"method":"GET","url":"http:/","invalidateInfo":{"tags":["EAV_ATTRIBUTE_20","FPC"],"mode":"matchingTag"}} []
[2026-05-15T00:26:07.251822+00:00] main.DEBUG: cache_invalidate:  {"method":"GET","url":"http:/","invalidateInfo":{"tags":["EAV_ATTRIBUTE_customer_gender","FPC","MAGE"],"mode":"matchingTag"}} []
[2026-05-15T00:26:07.251936+00:00] main.DEBUG: cache_invalidate:  {"method":"GET","url":"http:/","invalidateInfo":{"tags":["EAV_ATTRIBUTE_customer_gender","FPC"],"mode":"matchingTag"}} []
[2026-05-15T00:26:07.252668+00:00] main.DEBUG: cache_invalidate:  {"method":"GET","url":"http:/","invalidateInfo":{"tags":["EAV_ATTRIBUTE_27","FPC","MAGE"],"mode":"matchingTag"}} []
[2026-05-15T00:26:07.252800+00:00] main.DEBUG: cache_invalidate:  {"method":"GET","url":"http:/","invalidateInfo":{"tags":["EAV_ATTRIBUTE_27","FPC"],"mode":"matchingTag"}} []
[2026-05-15T00:26:07.253074+00:00] main.DEBUG: cache_invalidate:  {"method":"GET","url":"http:/","invalidateInfo":{"tags":["EAV_ATTRIBUTE_customer_address_company","FPC","MAGE"],"mode":"matchingTag"}} []
[2026-05-15T00:26:07.253189+00:00] main.DEBUG: cache_invalidate:  {"method":"GET","url":"http:/","invalidateInfo":{"tags":["EAV_ATTRIBUTE_customer_address_company","FPC"],"mode":"matchingTag"}} []
[2026-05-15T00:26:07.253905+00:00] main.DEBUG: cache_invalidate:  {"method":"GET","url":"http:/","invalidateInfo":{"tags":["EAV_ATTRIBUTE_28","FPC","MAGE"],"mode":"matchingTag"}} []
[2026-05-15T00:26:07.254076+00:00] main.DEBUG: cache_invalidate:  {"method":"GET","url":"http:/","invalidateInfo":{"tags":["EAV_ATTRIBUTE_28","FPC"],"mode":"matchingTag"}} []
[2026-05-15T00:26:07.254344+00:00] main.DEBUG: cache_invalidate:  {"method":"GET","url":"http:/","invalidateInfo":{"tags":["EAV_ATTRIBUTE_customer_address_street","FPC","MAGE"],"mode":"matchingTag"}} []
[2026-05-15T00:26:07.254491+00:00] main.DEBUG: cache_invalidate:  {"method":"GET","url":"http:/","invalidateInfo":{"tags":["EAV_ATTRIBUTE_customer_address_street","FPC"],"mode":"matchingTag"}} []
[2026-05-15T00:26:07.255159+00:00] main.DEBUG: cache_invalidate:  {"method":"GET","url":"http:/","invalidateInfo":{"tags":["EAV_ATTRIBUTE_29","FPC","MAGE"],"mode":"matchingTag"}} []
[2026-05-15T00:26:07.255292+00:00] main.DEBUG: cache_invalidate:  {"method":"GET","url":"http:/","invalidateInfo":{"tags":["EAV_ATTRIBUTE_29","FPC"],"mode":"matchingTag"}} []
[2026-05-15T00:26:07.255570+00:00] main.DEBUG: cache_invalidate:  {"method":"GET","url":"http:/","invalidateInfo":{"tags":["EAV_ATTRIBUTE_customer_address_city","FPC","MAGE"],"mode":"matchingTag"}} []
[2026-05-15T00:26:07.255686+00:00] main.DEBUG: cache_invalidate:  {"method":"GET","url":"http:/","invalidateInfo":{"tags":["EAV_ATTRIBUTE_customer_address_city","FPC"],"mode":"matchingTag"}} []
[2026-05-15T00:26:07.256494+00:00] main.DEBUG: cache_invalidate:  {"method":"GET","url":"http:/","invalidateInfo":{"tags":["EAV_ATTRIBUTE_30","FPC","MAGE"],"mode":"matchingTag"}} []
[2026-05-15T00:26:07.256629+00:00] main.DEBUG: cache_invalidate:  {"method":"GET","url":"http:/","invalidateInfo":{"tags":["EAV_ATTRIBUTE_30","FPC"],"mode":"matchingTag"}} []
[2026-05-15T00:26:07.256889+00:00] main.DEBUG: cache_invalidate:  {"method":"GET","url":"http:/","invalidateInfo":{"tags":["EAV_ATTRIBUTE_customer_address_country_id","FPC","MAGE"],"mode":"matchingTag"}} []
[2026-05-15T00:26:07.257050+00:00] main.DEBUG: cache_invalidate:  {"method":"GET","url":"http:/","invalidateInfo":{"tags":["EAV_ATTRIBUTE_customer_address_country_id","FPC"],"mode":"matchingTag"}} []
[2026-05-15T00:26:07.257776+00:00] main.DEBUG: cache_invalidate:  {"method":"GET","url":"http:/","invalidateInfo":{"tags":["EAV_ATTRIBUTE_31","FPC","MAGE"],"mode":"matchingTag"}} []
[2026-05-15T00:26:07.257907+00:00] main.DEBUG: cache_invalidate:  {"method":"GET","url":"http:/","invalidateInfo":{"tags":["EAV_ATTRIBUTE_31","FPC"],"mode":"matchingTag"}} []
[2026-05-15T00:26:07.258185+00:00] main.DEBUG: cache_invalidate:  {"method":"GET","url":"http:/","invalidateInfo":{"tags":["EAV_ATTRIBUTE_customer_address_region","FPC","MAGE"],"mode":"matchingTag"}} []
[2026-05-15T00:26:07.258302+00:00] main.DEBUG: cache_invalidate:  {"method":"GET","url":"http:/","invalidateInfo":{"tags":["EAV_ATTRIBUTE_customer_address_region","FPC"],"mode":"matchingTag"}} []
[2026-05-15T00:26:07.259129+00:00] main.DEBUG: cache_invalidate:  {"method":"GET","url":"http:/","invalidateInfo":{"tags":["EAV_ATTRIBUTE_32","FPC","MAGE"],"mode":"matchingTag"}} []
[2026-05-15T00:26:07.259263+00:00] main.DEBUG: cache_invalidate:  {"method":"GET","url":"http:/","invalidateInfo":{"tags":["EAV_ATTRIBUTE_32","FPC"],"mode":"matchingTag"}} []
[2026-05-15T00:26:07.259527+00:00] main.DEBUG: cache_invalidate:  {"method":"GET","url":"http:/","invalidateInfo":{"tags":["EAV_ATTRIBUTE_customer_address_region_id","FPC","MAGE"],"mode":"matchingTag"}} []
[2026-05-15T00:26:07.259674+00:00] main.DEBUG: cache_invalidate:  {"method":"GET","url":"http:/","invalidateInfo":{"tags":["EAV_ATTRIBUTE_customer_address_region_id","FPC"],"mode":"matchingTag"}} []
[2026-05-15T00:26:07.260366+00:00] main.DEBUG: cache_invalidate:  {"method":"GET","url":"http:/","invalidateInfo":{"tags":["EAV_ATTRIBUTE_33","FPC","MAGE"],"mode":"matchingTag"}} []
[2026-05-15T00:26:07.260497+00:00] main.DEBUG: cache_invalidate:  {"method":"GET","url":"http:/","invalidateInfo":{"tags":["EAV_ATTRIBUTE_33","FPC"],"mode":"matchingTag"}} []
[2026-05-15T00:26:07.260753+00:00] main.DEBUG: cache_invalidate:  {"method":"GET","url":"http:/","invalidateInfo":{"tags":["EAV_ATTRIBUTE_customer_address_postcode","FPC","MAGE"],"mode":"matchingTag"}} []
[2026-05-15T00:26:07.260867+00:00] main.DEBUG: cache_invalidate:  {"method":"GET","url":"http:/","invalidateInfo":{"tags":["EAV_ATTRIBUTE_customer_address_postcode","FPC"],"mode":"matchingTag"}} []
[2026-05-15T00:26:07.261658+00:00] main.DEBUG: cache_invalidate:  {"method":"GET","url":"http:/","invalidateInfo":{"tags":["EAV_ATTRIBUTE_34","FPC","MAGE"],"mode":"matchingTag"}} []
[2026-05-15T00:26:07.261793+00:00] main.DEBUG: cache_invalidate:  {"method":"GET","url":"http:/","invalidateInfo":{"tags":["EAV_ATTRIBUTE_34","FPC"],"mode":"matchingTag"}} []
[2026-05-15T00:26:07.262069+00:00] main.DEBUG: cache_invalidate:  {"method":"GET","url":"http:/","invalidateInfo":{"tags":["EAV_ATTRIBUTE_customer_address_telephone","FPC","MAGE"],"mode":"matchingTag"}} []
[2026-05-15T00:26:07.262231+00:00] main.DEBUG: cache_invalidate:  {"method":"GET","url":"http:/","invalidateInfo":{"tags":["EAV_ATTRIBUTE_customer_address_telephone","FPC"],"mode":"matchingTag"}} []
[2026-05-15T00:26:07.263060+00:00] main.DEBUG: cache_invalidate:  {"method":"GET","url":"http:/","invalidateInfo":{"tags":["EAV_ATTRIBUTE_35","FPC","MAGE"],"mode":"matchingTag"}} []
[2026-05-15T00:26:07.263191+00:00] main.DEBUG: cache_invalidate:  {"method":"GET","url":"http:/","invalidateInfo":{"tags":["EAV_ATTRIBUTE_35","FPC"],"mode":"matchingTag"}} []
[2026-05-15T00:26:07.263442+00:00] main.DEBUG: cache_invalidate:  {"method":"GET","url":"http:/","invalidateInfo":{"tags":["EAV_ATTRIBUTE_customer_address_fax","FPC","MAGE"],"mode":"matchingTag"}} []
[2026-05-15T00:26:07.263555+00:00] main.DEBUG: cache_invalidate:  {"method":"GET","url":"http:/","invalidateInfo":{"tags":["EAV_ATTRIBUTE_customer_address_fax","FPC"],"mode":"matchingTag"}} []
[2026-05-15T00:26:07.273302+00:00] main.DEBUG: cache_invalidate:  {"method":"GET","url":"http:/","invalidateInfo":{"tags":["EAV","MAGE"],"mode":"matchingTag"}} []
[2026-05-15T00:26:07.274059+00:00] main.DEBUG: cache_invalidate:  {"method":"GET","url":"http:/","invalidateInfo":{"tags":["EAV_ATTRIBUTE","MAGE"],"mode":"matchingTag"}} []
[2026-05-15T00:26:07.274211+00:00] main.DEBUG: cache_invalidate:  {"method":"GET","url":"http:/","invalidateInfo":{"tags":["EAV","EAV_ATTRIBUTE"],"mode":"matchingAnyTag"}} []
[2026-05-15T00:26:07.275746+00:00] main.DEBUG: cache_invalidate:  {"method":"GET","url":"http:/","invalidateInfo":{"tags":["EAV","MAGE"],"mode":"matchingTag"}} []
[2026-05-15T00:26:07.276485+00:00] main.DEBUG: cache_invalidate:  {"method":"GET","url":"http:/","invalidateInfo":{"tags":["EAV_ATTRIBUTE","MAGE"],"mode":"matchingTag"}} []
[2026-05-15T00:26:07.276635+00:00] main.DEBUG: cache_invalidate:  {"method":"GET","url":"http:/","invalidateInfo":{"tags":["EAV","EAV_ATTRIBUTE"],"mode":"matchingAnyTag"}} []
[2026-05-15T00:26:07.277319+00:00] main.DEBUG: cache_invalidate:  {"method":"GET","url":"http:/","invalidateInfo":{"tags":["EAV","MAGE"],"mode":"matchingTag"}} []
[2026-05-15T00:26:07.277876+00:00] main.DEBUG: cache_invalidate:  {"method":"GET","url":"http:/","invalidateInfo":{"tags":["EAV_ATTRIBUTE","MAGE"],"mode":"matchingTag"}} []
[2026-05-15T00:26:07.277999+00:00] main.DEBUG: cache_invalidate:  {"method":"GET","url":"http:/","invalidateInfo":{"tags":["EAV","EAV_ATTRIBUTE"],"mode":"matchingAnyTag"}} []
[2026-05-15T00:26:07.278610+00:00] main.DEBUG: cache_invalidate:  {"method":"GET","url":"http:/","invalidateInfo":{"tags":["EAV_ATTRIBUTE","MAGE"],"mode":"matchingTag"}} []
[2026-05-15T00:26:07.278733+00:00] main.DEBUG: cache_invalidate:  {"method":"GET","url":"http:/","invalidateInfo":{"tags":["EAV_ATTRIBUTE"],"mode":"matchingAnyTag"}} []
[2026-05-15T00:26:07.280317+00:00] main.DEBUG: cache_invalidate:  {"method":"GET","url":"http:/","invalidateInfo":{"tags":["EAV_ATTRIBUTE_32","FPC","MAGE"],"mode":"matchingTag"}} []
[2026-05-15T00:26:07.280497+00:00] main.DEBUG: cache_invalidate:  {"method":"GET","url":"http:/","invalidateInfo":{"tags":["EAV_ATTRIBUTE_32","FPC"],"mode":"matchingTag"}} []
[2026-05-15T00:26:07.280824+00:00] main.DEBUG: cache_invalidate:  {"method":"GET","url":"http:/","invalidateInfo":{"tags":["EAV_ENTITY_TYPES_CUSTOMER_ADDRESS_ENTITY","FPC","MAGE"],"mode":"matchingTag"}} []
[2026-05-15T00:26:07.280971+00:00] main.DEBUG: cache_invalidate:  {"method":"GET","url":"http:/","invalidateInfo":{"tags":["EAV_ENTITY_TYPES_CUSTOMER_ADDRESS_ENTITY","FPC"],"mode":"matchingTag"}} []
[2026-05-15T00:26:07.281307+00:00] main.DEBUG: cache_invalidate:  {"method":"GET","url":"http:/","invalidateInfo":{"tags":["EAV_FORM_adminhtml_customer_address_FORM","FPC","MAGE"],"mode":"matchingTag"}} []
[2026-05-15T00:26:07.281453+00:00] main.DEBUG: cache_invalidate:  {"method":"GET","url":"http:/","invalidateInfo":{"tags":["EAV_FORM_adminhtml_customer_address_FORM","FPC"],"mode":"matchingTag"}} []
[2026-05-15T00:26:07.281762+00:00] main.DEBUG: cache_invalidate:  {"method":"GET","url":"http:/","invalidateInfo":{"tags":["EAV_FORM_customer_address_edit_FORM","FPC","MAGE"],"mode":"matchingTag"}} []
[2026-05-15T00:26:07.281922+00:00] main.DEBUG: cache_invalidate:  {"method":"GET","url":"http:/","invalidateInfo":{"tags":["EAV_FORM_customer_address_edit_FORM","FPC"],"mode":"matchingTag"}} []
[2026-05-15T00:26:07.282260+00:00] main.DEBUG: cache_invalidate:  {"method":"GET","url":"http:/","invalidateInfo":{"tags":["EAV_FORM_customer_register_address_FORM","FPC","MAGE"],"mode":"matchingTag"}} []
[2026-05-15T00:26:07.282405+00:00] main.DEBUG: cache_invalidate:  {"method":"GET","url":"http:/","invalidateInfo":{"tags":["EAV_FORM_customer_register_address_FORM","FPC"],"mode":"matchingTag"}} []
[2026-05-15T00:26:07.282669+00:00] main.DEBUG: cache_invalidate:  {"method":"GET","url":"http:/","invalidateInfo":{"tags":["EAV_ATTRIBUTE_customer_address_region_id","FPC","MAGE"],"mode":"matchingTag"}} []
[2026-05-15T00:26:07.282784+00:00] main.DEBUG: cache_invalidate:  {"method":"GET","url":"http:/","invalidateInfo":{"tags":["EAV_ATTRIBUTE_customer_address_region_id","FPC"],"mode":"matchingTag"}} []
[2026-05-15T00:26:07.289811+00:00] main.DEBUG: cache_invalidate:  {"method":"GET","url":"http:/","invalidateInfo":{"tags":["EAV","MAGE"],"mode":"matchingTag"}} []
[2026-05-15T00:26:07.290606+00:00] main.DEBUG: cache_invalidate:  {"method":"GET","url":"http:/","invalidateInfo":{"tags":["EAV_ATTRIBUTE","MAGE"],"mode":"matchingTag"}} []
[2026-05-15T00:26:07.290759+00:00] main.DEBUG: cache_invalidate:  {"method":"GET","url":"http:/","invalidateInfo":{"tags":["EAV","EAV_ATTRIBUTE"],"mode":"matchingAnyTag"}} []
[2026-05-15T00:26:07.292154+00:00] main.DEBUG: cache_invalidate:  {"method":"GET","url":"http:/","invalidateInfo":{"tags":["EAV","MAGE"],"mode":"matchingTag"}} []
[2026-05-15T00:26:07.292874+00:00] main.DEBUG: cache_invalidate:  {"method":"GET","url":"http:/","invalidateInfo":{"tags":["EAV_ATTRIBUTE","MAGE"],"mode":"matchingTag"}} []
[2026-05-15T00:26:07.293022+00:00] main.DEBUG: cache_invalidate:  {"method":"GET","url":"http:/","invalidateInfo":{"tags":["EAV","EAV_ATTRIBUTE"],"mode":"matchingAnyTag"}} []
[2026-05-15T00:26:07.293616+00:00] main.DEBUG: cache_invalidate:  {"method":"GET","url":"http:/","invalidateInfo":{"tags":["EAV","MAGE"],"mode":"matchingTag"}} []
[2026-05-15T00:26:07.294204+00:00] main.DEBUG: cache_invalidate:  {"method":"GET","url":"http:/","invalidateInfo":{"tags":["EAV_ATTRIBUTE","MAGE"],"mode":"matchingTag"}} []
[2026-05-15T00:26:07.294334+00:00] main.DEBUG: cache_invalidate:  {"method":"GET","url":"http:/","invalidateInfo":{"tags":["EAV","EAV_ATTRIBUTE"],"mode":"matchingAnyTag"}} []
[2026-05-15T00:26:07.294961+00:00] main.DEBUG: cache_invalidate:  {"method":"GET","url":"http:/","invalidateInfo":{"tags":["EAV_ATTRIBUTE","MAGE"],"mode":"matchingTag"}} []
[2026-05-15T00:26:07.295100+00:00] main.DEBUG: cache_invalidate:  {"method":"GET","url":"http:/","invalidateInfo":{"tags":["EAV_ATTRIBUTE"],"mode":"matchingAnyTag"}} []
[2026-05-15T00:26:07.296752+00:00] main.DEBUG: cache_invalidate:  {"method":"GET","url":"http:/","invalidateInfo":{"tags":["EAV_ATTRIBUTE_23","FPC","MAGE"],"mode":"matchingTag"}} []
[2026-05-15T00:26:07.296978+00:00] main.DEBUG: cache_invalidate:  {"method":"GET","url":"http:/","invalidateInfo":{"tags":["EAV_ATTRIBUTE_23","FPC"],"mode":"matchingTag"}} []
[2026-05-15T00:26:07.297309+00:00] main.DEBUG: cache_invalidate:  {"method":"GET","url":"http:/","invalidateInfo":{"tags":["EAV_ENTITY_TYPES_CUSTOMER_ADDRESS_ENTITY","FPC","MAGE"],"mode":"matchingTag"}} []
[2026-05-15T00:26:07.297461+00:00] main.DEBUG: cache_invalidate:  {"method":"GET","url":"http:/","invalidateInfo":{"tags":["EAV_ENTITY_TYPES_CUSTOMER_ADDRESS_ENTITY","FPC"],"mode":"matchingTag"}} []
[2026-05-15T00:26:07.297710+00:00] main.DEBUG: cache_invalidate:  {"method":"GET","url":"http:/","invalidateInfo":{"tags":["EAV_FORM_adminhtml_customer_address_FORM","FPC","MAGE"],"mode":"matchingTag"}} []
[2026-05-15T00:26:07.297809+00:00] main.DEBUG: cache_invalidate:  {"method":"GET","url":"http:/","invalidateInfo":{"tags":["EAV_FORM_adminhtml_customer_address_FORM","FPC"],"mode":"matchingTag"}} []
[2026-05-15T00:26:07.298098+00:00] main.DEBUG: cache_invalidate:  {"method":"GET","url":"http:/","invalidateInfo":{"tags":["EAV_FORM_customer_address_edit_FORM","FPC","MAGE"],"mode":"matchingTag"}} []
[2026-05-15T00:26:07.298196+00:00] main.DEBUG: cache_invalidate:  {"method":"GET","url":"http:/","invalidateInfo":{"tags":["EAV_FORM_customer_address_edit_FORM","FPC"],"mode":"matchingTag"}} []
[2026-05-15T00:26:07.298390+00:00] main.DEBUG: cache_invalidate:  {"method":"GET","url":"http:/","invalidateInfo":{"tags":["EAV_FORM_customer_register_address_FORM","FPC","MAGE"],"mode":"matchingTag"}} []
[2026-05-15T00:26:07.298479+00:00] main.DEBUG: cache_invalidate:  {"method":"GET","url":"http:/","invalidateInfo":{"tags":["EAV_FORM_customer_register_address_FORM","FPC"],"mode":"matchingTag"}} []
[2026-05-15T00:26:07.298658+00:00] main.DEBUG: cache_invalidate:  {"method":"GET","url":"http:/","invalidateInfo":{"tags":["EAV_ATTRIBUTE_customer_address_firstname","FPC","MAGE"],"mode":"matchingTag"}} []
[2026-05-15T00:26:07.298745+00:00] main.DEBUG: cache_invalidate:  {"method":"GET","url":"http:/","invalidateInfo":{"tags":["EAV_ATTRIBUTE_customer_address_firstname","FPC"],"mode":"matchingTag"}} []
[2026-05-15T00:26:07.306261+00:00] main.DEBUG: cache_invalidate:  {"method":"GET","url":"http:/","invalidateInfo":{"tags":["EAV","MAGE"],"mode":"matchingTag"}} []
[2026-05-15T00:26:07.307203+00:00] main.DEBUG: cache_invalidate:  {"method":"GET","url":"http:/","invalidateInfo":{"tags":["EAV_ATTRIBUTE","MAGE"],"mode":"matchingTag"}} []
[2026-05-15T00:26:07.307344+00:00] main.DEBUG: cache_invalidate:  {"method":"GET","url":"http:/","invalidateInfo":{"tags":["EAV","EAV_ATTRIBUTE"],"mode":"matchingAnyTag"}} []
[2026-05-15T00:26:07.308814+00:00] main.DEBUG: cache_invalidate:  {"method":"GET","url":"http:/","invalidateInfo":{"tags":["EAV","MAGE"],"mode":"matchingTag"}} []
[2026-05-15T00:26:07.309509+00:00] main.DEBUG: cache_invalidate:  {"method":"GET","url":"http:/","invalidateInfo":{"tags":["EAV_ATTRIBUTE","MAGE"],"mode":"matchingTag"}} []
[2026-05-15T00:26:07.309631+00:00] main.DEBUG: cache_invalidate:  {"method":"GET","url":"http:/","invalidateInfo":{"tags":["EAV","EAV_ATTRIBUTE"],"mode":"matchingAnyTag"}} []
[2026-05-15T00:26:07.310317+00:00] main.DEBUG: cache_invalidate:  {"method":"GET","url":"http:/","invalidateInfo":{"tags":["EAV","MAGE"],"mode":"matchingTag"}} []
[2026-05-15T00:26:07.311185+00:00] main.DEBUG: cache_invalidate:  {"method":"GET","url":"http:/","invalidateInfo":{"tags":["EAV_ATTRIBUTE","MAGE"],"mode":"matchingTag"}} []
[2026-05-15T00:26:07.311342+00:00] main.DEBUG: cache_invalidate:  {"method":"GET","url":"http:/","invalidateInfo":{"tags":["EAV","EAV_ATTRIBUTE"],"mode":"matchingAnyTag"}} []
[2026-05-15T00:26:07.312155+00:00] main.DEBUG: cache_invalidate:  {"method":"GET","url":"http:/","invalidateInfo":{"tags":["EAV_ATTRIBUTE","MAGE"],"mode":"matchingTag"}} []
[2026-05-15T00:26:07.312278+00:00] main.DEBUG: cache_invalidate:  {"method":"GET","url":"http:/","invalidateInfo":{"tags":["EAV_ATTRIBUTE"],"mode":"matchingAnyTag"}} []
[2026-05-15T00:26:07.313750+00:00] main.DEBUG: cache_invalidate:  {"method":"GET","url":"http:/","invalidateInfo":{"tags":["EAV_ATTRIBUTE_25","FPC","MAGE"],"mode":"matchingTag"}} []
[2026-05-15T00:26:07.313908+00:00] main.DEBUG: cache_invalidate:  {"method":"GET","url":"http:/","invalidateInfo":{"tags":["EAV_ATTRIBUTE_25","FPC"],"mode":"matchingTag"}} []
[2026-05-15T00:26:07.314142+00:00] main.DEBUG: cache_invalidate:  {"method":"GET","url":"http:/","invalidateInfo":{"tags":["EAV_ENTITY_TYPES_CUSTOMER_ADDRESS_ENTITY","FPC","MAGE"],"mode":"matchingTag"}} []
[2026-05-15T00:26:07.314244+00:00] main.DEBUG: cache_invalidate:  {"method":"GET","url":"http:/","invalidateInfo":{"tags":["EAV_ENTITY_TYPES_CUSTOMER_ADDRESS_ENTITY","FPC"],"mode":"matchingTag"}} []
[2026-05-15T00:26:07.314430+00:00] main.DEBUG: cache_invalidate:  {"method":"GET","url":"http:/","invalidateInfo":{"tags":["EAV_FORM_adminhtml_customer_address_FORM","FPC","MAGE"],"mode":"matchingTag"}} []
[2026-05-15T00:26:07.314538+00:00] main.DEBUG: cache_invalidate:  {"method":"GET","url":"http:/","invalidateInfo":{"tags":["EAV_FORM_adminhtml_customer_address_FORM","FPC"],"mode":"matchingTag"}} []
[2026-05-15T00:26:07.314722+00:00] main.DEBUG: cache_invalidate:  {"method":"GET","url":"http:/","invalidateInfo":{"tags":["EAV_FORM_customer_address_edit_FORM","FPC","MAGE"],"mode":"matchingTag"}} []
[2026-05-15T00:26:07.314811+00:00] main.DEBUG: cache_invalidate:  {"method":"GET","url":"http:/","invalidateInfo":{"tags":["EAV_FORM_customer_address_edit_FORM","FPC"],"mode":"matchingTag"}} []
[2026-05-15T00:26:07.314991+00:00] main.DEBUG: cache_invalidate:  {"method":"GET","url":"http:/","invalidateInfo":{"tags":["EAV_FORM_customer_register_address_FORM","FPC","MAGE"],"mode":"matchingTag"}} []
[2026-05-15T00:26:07.315101+00:00] main.DEBUG: cache_invalidate:  {"method":"GET","url":"http:/","invalidateInfo":{"tags":["EAV_FORM_customer_register_address_FORM","FPC"],"mode":"matchingTag"}} []
[2026-05-15T00:26:07.315313+00:00] main.DEBUG: cache_invalidate:  {"method":"GET","url":"http:/","invalidateInfo":{"tags":["EAV_ATTRIBUTE_customer_address_lastname","FPC","MAGE"],"mode":"matchingTag"}} []
[2026-05-15T00:26:07.315407+00:00] main.DEBUG: cache_invalidate:  {"method":"GET","url":"http:/","invalidateInfo":{"tags":["EAV_ATTRIBUTE_customer_address_lastname","FPC"],"mode":"matchingTag"}} []
[2026-05-15T00:26:07.316790+00:00] main.DEBUG: cache_invalidate:  {"method":"GET","url":"http:/","invalidateInfo":{"tags":["EAV_ATTRIBUTE_32","FPC","MAGE"],"mode":"matchingTag"}} []
[2026-05-15T00:26:07.316939+00:00] main.DEBUG: cache_invalidate:  {"method":"GET","url":"http:/","invalidateInfo":{"tags":["EAV_ATTRIBUTE_32","FPC"],"mode":"matchingTag"}} []
[2026-05-15T00:26:07.317171+00:00] main.DEBUG: cache_invalidate:  {"method":"GET","url":"http:/","invalidateInfo":{"tags":["EAV_ATTRIBUTE_customer_address_region_id","FPC","MAGE"],"mode":"matchingTag"}} []
[2026-05-15T00:26:07.317275+00:00] main.DEBUG: cache_invalidate:  {"method":"GET","url":"http:/","invalidateInfo":{"tags":["EAV_ATTRIBUTE_customer_address_region_id","FPC"],"mode":"matchingTag"}} []
[2026-05-15T00:26:07.317983+00:00] main.DEBUG: cache_invalidate:  {"method":"GET","url":"http:/","invalidateInfo":{"tags":["EAV_ATTRIBUTE_23","FPC","MAGE"],"mode":"matchingTag"}} []
[2026-05-15T00:26:07.318163+00:00] main.DEBUG: cache_invalidate:  {"method":"GET","url":"http:/","invalidateInfo":{"tags":["EAV_ATTRIBUTE_23","FPC"],"mode":"matchingTag"}} []
[2026-05-15T00:26:07.318533+00:00] main.DEBUG: cache_invalidate:  {"method":"GET","url":"http:/","invalidateInfo":{"tags":["EAV_ATTRIBUTE_customer_address_firstname","FPC","MAGE"],"mode":"matchingTag"}} []
[2026-05-15T00:26:07.318706+00:00] main.DEBUG: cache_invalidate:  {"method":"GET","url":"http:/","invalidateInfo":{"tags":["EAV_ATTRIBUTE_customer_address_firstname","FPC"],"mode":"matchingTag"}} []
[2026-05-15T00:26:07.319763+00:00] main.DEBUG: cache_invalidate:  {"method":"GET","url":"http:/","invalidateInfo":{"tags":["EAV_ATTRIBUTE_25","FPC","MAGE"],"mode":"matchingTag"}} []
[2026-05-15T00:26:07.319940+00:00] main.DEBUG: cache_invalidate:  {"method":"GET","url":"http:/","invalidateInfo":{"tags":["EAV_ATTRIBUTE_25","FPC"],"mode":"matchingTag"}} []
[2026-05-15T00:26:07.320237+00:00] main.DEBUG: cache_invalidate:  {"method":"GET","url":"http:/","invalidateInfo":{"tags":["EAV_ATTRIBUTE_customer_address_lastname","FPC","MAGE"],"mode":"matchingTag"}} []
[2026-05-15T00:26:07.320361+00:00] main.DEBUG: cache_invalidate:  {"method":"GET","url":"http:/","invalidateInfo":{"tags":["EAV_ATTRIBUTE_customer_address_lastname","FPC"],"mode":"matchingTag"}} []
[2026-05-15T00:26:07.336603+00:00] main.DEBUG: cache_invalidate:  {"method":"GET","url":"http:/","invalidateInfo":{"tags":["EAV","MAGE"],"mode":"matchingTag"}} []
[2026-05-15T00:26:07.337592+00:00] main.DEBUG: cache_invalidate:  {"method":"GET","url":"http:/","invalidateInfo":{"tags":["EAV_ATTRIBUTE","MAGE"],"mode":"matchingTag"}} []
[2026-05-15T00:26:07.337807+00:00] main.DEBUG: cache_invalidate:  {"method":"GET","url":"http:/","invalidateInfo":{"tags":["EAV","EAV_ATTRIBUTE"],"mode":"matchingAnyTag"}} []
[2026-05-15T00:26:07.339630+00:00] main.DEBUG: cache_invalidate:  {"method":"GET","url":"http:/","invalidateInfo":{"tags":["EAV","MAGE"],"mode":"matchingTag"}} []
[2026-05-15T00:26:07.340542+00:00] main.DEBUG: cache_invalidate:  {"method":"GET","url":"http:/","invalidateInfo":{"tags":["EAV_ATTRIBUTE","MAGE"],"mode":"matchingTag"}} []
[2026-05-15T00:26:07.340707+00:00] main.DEBUG: cache_invalidate:  {"method":"GET","url":"http:/","invalidateInfo":{"tags":["EAV","EAV_ATTRIBUTE"],"mode":"matchingAnyTag"}} []
[2026-05-15T00:26:07.341465+00:00] main.DEBUG: cache_invalidate:  {"method":"GET","url":"http:/","invalidateInfo":{"tags":["EAV","MAGE"],"mode":"matchingTag"}} []
[2026-05-15T00:26:07.342202+00:00] main.DEBUG: cache_invalidate:  {"method":"GET","url":"http:/","invalidateInfo":{"tags":["EAV_ATTRIBUTE","MAGE"],"mode":"matchingTag"}} []
[2026-05-15T00:26:07.342335+00:00] main.DEBUG: cache_invalidate:  {"method":"GET","url":"http:/","invalidateInfo":{"tags":["EAV","EAV_ATTRIBUTE"],"mode":"matchingAnyTag"}} []
[2026-05-15T00:26:07.343151+00:00] main.DEBUG: cache_invalidate:  {"method":"GET","url":"http:/","invalidateInfo":{"tags":["EAV_ATTRIBUTE","MAGE"],"mode":"matchingTag"}} []
[2026-05-15T00:26:07.343283+00:00] main.DEBUG: cache_invalidate:  {"method":"GET","url":"http:/","invalidateInfo":{"tags":["EAV_ATTRIBUTE"],"mode":"matchingAnyTag"}} []
[2026-05-15T00:26:07.344977+00:00] main.DEBUG: cache_invalidate:  {"method":"GET","url":"http:/","invalidateInfo":{"tags":["EAV_ATTRIBUTE_35","FPC","MAGE"],"mode":"matchingTag"}} []
[2026-05-15T00:26:07.345166+00:00] main.DEBUG: cache_invalidate:  {"method":"GET","url":"http:/","invalidateInfo":{"tags":["EAV_ATTRIBUTE_35","FPC"],"mode":"matchingTag"}} []
[2026-05-15T00:26:07.345475+00:00] main.DEBUG: cache_invalidate:  {"method":"GET","url":"http:/","invalidateInfo":{"tags":["EAV_ENTITY_TYPES_CUSTOMER_ADDRESS_ENTITY","FPC","MAGE"],"mode":"matchingTag"}} []
[2026-05-15T00:26:07.345606+00:00] main.DEBUG: cache_invalidate:  {"method":"GET","url":"http:/","invalidateInfo":{"tags":["EAV_ENTITY_TYPES_CUSTOMER_ADDRESS_ENTITY","FPC"],"mode":"matchingTag"}} []
[2026-05-15T00:26:07.345840+00:00] main.DEBUG: cache_invalidate:  {"method":"GET","url":"http:/","invalidateInfo":{"tags":["EAV_FORM_adminhtml_customer_address_FORM","FPC","MAGE"],"mode":"matchingTag"}} []
[2026-05-15T00:26:07.345997+00:00] main.DEBUG: cache_invalidate:  {"method":"GET","url":"http:/","invalidateInfo":{"tags":["EAV_FORM_adminhtml_customer_address_FORM","FPC"],"mode":"matchingTag"}} []
[2026-05-15T00:26:07.346251+00:00] main.DEBUG: cache_invalidate:  {"method":"GET","url":"http:/","invalidateInfo":{"tags":["EAV_FORM_customer_address_edit_FORM","FPC","MAGE"],"mode":"matchingTag"}} []
[2026-05-15T00:26:07.346351+00:00] main.DEBUG: cache_invalidate:  {"method":"GET","url":"http:/","invalidateInfo":{"tags":["EAV_FORM_customer_address_edit_FORM","FPC"],"mode":"matchingTag"}} []
[2026-05-15T00:26:07.346564+00:00] main.DEBUG: cache_invalidate:  {"method":"GET","url":"http:/","invalidateInfo":{"tags":["EAV_FORM_customer_register_address_FORM","FPC","MAGE"],"mode":"matchingTag"}} []
[2026-05-15T00:26:07.346656+00:00] main.DEBUG: cache_invalidate:  {"method":"GET","url":"http:/","invalidateInfo":{"tags":["EAV_FORM_customer_register_address_FORM","FPC"],"mode":"matchingTag"}} []
[2026-05-15T00:26:07.346859+00:00] main.DEBUG: cache_invalidate:  {"method":"GET","url":"http:/","invalidateInfo":{"tags":["EAV_ATTRIBUTE_customer_address_fax","FPC","MAGE"],"mode":"matchingTag"}} []
[2026-05-15T00:26:07.346997+00:00] main.DEBUG: cache_invalidate:  {"method":"GET","url":"http:/","invalidateInfo":{"tags":["EAV_ATTRIBUTE_customer_address_fax","FPC"],"mode":"matchingTag"}} []
[2026-05-15T00:26:07.349500+00:00] main.DEBUG: cache_invalidate:  {"method":"GET","url":"http:/","invalidateInfo":{"tags":["EAV_ATTRIBUTE_35","FPC","MAGE"],"mode":"matchingTag"}} []
[2026-05-15T00:26:07.349668+00:00] main.DEBUG: cache_invalidate:  {"method":"GET","url":"http:/","invalidateInfo":{"tags":["EAV_ATTRIBUTE_35","FPC"],"mode":"matchingTag"}} []
[2026-05-15T00:26:07.349921+00:00] main.DEBUG: cache_invalidate:  {"method":"GET","url":"http:/","invalidateInfo":{"tags":["EAV_ATTRIBUTE_customer_address_fax","FPC","MAGE"],"mode":"matchingTag"}} []
[2026-05-15T00:26:07.350075+00:00] main.DEBUG: cache_invalidate:  {"method":"GET","url":"http:/","invalidateInfo":{"tags":["EAV_ATTRIBUTE_customer_address_fax","FPC"],"mode":"matchingTag"}} []
[2026-05-15T00:26:07.387718+00:00] main.DEBUG: cache_invalidate:  {"method":"GET","url":"http:/","invalidateInfo":{"tags":["EAV","MAGE"],"mode":"matchingTag"}} []
[2026-05-15T00:26:07.388433+00:00] main.DEBUG: cache_invalidate:  {"method":"GET","url":"http:/","invalidateInfo":{"tags":["EAV_ATTRIBUTE","MAGE"],"mode":"matchingTag"}} []
[2026-05-15T00:26:07.388553+00:00] main.DEBUG: cache_invalidate:  {"method":"GET","url":"http:/","invalidateInfo":{"tags":["EAV","EAV_ATTRIBUTE"],"mode":"matchingAnyTag"}} []
[2026-05-15T00:26:07.389956+00:00] main.DEBUG: cache_invalidate:  {"method":"GET","url":"http:/","invalidateInfo":{"tags":["EAV","MAGE"],"mode":"matchingTag"}} []
[2026-05-15T00:26:07.390837+00:00] main.DEBUG: cache_invalidate:  {"method":"GET","url":"http:/","invalidateInfo":{"tags":["EAV_ATTRIBUTE","MAGE"],"mode":"matchingTag"}} []
[2026-05-15T00:26:07.390974+00:00] main.DEBUG: cache_invalidate:  {"method":"GET","url":"http:/","invalidateInfo":{"tags":["EAV","EAV_ATTRIBUTE"],"mode":"matchingAnyTag"}} []
[2026-05-15T00:26:07.391654+00:00] main.DEBUG: cache_invalidate:  {"method":"GET","url":"http:/","invalidateInfo":{"tags":["EAV","MAGE"],"mode":"matchingTag"}} []
[2026-05-15T00:26:07.392229+00:00] main.DEBUG: cache_invalidate:  {"method":"GET","url":"http:/","invalidateInfo":{"tags":["EAV_ATTRIBUTE","MAGE"],"mode":"matchingTag"}} []
[2026-05-15T00:26:07.392341+00:00] main.DEBUG: cache_invalidate:  {"method":"GET","url":"http:/","invalidateInfo":{"tags":["EAV","EAV_ATTRIBUTE"],"mode":"matchingAnyTag"}} []
[2026-05-15T00:26:07.392984+00:00] main.DEBUG: cache_invalidate:  {"method":"GET","url":"http:/","invalidateInfo":{"tags":["EAV_ATTRIBUTE","MAGE"],"mode":"matchingTag"}} []
[2026-05-15T00:26:07.393105+00:00] main.DEBUG: cache_invalidate:  {"method":"GET","url":"http:/","invalidateInfo":{"tags":["EAV_ATTRIBUTE"],"mode":"matchingAnyTag"}} []
[2026-05-15T00:26:07.394734+00:00] main.DEBUG: cache_invalidate:  {"method":"GET","url":"http:/","invalidateInfo":{"tags":["EAV_ATTRIBUTE_30","FPC","MAGE"],"mode":"matchingTag"}} []
[2026-05-15T00:26:07.394900+00:00] main.DEBUG: cache_invalidate:  {"method":"GET","url":"http:/","invalidateInfo":{"tags":["EAV_ATTRIBUTE_30","FPC"],"mode":"matchingTag"}} []
[2026-05-15T00:26:07.395224+00:00] main.DEBUG: cache_invalidate:  {"method":"GET","url":"http:/","invalidateInfo":{"tags":["EAV_ENTITY_TYPES_CUSTOMER_ADDRESS_ENTITY","FPC","MAGE"],"mode":"matchingTag"}} []
[2026-05-15T00:26:07.395356+00:00] main.DEBUG: cache_invalidate:  {"method":"GET","url":"http:/","invalidateInfo":{"tags":["EAV_ENTITY_TYPES_CUSTOMER_ADDRESS_ENTITY","FPC"],"mode":"matchingTag"}} []
[2026-05-15T00:26:07.395660+00:00] main.DEBUG: cache_invalidate:  {"method":"GET","url":"http:/","invalidateInfo":{"tags":["EAV_FORM_adminhtml_customer_address_FORM","FPC","MAGE"],"mode":"matchingTag"}} []
[2026-05-15T00:26:07.395779+00:00] main.DEBUG: cache_invalidate:  {"method":"GET","url":"http:/","invalidateInfo":{"tags":["EAV_FORM_adminhtml_customer_address_FORM","FPC"],"mode":"matchingTag"}} []
[2026-05-15T00:26:07.396003+00:00] main.DEBUG: cache_invalidate:  {"method":"GET","url":"http:/","invalidateInfo":{"tags":["EAV_FORM_customer_address_edit_FORM","FPC","MAGE"],"mode":"matchingTag"}} []
[2026-05-15T00:26:07.396117+00:00] main.DEBUG: cache_invalidate:  {"method":"GET","url":"http:/","invalidateInfo":{"tags":["EAV_FORM_customer_address_edit_FORM","FPC"],"mode":"matchingTag"}} []
[2026-05-15T00:26:07.396306+00:00] main.DEBUG: cache_invalidate:  {"method":"GET","url":"http:/","invalidateInfo":{"tags":["EAV_FORM_customer_register_address_FORM","FPC","MAGE"],"mode":"matchingTag"}} []
[2026-05-15T00:26:07.396408+00:00] main.DEBUG: cache_invalidate:  {"method":"GET","url":"http:/","invalidateInfo":{"tags":["EAV_FORM_customer_register_address_FORM","FPC"],"mode":"matchingTag"}} []
[2026-05-15T00:26:07.396613+00:00] main.DEBUG: cache_invalidate:  {"method":"GET","url":"http:/","invalidateInfo":{"tags":["EAV_ATTRIBUTE_customer_address_country_id","FPC","MAGE"],"mode":"matchingTag"}} []
[2026-05-15T00:26:07.396701+00:00] main.DEBUG: cache_invalidate:  {"method":"GET","url":"http:/","invalidateInfo":{"tags":["EAV_ATTRIBUTE_customer_address_country_id","FPC"],"mode":"matchingTag"}} []
[2026-05-15T00:26:07.403254+00:00] main.DEBUG: cache_invalidate:  {"method":"GET","url":"http:/","invalidateInfo":{"tags":["EAV","MAGE"],"mode":"matchingTag"}} []
[2026-05-15T00:26:07.403950+00:00] main.DEBUG: cache_invalidate:  {"method":"GET","url":"http:/","invalidateInfo":{"tags":["EAV_ATTRIBUTE","MAGE"],"mode":"matchingTag"}} []
[2026-05-15T00:26:07.404083+00:00] main.DEBUG: cache_invalidate:  {"method":"GET","url":"http:/","invalidateInfo":{"tags":["EAV","EAV_ATTRIBUTE"],"mode":"matchingAnyTag"}} []
[2026-05-15T00:26:07.405500+00:00] main.DEBUG: cache_invalidate:  {"method":"GET","url":"http:/","invalidateInfo":{"tags":["EAV","MAGE"],"mode":"matchingTag"}} []
[2026-05-15T00:26:07.406194+00:00] main.DEBUG: cache_invalidate:  {"method":"GET","url":"http:/","invalidateInfo":{"tags":["EAV_ATTRIBUTE","MAGE"],"mode":"matchingTag"}} []
[2026-05-15T00:26:07.406332+00:00] main.DEBUG: cache_invalidate:  {"method":"GET","url":"http:/","invalidateInfo":{"tags":["EAV","EAV_ATTRIBUTE"],"mode":"matchingAnyTag"}} []
[2026-05-15T00:26:07.407019+00:00] main.DEBUG: cache_invalidate:  {"method":"GET","url":"http:/","invalidateInfo":{"tags":["EAV","MAGE"],"mode":"matchingTag"}} []
[2026-05-15T00:26:07.407722+00:00] main.DEBUG: cache_invalidate:  {"method":"GET","url":"http:/","invalidateInfo":{"tags":["EAV_ATTRIBUTE","MAGE"],"mode":"matchingTag"}} []
[2026-05-15T00:26:07.407838+00:00] main.DEBUG: cache_invalidate:  {"method":"GET","url":"http:/","invalidateInfo":{"tags":["EAV","EAV_ATTRIBUTE"],"mode":"matchingAnyTag"}} []
[2026-05-15T00:26:07.408552+00:00] main.DEBUG: cache_invalidate:  {"method":"GET","url":"http:/","invalidateInfo":{"tags":["EAV_ATTRIBUTE","MAGE"],"mode":"matchingTag"}} []
[2026-05-15T00:26:07.408664+00:00] main.DEBUG: cache_invalidate:  {"method":"GET","url":"http:/","invalidateInfo":{"tags":["EAV_ATTRIBUTE"],"mode":"matchingAnyTag"}} []
[2026-05-15T00:26:07.410169+00:00] main.DEBUG: cache_invalidate:  {"method":"GET","url":"http:/","invalidateInfo":{"tags":["EAV_ATTRIBUTE_31","FPC","MAGE"],"mode":"matchingTag"}} []
[2026-05-15T00:26:07.410325+00:00] main.DEBUG: cache_invalidate:  {"method":"GET","url":"http:/","invalidateInfo":{"tags":["EAV_ATTRIBUTE_31","FPC"],"mode":"matchingTag"}} []
[2026-05-15T00:26:07.410567+00:00] main.DEBUG: cache_invalidate:  {"method":"GET","url":"http:/","invalidateInfo":{"tags":["EAV_ENTITY_TYPES_CUSTOMER_ADDRESS_ENTITY","FPC","MAGE"],"mode":"matchingTag"}} []
[2026-05-15T00:26:07.410668+00:00] main.DEBUG: cache_invalidate:  {"method":"GET","url":"http:/","invalidateInfo":{"tags":["EAV_ENTITY_TYPES_CUSTOMER_ADDRESS_ENTITY","FPC"],"mode":"matchingTag"}} []
[2026-05-15T00:26:07.410908+00:00] main.DEBUG: cache_invalidate:  {"method":"GET","url":"http:/","invalidateInfo":{"tags":["EAV_FORM_adminhtml_customer_address_FORM","FPC","MAGE"],"mode":"matchingTag"}} []
[2026-05-15T00:26:07.410999+00:00] main.DEBUG: cache_invalidate:  {"method":"GET","url":"http:/","invalidateInfo":{"tags":["EAV_FORM_adminhtml_customer_address_FORM","FPC"],"mode":"matchingTag"}} []
[2026-05-15T00:26:07.411263+00:00] main.DEBUG: cache_invalidate:  {"method":"GET","url":"http:/","invalidateInfo":{"tags":["EAV_FORM_customer_address_edit_FORM","FPC","MAGE"],"mode":"matchingTag"}} []
[2026-05-15T00:26:07.411353+00:00] main.DEBUG: cache_invalidate:  {"method":"GET","url":"http:/","invalidateInfo":{"tags":["EAV_FORM_customer_address_edit_FORM","FPC"],"mode":"matchingTag"}} []
[2026-05-15T00:26:07.411556+00:00] main.DEBUG: cache_invalidate:  {"method":"GET","url":"http:/","invalidateInfo":{"tags":["EAV_FORM_customer_register_address_FORM","FPC","MAGE"],"mode":"matchingTag"}} []
[2026-05-15T00:26:07.411645+00:00] main.DEBUG: cache_invalidate:  {"method":"GET","url":"http:/","invalidateInfo":{"tags":["EAV_FORM_customer_register_address_FORM","FPC"],"mode":"matchingTag"}} []
[2026-05-15T00:26:07.411824+00:00] main.DEBUG: cache_invalidate:  {"method":"GET","url":"http:/","invalidateInfo":{"tags":["EAV_ATTRIBUTE_customer_address_region","FPC","MAGE"],"mode":"matchingTag"}} []
[2026-05-15T00:26:07.411910+00:00] main.DEBUG: cache_invalidate:  {"method":"GET","url":"http:/","invalidateInfo":{"tags":["EAV_ATTRIBUTE_customer_address_region","FPC"],"mode":"matchingTag"}} []
[2026-05-15T00:26:07.418451+00:00] main.DEBUG: cache_invalidate:  {"method":"GET","url":"http:/","invalidateInfo":{"tags":["EAV","MAGE"],"mode":"matchingTag"}} []
[2026-05-15T00:26:07.419171+00:00] main.DEBUG: cache_invalidate:  {"method":"GET","url":"http:/","invalidateInfo":{"tags":["EAV_ATTRIBUTE","MAGE"],"mode":"matchingTag"}} []
[2026-05-15T00:26:07.419292+00:00] main.DEBUG: cache_invalidate:  {"method":"GET","url":"http:/","invalidateInfo":{"tags":["EAV","EAV_ATTRIBUTE"],"mode":"matchingAnyTag"}} []
[2026-05-15T00:26:07.420811+00:00] main.DEBUG: cache_invalidate:  {"method":"GET","url":"http:/","invalidateInfo":{"tags":["EAV","MAGE"],"mode":"matchingTag"}} []
[2026-05-15T00:26:07.421618+00:00] main.DEBUG: cache_invalidate:  {"method":"GET","url":"http:/","invalidateInfo":{"tags":["EAV_ATTRIBUTE","MAGE"],"mode":"matchingTag"}} []
[2026-05-15T00:26:07.421758+00:00] main.DEBUG: cache_invalidate:  {"method":"GET","url":"http:/","invalidateInfo":{"tags":["EAV","EAV_ATTRIBUTE"],"mode":"matchingAnyTag"}} []
[2026-05-15T00:26:07.422415+00:00] main.DEBUG: cache_invalidate:  {"method":"GET","url":"http:/","invalidateInfo":{"tags":["EAV","MAGE"],"mode":"matchingTag"}} []
[2026-05-15T00:26:07.423035+00:00] main.DEBUG: cache_invalidate:  {"method":"GET","url":"http:/","invalidateInfo":{"tags":["EAV_ATTRIBUTE","MAGE"],"mode":"matchingTag"}} []
[2026-05-15T00:26:07.423172+00:00] main.DEBUG: cache_invalidate:  {"method":"GET","url":"http:/","invalidateInfo":{"tags":["EAV","EAV_ATTRIBUTE"],"mode":"matchingAnyTag"}} []
[2026-05-15T00:26:07.423841+00:00] main.DEBUG: cache_invalidate:  {"method":"GET","url":"http:/","invalidateInfo":{"tags":["EAV_ATTRIBUTE","MAGE"],"mode":"matchingTag"}} []
[2026-05-15T00:26:07.423964+00:00] main.DEBUG: cache_invalidate:  {"method":"GET","url":"http:/","invalidateInfo":{"tags":["EAV_ATTRIBUTE"],"mode":"matchingAnyTag"}} []
[2026-05-15T00:26:07.425650+00:00] main.DEBUG: cache_invalidate:  {"method":"GET","url":"http:/","invalidateInfo":{"tags":["EAV_ATTRIBUTE_32","FPC","MAGE"],"mode":"matchingTag"}} []
[2026-05-15T00:26:07.425826+00:00] main.DEBUG: cache_invalidate:  {"method":"GET","url":"http:/","invalidateInfo":{"tags":["EAV_ATTRIBUTE_32","FPC"],"mode":"matchingTag"}} []
[2026-05-15T00:26:07.426171+00:00] main.DEBUG: cache_invalidate:  {"method":"GET","url":"http:/","invalidateInfo":{"tags":["EAV_ENTITY_TYPES_CUSTOMER_ADDRESS_ENTITY","FPC","MAGE"],"mode":"matchingTag"}} []
[2026-05-15T00:26:07.426290+00:00] main.DEBUG: cache_invalidate:  {"method":"GET","url":"http:/","invalidateInfo":{"tags":["EAV_ENTITY_TYPES_CUSTOMER_ADDRESS_ENTITY","FPC"],"mode":"matchingTag"}} []
[2026-05-15T00:26:07.426572+00:00] main.DEBUG: cache_invalidate:  {"method":"GET","url":"http:/","invalidateInfo":{"tags":["EAV_FORM_adminhtml_customer_address_FORM","FPC","MAGE"],"mode":"matchingTag"}} []
[2026-05-15T00:26:07.426682+00:00] main.DEBUG: cache_invalidate:  {"method":"GET","url":"http:/","invalidateInfo":{"tags":["EAV_FORM_adminhtml_customer_address_FORM","FPC"],"mode":"matchingTag"}} []
[2026-05-15T00:26:07.426960+00:00] main.DEBUG: cache_invalidate:  {"method":"GET","url":"http:/","invalidateInfo":{"tags":["EAV_FORM_customer_address_edit_FORM","FPC","MAGE"],"mode":"matchingTag"}} []
[2026-05-15T00:26:07.427106+00:00] main.DEBUG: cache_invalidate:  {"method":"GET","url":"http:/","invalidateInfo":{"tags":["EAV_FORM_customer_address_edit_FORM","FPC"],"mode":"matchingTag"}} []
[2026-05-15T00:26:07.427375+00:00] main.DEBUG: cache_invalidate:  {"method":"GET","url":"http:/","invalidateInfo":{"tags":["EAV_FORM_customer_register_address_FORM","FPC","MAGE"],"mode":"matchingTag"}} []
[2026-05-15T00:26:07.427484+00:00] main.DEBUG: cache_invalidate:  {"method":"GET","url":"http:/","invalidateInfo":{"tags":["EAV_FORM_customer_register_address_FORM","FPC"],"mode":"matchingTag"}} []
[2026-05-15T00:26:07.427732+00:00] main.DEBUG: cache_invalidate:  {"method":"GET","url":"http:/","invalidateInfo":{"tags":["EAV_ATTRIBUTE_customer_address_region_id","FPC","MAGE"],"mode":"matchingTag"}} []
[2026-05-15T00:26:07.427836+00:00] main.DEBUG: cache_invalidate:  {"method":"GET","url":"http:/","invalidateInfo":{"tags":["EAV_ATTRIBUTE_customer_address_region_id","FPC"],"mode":"matchingTag"}} []
[2026-05-15T00:26:07.434434+00:00] main.DEBUG: cache_invalidate:  {"method":"GET","url":"http:/","invalidateInfo":{"tags":["EAV","MAGE"],"mode":"matchingTag"}} []
[2026-05-15T00:26:07.435205+00:00] main.DEBUG: cache_invalidate:  {"method":"GET","url":"http:/","invalidateInfo":{"tags":["EAV_ATTRIBUTE","MAGE"],"mode":"matchingTag"}} []
[2026-05-15T00:26:07.435348+00:00] main.DEBUG: cache_invalidate:  {"method":"GET","url":"http:/","invalidateInfo":{"tags":["EAV","EAV_ATTRIBUTE"],"mode":"matchingAnyTag"}} []
[2026-05-15T00:26:07.436847+00:00] main.DEBUG: cache_invalidate:  {"method":"GET","url":"http:/","invalidateInfo":{"tags":["EAV","MAGE"],"mode":"matchingTag"}} []
[2026-05-15T00:26:07.437634+00:00] main.DEBUG: cache_invalidate:  {"method":"GET","url":"http:/","invalidateInfo":{"tags":["EAV_ATTRIBUTE","MAGE"],"mode":"matchingTag"}} []
[2026-05-15T00:26:07.437781+00:00] main.DEBUG: cache_invalidate:  {"method":"GET","url":"http:/","invalidateInfo":{"tags":["EAV","EAV_ATTRIBUTE"],"mode":"matchingAnyTag"}} []
[2026-05-15T00:26:07.438409+00:00] main.DEBUG: cache_invalidate:  {"method":"GET","url":"http:/","invalidateInfo":{"tags":["EAV","MAGE"],"mode":"matchingTag"}} []
[2026-05-15T00:26:07.438975+00:00] main.DEBUG: cache_invalidate:  {"method":"GET","url":"http:/","invalidateInfo":{"tags":["EAV_ATTRIBUTE","MAGE"],"mode":"matchingTag"}} []
[2026-05-15T00:26:07.439114+00:00] main.DEBUG: cache_invalidate:  {"method":"GET","url":"http:/","invalidateInfo":{"tags":["EAV","EAV_ATTRIBUTE"],"mode":"matchingAnyTag"}} []
[2026-05-15T00:26:07.439721+00:00] main.DEBUG: cache_invalidate:  {"method":"GET","url":"http:/","invalidateInfo":{"tags":["EAV_ATTRIBUTE","MAGE"],"mode":"matchingTag"}} []
[2026-05-15T00:26:07.439844+00:00] main.DEBUG: cache_invalidate:  {"method":"GET","url":"http:/","invalidateInfo":{"tags":["EAV_ATTRIBUTE"],"mode":"matchingAnyTag"}} []
[2026-05-15T00:26:07.441441+00:00] main.DEBUG: cache_invalidate:  {"method":"GET","url":"http:/","invalidateInfo":{"tags":["EAV_ATTRIBUTE_29","FPC","MAGE"],"mode":"matchingTag"}} []
[2026-05-15T00:26:07.441622+00:00] main.DEBUG: cache_invalidate:  {"method":"GET","url":"http:/","invalidateInfo":{"tags":["EAV_ATTRIBUTE_29","FPC"],"mode":"matchingTag"}} []
[2026-05-15T00:26:07.441910+00:00] main.DEBUG: cache_invalidate:  {"method":"GET","url":"http:/","invalidateInfo":{"tags":["EAV_ENTITY_TYPES_CUSTOMER_ADDRESS_ENTITY","FPC","MAGE"],"mode":"matchingTag"}} []
[2026-05-15T00:26:07.442078+00:00] main.DEBUG: cache_invalidate:  {"method":"GET","url":"http:/","invalidateInfo":{"tags":["EAV_ENTITY_TYPES_CUSTOMER_ADDRESS_ENTITY","FPC"],"mode":"matchingTag"}} []
[2026-05-15T00:26:07.442385+00:00] main.DEBUG: cache_invalidate:  {"method":"GET","url":"http:/","invalidateInfo":{"tags":["EAV_FORM_adminhtml_customer_address_FORM","FPC","MAGE"],"mode":"matchingTag"}} []
[2026-05-15T00:26:07.442530+00:00] main.DEBUG: cache_invalidate:  {"method":"GET","url":"http:/","invalidateInfo":{"tags":["EAV_FORM_adminhtml_customer_address_FORM","FPC"],"mode":"matchingTag"}} []
[2026-05-15T00:26:07.442843+00:00] main.DEBUG: cache_invalidate:  {"method":"GET","url":"http:/","invalidateInfo":{"tags":["EAV_FORM_customer_address_edit_FORM","FPC","MAGE"],"mode":"matchingTag"}} []
[2026-05-15T00:26:07.443000+00:00] main.DEBUG: cache_invalidate:  {"method":"GET","url":"http:/","invalidateInfo":{"tags":["EAV_FORM_customer_address_edit_FORM","FPC"],"mode":"matchingTag"}} []
[2026-05-15T00:26:07.443324+00:00] main.DEBUG: cache_invalidate:  {"method":"GET","url":"http:/","invalidateInfo":{"tags":["EAV_FORM_customer_register_address_FORM","FPC","MAGE"],"mode":"matchingTag"}} []
[2026-05-15T00:26:07.443469+00:00] main.DEBUG: cache_invalidate:  {"method":"GET","url":"http:/","invalidateInfo":{"tags":["EAV_FORM_customer_register_address_FORM","FPC"],"mode":"matchingTag"}} []
[2026-05-15T00:26:07.443740+00:00] main.DEBUG: cache_invalidate:  {"method":"GET","url":"http:/","invalidateInfo":{"tags":["EAV_ATTRIBUTE_customer_address_city","FPC","MAGE"],"mode":"matchingTag"}} []
[2026-05-15T00:26:07.443889+00:00] main.DEBUG: cache_invalidate:  {"method":"GET","url":"http:/","invalidateInfo":{"tags":["EAV_ATTRIBUTE_customer_address_city","FPC"],"mode":"matchingTag"}} []
[2026-05-15T00:26:07.450398+00:00] main.DEBUG: cache_invalidate:  {"method":"GET","url":"http:/","invalidateInfo":{"tags":["EAV_ATTRIBUTE_30","FPC","MAGE"],"mode":"matchingTag"}} []
[2026-05-15T00:26:07.450578+00:00] main.DEBUG: cache_invalidate:  {"method":"GET","url":"http:/","invalidateInfo":{"tags":["EAV_ATTRIBUTE_30","FPC"],"mode":"matchingTag"}} []
[2026-05-15T00:26:07.450912+00:00] main.DEBUG: cache_invalidate:  {"method":"GET","url":"http:/","invalidateInfo":{"tags":["EAV_ATTRIBUTE_customer_address_country_id","FPC","MAGE"],"mode":"matchingTag"}} []
[2026-05-15T00:26:07.451075+00:00] main.DEBUG: cache_invalidate:  {"method":"GET","url":"http:/","invalidateInfo":{"tags":["EAV_ATTRIBUTE_customer_address_country_id","FPC"],"mode":"matchingTag"}} []
[2026-05-15T00:26:07.451829+00:00] main.DEBUG: cache_invalidate:  {"method":"GET","url":"http:/","invalidateInfo":{"tags":["EAV_ATTRIBUTE_31","FPC","MAGE"],"mode":"matchingTag"}} []
[2026-05-15T00:26:07.451969+00:00] main.DEBUG: cache_invalidate:  {"method":"GET","url":"http:/","invalidateInfo":{"tags":["EAV_ATTRIBUTE_31","FPC"],"mode":"matchingTag"}} []
[2026-05-15T00:26:07.452273+00:00] main.DEBUG: cache_invalidate:  {"method":"GET","url":"http:/","invalidateInfo":{"tags":["EAV_ATTRIBUTE_customer_address_region","FPC","MAGE"],"mode":"matchingTag"}} []
[2026-05-15T00:26:07.452421+00:00] main.DEBUG: cache_invalidate:  {"method":"GET","url":"http:/","invalidateInfo":{"tags":["EAV_ATTRIBUTE_customer_address_region","FPC"],"mode":"matchingTag"}} []
[2026-05-15T00:26:07.453237+00:00] main.DEBUG: cache_invalidate:  {"method":"GET","url":"http:/","invalidateInfo":{"tags":["EAV_ATTRIBUTE_32","FPC","MAGE"],"mode":"matchingTag"}} []
[2026-05-15T00:26:07.453375+00:00] main.DEBUG: cache_invalidate:  {"method":"GET","url":"http:/","invalidateInfo":{"tags":["EAV_ATTRIBUTE_32","FPC"],"mode":"matchingTag"}} []
[2026-05-15T00:26:07.453640+00:00] main.DEBUG: cache_invalidate:  {"method":"GET","url":"http:/","invalidateInfo":{"tags":["EAV_ATTRIBUTE_customer_address_region_id","FPC","MAGE"],"mode":"matchingTag"}} []
[2026-05-15T00:26:07.453753+00:00] main.DEBUG: cache_invalidate:  {"method":"GET","url":"http:/","invalidateInfo":{"tags":["EAV_ATTRIBUTE_customer_address_region_id","FPC"],"mode":"matchingTag"}} []
[2026-05-15T00:26:07.454495+00:00] main.DEBUG: cache_invalidate:  {"method":"GET","url":"http:/","invalidateInfo":{"tags":["EAV_ATTRIBUTE_29","FPC","MAGE"],"mode":"matchingTag"}} []
[2026-05-15T00:26:07.454628+00:00] main.DEBUG: cache_invalidate:  {"method":"GET","url":"http:/","invalidateInfo":{"tags":["EAV_ATTRIBUTE_29","FPC"],"mode":"matchingTag"}} []
[2026-05-15T00:26:07.454889+00:00] main.DEBUG: cache_invalidate:  {"method":"GET","url":"http:/","invalidateInfo":{"tags":["EAV_ATTRIBUTE_customer_address_city","FPC","MAGE"],"mode":"matchingTag"}} []
[2026-05-15T00:26:07.455001+00:00] main.DEBUG: cache_invalidate:  {"method":"GET","url":"http:/","invalidateInfo":{"tags":["EAV_ATTRIBUTE_customer_address_city","FPC"],"mode":"matchingTag"}} []
[2026-05-15T00:26:07.466450+00:00] main.DEBUG: cache_invalidate:  {"method":"GET","url":"http:/","invalidateInfo":{"tags":["EAV","MAGE"],"mode":"matchingTag"}} []
[2026-05-15T00:26:07.467206+00:00] main.DEBUG: cache_invalidate:  {"method":"GET","url":"http:/","invalidateInfo":{"tags":["EAV_ATTRIBUTE","MAGE"],"mode":"matchingTag"}} []
[2026-05-15T00:26:07.467345+00:00] main.DEBUG: cache_invalidate:  {"method":"GET","url":"http:/","invalidateInfo":{"tags":["EAV","EAV_ATTRIBUTE"],"mode":"matchingAnyTag"}} []
[2026-05-15T00:26:07.468855+00:00] main.DEBUG: cache_invalidate:  {"method":"GET","url":"http:/","invalidateInfo":{"tags":["EAV","MAGE"],"mode":"matchingTag"}} []
[2026-05-15T00:26:07.469802+00:00] main.DEBUG: cache_invalidate:  {"method":"GET","url":"http:/","invalidateInfo":{"tags":["EAV_ATTRIBUTE","MAGE"],"mode":"matchingTag"}} []
[2026-05-15T00:26:07.469957+00:00] main.DEBUG: cache_invalidate:  {"method":"GET","url":"http:/","invalidateInfo":{"tags":["EAV","EAV_ATTRIBUTE"],"mode":"matchingAnyTag"}} []
[2026-05-15T00:26:07.470599+00:00] main.DEBUG: cache_invalidate:  {"method":"GET","url":"http:/","invalidateInfo":{"tags":["EAV","MAGE"],"mode":"matchingTag"}} []
[2026-05-15T00:26:07.471257+00:00] main.DEBUG: cache_invalidate:  {"method":"GET","url":"http:/","invalidateInfo":{"tags":["EAV_ATTRIBUTE","MAGE"],"mode":"matchingTag"}} []
[2026-05-15T00:26:07.471388+00:00] main.DEBUG: cache_invalidate:  {"method":"GET","url":"http:/","invalidateInfo":{"tags":["EAV","EAV_ATTRIBUTE"],"mode":"matchingAnyTag"}} []
[2026-05-15T00:26:07.472066+00:00] main.DEBUG: cache_invalidate:  {"method":"GET","url":"http:/","invalidateInfo":{"tags":["EAV_ATTRIBUTE","MAGE"],"mode":"matchingTag"}} []
[2026-05-15T00:26:07.472193+00:00] main.DEBUG: cache_invalidate:  {"method":"GET","url":"http:/","invalidateInfo":{"tags":["EAV_ATTRIBUTE"],"mode":"matchingAnyTag"}} []
[2026-05-15T00:26:07.473796+00:00] main.DEBUG: cache_invalidate:  {"method":"GET","url":"http:/","invalidateInfo":{"tags":["EAV_ATTRIBUTE_23","FPC","MAGE"],"mode":"matchingTag"}} []
[2026-05-15T00:26:07.473976+00:00] main.DEBUG: cache_invalidate:  {"method":"GET","url":"http:/","invalidateInfo":{"tags":["EAV_ATTRIBUTE_23","FPC"],"mode":"matchingTag"}} []
[2026-05-15T00:26:07.474318+00:00] main.DEBUG: cache_invalidate:  {"method":"GET","url":"http:/","invalidateInfo":{"tags":["EAV_ENTITY_TYPES_CUSTOMER_ADDRESS_ENTITY","FPC","MAGE"],"mode":"matchingTag"}} []
[2026-05-15T00:26:07.474464+00:00] main.DEBUG: cache_invalidate:  {"method":"GET","url":"http:/","invalidateInfo":{"tags":["EAV_ENTITY_TYPES_CUSTOMER_ADDRESS_ENTITY","FPC"],"mode":"matchingTag"}} []
[2026-05-15T00:26:07.474796+00:00] main.DEBUG: cache_invalidate:  {"method":"GET","url":"http:/","invalidateInfo":{"tags":["EAV_FORM_adminhtml_customer_address_FORM","FPC","MAGE"],"mode":"matchingTag"}} []
[2026-05-15T00:26:07.474941+00:00] main.DEBUG: cache_invalidate:  {"method":"GET","url":"http:/","invalidateInfo":{"tags":["EAV_FORM_adminhtml_customer_address_FORM","FPC"],"mode":"matchingTag"}} []
[2026-05-15T00:26:07.475270+00:00] main.DEBUG: cache_invalidate:  {"method":"GET","url":"http:/","invalidateInfo":{"tags":["EAV_FORM_customer_address_edit_FORM","FPC","MAGE"],"mode":"matchingTag"}} []
[2026-05-15T00:26:07.475416+00:00] main.DEBUG: cache_invalidate:  {"method":"GET","url":"http:/","invalidateInfo":{"tags":["EAV_FORM_customer_address_edit_FORM","FPC"],"mode":"matchingTag"}} []
[2026-05-15T00:26:07.475726+00:00] main.DEBUG: cache_invalidate:  {"method":"GET","url":"http:/","invalidateInfo":{"tags":["EAV_FORM_customer_register_address_FORM","FPC","MAGE"],"mode":"matchingTag"}} []
[2026-05-15T00:26:07.475895+00:00] main.DEBUG: cache_invalidate:  {"method":"GET","url":"http:/","invalidateInfo":{"tags":["EAV_FORM_customer_register_address_FORM","FPC"],"mode":"matchingTag"}} []
[2026-05-15T00:26:07.476228+00:00] main.DEBUG: cache_invalidate:  {"method":"GET","url":"http:/","invalidateInfo":{"tags":["EAV_ATTRIBUTE_customer_address_firstname","FPC","MAGE"],"mode":"matchingTag"}} []
[2026-05-15T00:26:07.476333+00:00] main.DEBUG: cache_invalidate:  {"method":"GET","url":"http:/","invalidateInfo":{"tags":["EAV_ATTRIBUTE_customer_address_firstname","FPC"],"mode":"matchingTag"}} []
[2026-05-15T00:26:07.483303+00:00] main.DEBUG: cache_invalidate:  {"method":"GET","url":"http:/","invalidateInfo":{"tags":["EAV","MAGE"],"mode":"matchingTag"}} []
[2026-05-15T00:26:07.484096+00:00] main.DEBUG: cache_invalidate:  {"method":"GET","url":"http:/","invalidateInfo":{"tags":["EAV_ATTRIBUTE","MAGE"],"mode":"matchingTag"}} []
[2026-05-15T00:26:07.484234+00:00] main.DEBUG: cache_invalidate:  {"method":"GET","url":"http:/","invalidateInfo":{"tags":["EAV","EAV_ATTRIBUTE"],"mode":"matchingAnyTag"}} []
[2026-05-15T00:26:07.485815+00:00] main.DEBUG: cache_invalidate:  {"method":"GET","url":"http:/","invalidateInfo":{"tags":["EAV","MAGE"],"mode":"matchingTag"}} []
[2026-05-15T00:26:07.486610+00:00] main.DEBUG: cache_invalidate:  {"method":"GET","url":"http:/","invalidateInfo":{"tags":["EAV_ATTRIBUTE","MAGE"],"mode":"matchingTag"}} []
[2026-05-15T00:26:07.486739+00:00] main.DEBUG: cache_invalidate:  {"method":"GET","url":"http:/","invalidateInfo":{"tags":["EAV","EAV_ATTRIBUTE"],"mode":"matchingAnyTag"}} []
[2026-05-15T00:26:07.487532+00:00] main.DEBUG: cache_invalidate:  {"method":"GET","url":"http:/","invalidateInfo":{"tags":["EAV","MAGE"],"mode":"matchingTag"}} []
[2026-05-15T00:26:07.488289+00:00] main.DEBUG: cache_invalidate:  {"method":"GET","url":"http:/","invalidateInfo":{"tags":["EAV_ATTRIBUTE","MAGE"],"mode":"matchingTag"}} []
[2026-05-15T00:26:07.488401+00:00] main.DEBUG: cache_invalidate:  {"method":"GET","url":"http:/","invalidateInfo":{"tags":["EAV","EAV_ATTRIBUTE"],"mode":"matchingAnyTag"}} []
[2026-05-15T00:26:07.489157+00:00] main.DEBUG: cache_invalidate:  {"method":"GET","url":"http:/","invalidateInfo":{"tags":["EAV_ATTRIBUTE","MAGE"],"mode":"matchingTag"}} []
[2026-05-15T00:26:07.489314+00:00] main.DEBUG: cache_invalidate:  {"method":"GET","url":"http:/","invalidateInfo":{"tags":["EAV_ATTRIBUTE"],"mode":"matchingAnyTag"}} []
[2026-05-15T00:26:07.491202+00:00] main.DEBUG: cache_invalidate:  {"method":"GET","url":"http:/","invalidateInfo":{"tags":["EAV_ATTRIBUTE_25","FPC","MAGE"],"mode":"matchingTag"}} []
[2026-05-15T00:26:07.491412+00:00] main.DEBUG: cache_invalidate:  {"method":"GET","url":"http:/","invalidateInfo":{"tags":["EAV_ATTRIBUTE_25","FPC"],"mode":"matchingTag"}} []
[2026-05-15T00:26:07.491690+00:00] main.DEBUG: cache_invalidate:  {"method":"GET","url":"http:/","invalidateInfo":{"tags":["EAV_ENTITY_TYPES_CUSTOMER_ADDRESS_ENTITY","FPC","MAGE"],"mode":"matchingTag"}} []
[2026-05-15T00:26:07.491841+00:00] main.DEBUG: cache_invalidate:  {"method":"GET","url":"http:/","invalidateInfo":{"tags":["EAV_ENTITY_TYPES_CUSTOMER_ADDRESS_ENTITY","FPC"],"mode":"matchingTag"}} []
[2026-05-15T00:26:07.492108+00:00] main.DEBUG: cache_invalidate:  {"method":"GET","url":"http:/","invalidateInfo":{"tags":["EAV_FORM_adminhtml_customer_address_FORM","FPC","MAGE"],"mode":"matchingTag"}} []
[2026-05-15T00:26:07.492208+00:00] main.DEBUG: cache_invalidate:  {"method":"GET","url":"http:/","invalidateInfo":{"tags":["EAV_FORM_adminhtml_customer_address_FORM","FPC"],"mode":"matchingTag"}} []
[2026-05-15T00:26:07.492396+00:00] main.DEBUG: cache_invalidate:  {"method":"GET","url":"http:/","invalidateInfo":{"tags":["EAV_FORM_customer_address_edit_FORM","FPC","MAGE"],"mode":"matchingTag"}} []
[2026-05-15T00:26:07.492490+00:00] main.DEBUG: cache_invalidate:  {"method":"GET","url":"http:/","invalidateInfo":{"tags":["EAV_FORM_customer_address_edit_FORM","FPC"],"mode":"matchingTag"}} []
[2026-05-15T00:26:07.492674+00:00] main.DEBUG: cache_invalidate:  {"method":"GET","url":"http:/","invalidateInfo":{"tags":["EAV_FORM_customer_register_address_FORM","FPC","MAGE"],"mode":"matchingTag"}} []
[2026-05-15T00:26:07.492766+00:00] main.DEBUG: cache_invalidate:  {"method":"GET","url":"http:/","invalidateInfo":{"tags":["EAV_FORM_customer_register_address_FORM","FPC"],"mode":"matchingTag"}} []
[2026-05-15T00:26:07.492950+00:00] main.DEBUG: cache_invalidate:  {"method":"GET","url":"http:/","invalidateInfo":{"tags":["EAV_ATTRIBUTE_customer_address_lastname","FPC","MAGE"],"mode":"matchingTag"}} []
[2026-05-15T00:26:07.493109+00:00] main.DEBUG: cache_invalidate:  {"method":"GET","url":"http:/","invalidateInfo":{"tags":["EAV_ATTRIBUTE_customer_address_lastname","FPC"],"mode":"matchingTag"}} []
[2026-05-15T00:26:07.501158+00:00] main.DEBUG: cache_invalidate:  {"method":"GET","url":"http:/","invalidateInfo":{"tags":["EAV","MAGE"],"mode":"matchingTag"}} []
[2026-05-15T00:26:07.502037+00:00] main.DEBUG: cache_invalidate:  {"method":"GET","url":"http:/","invalidateInfo":{"tags":["EAV_ATTRIBUTE","MAGE"],"mode":"matchingTag"}} []
[2026-05-15T00:26:07.502188+00:00] main.DEBUG: cache_invalidate:  {"method":"GET","url":"http:/","invalidateInfo":{"tags":["EAV","EAV_ATTRIBUTE"],"mode":"matchingAnyTag"}} []
[2026-05-15T00:26:07.503803+00:00] main.DEBUG: cache_invalidate:  {"method":"GET","url":"http:/","invalidateInfo":{"tags":["EAV","MAGE"],"mode":"matchingTag"}} []
[2026-05-15T00:26:07.504615+00:00] main.DEBUG: cache_invalidate:  {"method":"GET","url":"http:/","invalidateInfo":{"tags":["EAV_ATTRIBUTE","MAGE"],"mode":"matchingTag"}} []
[2026-05-15T00:26:07.504767+00:00] main.DEBUG: cache_invalidate:  {"method":"GET","url":"http:/","invalidateInfo":{"tags":["EAV","EAV_ATTRIBUTE"],"mode":"matchingAnyTag"}} []
[2026-05-15T00:26:07.505568+00:00] main.DEBUG: cache_invalidate:  {"method":"GET","url":"http:/","invalidateInfo":{"tags":["EAV","MAGE"],"mode":"matchingTag"}} []
[2026-05-15T00:26:07.506299+00:00] main.DEBUG: cache_invalidate:  {"method":"GET","url":"http:/","invalidateInfo":{"tags":["EAV_ATTRIBUTE","MAGE"],"mode":"matchingTag"}} []
[2026-05-15T00:26:07.506436+00:00] main.DEBUG: cache_invalidate:  {"method":"GET","url":"http:/","invalidateInfo":{"tags":["EAV","EAV_ATTRIBUTE"],"mode":"matchingAnyTag"}} []
[2026-05-15T00:26:07.507239+00:00] main.DEBUG: cache_invalidate:  {"method":"GET","url":"http:/","invalidateInfo":{"tags":["EAV_ATTRIBUTE","MAGE"],"mode":"matchingTag"}} []
[2026-05-15T00:26:07.507373+00:00] main.DEBUG: cache_invalidate:  {"method":"GET","url":"http:/","invalidateInfo":{"tags":["EAV_ATTRIBUTE"],"mode":"matchingAnyTag"}} []
[2026-05-15T00:26:07.509047+00:00] main.DEBUG: cache_invalidate:  {"method":"GET","url":"http:/","invalidateInfo":{"tags":["EAV_ATTRIBUTE_24","FPC","MAGE"],"mode":"matchingTag"}} []
[2026-05-15T00:26:07.509225+00:00] main.DEBUG: cache_invalidate:  {"method":"GET","url":"http:/","invalidateInfo":{"tags":["EAV_ATTRIBUTE_24","FPC"],"mode":"matchingTag"}} []
[2026-05-15T00:26:07.509511+00:00] main.DEBUG: cache_invalidate:  {"method":"GET","url":"http:/","invalidateInfo":{"tags":["EAV_ENTITY_TYPES_CUSTOMER_ADDRESS_ENTITY","FPC","MAGE"],"mode":"matchingTag"}} []
[2026-05-15T00:26:07.509634+00:00] main.DEBUG: cache_invalidate:  {"method":"GET","url":"http:/","invalidateInfo":{"tags":["EAV_ENTITY_TYPES_CUSTOMER_ADDRESS_ENTITY","FPC"],"mode":"matchingTag"}} []
[2026-05-15T00:26:07.509891+00:00] main.DEBUG: cache_invalidate:  {"method":"GET","url":"http:/","invalidateInfo":{"tags":["EAV_FORM_adminhtml_customer_address_FORM","FPC","MAGE"],"mode":"matchingTag"}} []
[2026-05-15T00:26:07.510046+00:00] main.DEBUG: cache_invalidate:  {"method":"GET","url":"http:/","invalidateInfo":{"tags":["EAV_FORM_adminhtml_customer_address_FORM","FPC"],"mode":"matchingTag"}} []
[2026-05-15T00:26:07.510300+00:00] main.DEBUG: cache_invalidate:  {"method":"GET","url":"http:/","invalidateInfo":{"tags":["EAV_FORM_customer_address_edit_FORM","FPC","MAGE"],"mode":"matchingTag"}} []
[2026-05-15T00:26:07.510444+00:00] main.DEBUG: cache_invalidate:  {"method":"GET","url":"http:/","invalidateInfo":{"tags":["EAV_FORM_customer_address_edit_FORM","FPC"],"mode":"matchingTag"}} []
[2026-05-15T00:26:07.510701+00:00] main.DEBUG: cache_invalidate:  {"method":"GET","url":"http:/","invalidateInfo":{"tags":["EAV_FORM_customer_register_address_FORM","FPC","MAGE"],"mode":"matchingTag"}} []
[2026-05-15T00:26:07.510846+00:00] main.DEBUG: cache_invalidate:  {"method":"GET","url":"http:/","invalidateInfo":{"tags":["EAV_FORM_customer_register_address_FORM","FPC"],"mode":"matchingTag"}} []
[2026-05-15T00:26:07.511133+00:00] main.DEBUG: cache_invalidate:  {"method":"GET","url":"http:/","invalidateInfo":{"tags":["EAV_ATTRIBUTE_customer_address_middlename","FPC","MAGE"],"mode":"matchingTag"}} []
[2026-05-15T00:26:07.511276+00:00] main.DEBUG: cache_invalidate:  {"method":"GET","url":"http:/","invalidateInfo":{"tags":["EAV_ATTRIBUTE_customer_address_middlename","FPC"],"mode":"matchingTag"}} []
[2026-05-15T00:26:07.519152+00:00] main.DEBUG: cache_invalidate:  {"method":"GET","url":"http:/","invalidateInfo":{"tags":["EAV","MAGE"],"mode":"matchingTag"}} []
[2026-05-15T00:26:07.519930+00:00] main.DEBUG: cache_invalidate:  {"method":"GET","url":"http:/","invalidateInfo":{"tags":["EAV_ATTRIBUTE","MAGE"],"mode":"matchingTag"}} []
[2026-05-15T00:26:07.520084+00:00] main.DEBUG: cache_invalidate:  {"method":"GET","url":"http:/","invalidateInfo":{"tags":["EAV","EAV_ATTRIBUTE"],"mode":"matchingAnyTag"}} []
[2026-05-15T00:26:07.521608+00:00] main.DEBUG: cache_invalidate:  {"method":"GET","url":"http:/","invalidateInfo":{"tags":["EAV","MAGE"],"mode":"matchingTag"}} []
[2026-05-15T00:26:07.522451+00:00] main.DEBUG: cache_invalidate:  {"method":"GET","url":"http:/","invalidateInfo":{"tags":["EAV_ATTRIBUTE","MAGE"],"mode":"matchingTag"}} []
[2026-05-15T00:26:07.522600+00:00] main.DEBUG: cache_invalidate:  {"method":"GET","url":"http:/","invalidateInfo":{"tags":["EAV","EAV_ATTRIBUTE"],"mode":"matchingAnyTag"}} []
[2026-05-15T00:26:07.523278+00:00] main.DEBUG: cache_invalidate:  {"method":"GET","url":"http:/","invalidateInfo":{"tags":["EAV","MAGE"],"mode":"matchingTag"}} []
[2026-05-15T00:26:07.523903+00:00] main.DEBUG: cache_invalidate:  {"method":"GET","url":"http:/","invalidateInfo":{"tags":["EAV_ATTRIBUTE","MAGE"],"mode":"matchingTag"}} []
[2026-05-15T00:26:07.524042+00:00] main.DEBUG: cache_invalidate:  {"method":"GET","url":"http:/","invalidateInfo":{"tags":["EAV","EAV_ATTRIBUTE"],"mode":"matchingAnyTag"}} []
[2026-05-15T00:26:07.524771+00:00] main.DEBUG: cache_invalidate:  {"method":"GET","url":"http:/","invalidateInfo":{"tags":["EAV_ATTRIBUTE","MAGE"],"mode":"matchingTag"}} []
[2026-05-15T00:26:07.524915+00:00] main.DEBUG: cache_invalidate:  {"method":"GET","url":"http:/","invalidateInfo":{"tags":["EAV_ATTRIBUTE"],"mode":"matchingAnyTag"}} []
[2026-05-15T00:26:07.526642+00:00] main.DEBUG: cache_invalidate:  {"method":"GET","url":"http:/","invalidateInfo":{"tags":["EAV_ATTRIBUTE_5","FPC","MAGE"],"mode":"matchingTag"}} []
[2026-05-15T00:26:07.526820+00:00] main.DEBUG: cache_invalidate:  {"method":"GET","url":"http:/","invalidateInfo":{"tags":["EAV_ATTRIBUTE_5","FPC"],"mode":"matchingTag"}} []
[2026-05-15T00:26:07.527165+00:00] main.DEBUG: cache_invalidate:  {"method":"GET","url":"http:/","invalidateInfo":{"tags":["EAV_ENTITY_TYPES_CUSTOMER_ENTITY","FPC","MAGE"],"mode":"matchingTag"}} []
[2026-05-15T00:26:07.527289+00:00] main.DEBUG: cache_invalidate:  {"method":"GET","url":"http:/","invalidateInfo":{"tags":["EAV_ENTITY_TYPES_CUSTOMER_ENTITY","FPC"],"mode":"matchingTag"}} []
[2026-05-15T00:26:07.527575+00:00] main.DEBUG: cache_invalidate:  {"method":"GET","url":"http:/","invalidateInfo":{"tags":["EAV_FORM_adminhtml_customer_FORM","FPC","MAGE"],"mode":"matchingTag"}} []
[2026-05-15T00:26:07.527688+00:00] main.DEBUG: cache_invalidate:  {"method":"GET","url":"http:/","invalidateInfo":{"tags":["EAV_FORM_adminhtml_customer_FORM","FPC"],"mode":"matchingTag"}} []
[2026-05-15T00:26:07.527942+00:00] main.DEBUG: cache_invalidate:  {"method":"GET","url":"http:/","invalidateInfo":{"tags":["EAV_FORM_customer_account_create_FORM","FPC","MAGE"],"mode":"matchingTag"}} []
[2026-05-15T00:26:07.528091+00:00] main.DEBUG: cache_invalidate:  {"method":"GET","url":"http:/","invalidateInfo":{"tags":["EAV_FORM_customer_account_create_FORM","FPC"],"mode":"matchingTag"}} []
[2026-05-15T00:26:07.528342+00:00] main.DEBUG: cache_invalidate:  {"method":"GET","url":"http:/","invalidateInfo":{"tags":["EAV_FORM_customer_account_edit_FORM","FPC","MAGE"],"mode":"matchingTag"}} []
[2026-05-15T00:26:07.528448+00:00] main.DEBUG: cache_invalidate:  {"method":"GET","url":"http:/","invalidateInfo":{"tags":["EAV_FORM_customer_account_edit_FORM","FPC"],"mode":"matchingTag"}} []
[2026-05-15T00:26:07.528708+00:00] main.DEBUG: cache_invalidate:  {"method":"GET","url":"http:/","invalidateInfo":{"tags":["EAV_ATTRIBUTE_customer_firstname","FPC","MAGE"],"mode":"matchingTag"}} []
[2026-05-15T00:26:07.528814+00:00] main.DEBUG: cache_invalidate:  {"method":"GET","url":"http:/","invalidateInfo":{"tags":["EAV_ATTRIBUTE_customer_firstname","FPC"],"mode":"matchingTag"}} []
[2026-05-15T00:26:07.536164+00:00] main.DEBUG: cache_invalidate:  {"method":"GET","url":"http:/","invalidateInfo":{"tags":["EAV","MAGE"],"mode":"matchingTag"}} []
[2026-05-15T00:26:07.536850+00:00] main.DEBUG: cache_invalidate:  {"method":"GET","url":"http:/","invalidateInfo":{"tags":["EAV_ATTRIBUTE","MAGE"],"mode":"matchingTag"}} []
[2026-05-15T00:26:07.536985+00:00] main.DEBUG: cache_invalidate:  {"method":"GET","url":"http:/","invalidateInfo":{"tags":["EAV","EAV_ATTRIBUTE"],"mode":"matchingAnyTag"}} []
[2026-05-15T00:26:07.538326+00:00] main.DEBUG: cache_invalidate:  {"method":"GET","url":"http:/","invalidateInfo":{"tags":["EAV","MAGE"],"mode":"matchingTag"}} []
[2026-05-15T00:26:07.539112+00:00] main.DEBUG: cache_invalidate:  {"method":"GET","url":"http:/","invalidateInfo":{"tags":["EAV_ATTRIBUTE","MAGE"],"mode":"matchingTag"}} []
[2026-05-15T00:26:07.539264+00:00] main.DEBUG: cache_invalidate:  {"method":"GET","url":"http:/","invalidateInfo":{"tags":["EAV","EAV_ATTRIBUTE"],"mode":"matchingAnyTag"}} []
[2026-05-15T00:26:07.539915+00:00] main.DEBUG: cache_invalidate:  {"method":"GET","url":"http:/","invalidateInfo":{"tags":["EAV","MAGE"],"mode":"matchingTag"}} []
[2026-05-15T00:26:07.540600+00:00] main.DEBUG: cache_invalidate:  {"method":"GET","url":"http:/","invalidateInfo":{"tags":["EAV_ATTRIBUTE","MAGE"],"mode":"matchingTag"}} []
[2026-05-15T00:26:07.540731+00:00] main.DEBUG: cache_invalidate:  {"method":"GET","url":"http:/","invalidateInfo":{"tags":["EAV","EAV_ATTRIBUTE"],"mode":"matchingAnyTag"}} []
[2026-05-15T00:26:07.541363+00:00] main.DEBUG: cache_invalidate:  {"method":"GET","url":"http:/","invalidateInfo":{"tags":["EAV_ATTRIBUTE","MAGE"],"mode":"matchingTag"}} []
[2026-05-15T00:26:07.541487+00:00] main.DEBUG: cache_invalidate:  {"method":"GET","url":"http:/","invalidateInfo":{"tags":["EAV_ATTRIBUTE"],"mode":"matchingAnyTag"}} []
[2026-05-15T00:26:07.542964+00:00] main.DEBUG: cache_invalidate:  {"method":"GET","url":"http:/","invalidateInfo":{"tags":["EAV_ATTRIBUTE_7","FPC","MAGE"],"mode":"matchingTag"}} []
[2026-05-15T00:26:07.543154+00:00] main.DEBUG: cache_invalidate:  {"method":"GET","url":"http:/","invalidateInfo":{"tags":["EAV_ATTRIBUTE_7","FPC"],"mode":"matchingTag"}} []
[2026-05-15T00:26:07.543423+00:00] main.DEBUG: cache_invalidate:  {"method":"GET","url":"http:/","invalidateInfo":{"tags":["EAV_ENTITY_TYPES_CUSTOMER_ENTITY","FPC","MAGE"],"mode":"matchingTag"}} []
[2026-05-15T00:26:07.543540+00:00] main.DEBUG: cache_invalidate:  {"method":"GET","url":"http:/","invalidateInfo":{"tags":["EAV_ENTITY_TYPES_CUSTOMER_ENTITY","FPC"],"mode":"matchingTag"}} []
[2026-05-15T00:26:07.543824+00:00] main.DEBUG: cache_invalidate:  {"method":"GET","url":"http:/","invalidateInfo":{"tags":["EAV_FORM_adminhtml_customer_FORM","FPC","MAGE"],"mode":"matchingTag"}} []
[2026-05-15T00:26:07.543940+00:00] main.DEBUG: cache_invalidate:  {"method":"GET","url":"http:/","invalidateInfo":{"tags":["EAV_FORM_adminhtml_customer_FORM","FPC"],"mode":"matchingTag"}} []
[2026-05-15T00:26:07.544245+00:00] main.DEBUG: cache_invalidate:  {"method":"GET","url":"http:/","invalidateInfo":{"tags":["EAV_FORM_customer_account_create_FORM","FPC","MAGE"],"mode":"matchingTag"}} []
[2026-05-15T00:26:07.544397+00:00] main.DEBUG: cache_invalidate:  {"method":"GET","url":"http:/","invalidateInfo":{"tags":["EAV_FORM_customer_account_create_FORM","FPC"],"mode":"matchingTag"}} []
[2026-05-15T00:26:07.544707+00:00] main.DEBUG: cache_invalidate:  {"method":"GET","url":"http:/","invalidateInfo":{"tags":["EAV_FORM_customer_account_edit_FORM","FPC","MAGE"],"mode":"matchingTag"}} []
[2026-05-15T00:26:07.544885+00:00] main.DEBUG: cache_invalidate:  {"method":"GET","url":"http:/","invalidateInfo":{"tags":["EAV_FORM_customer_account_edit_FORM","FPC"],"mode":"matchingTag"}} []
[2026-05-15T00:26:07.545185+00:00] main.DEBUG: cache_invalidate:  {"method":"GET","url":"http:/","invalidateInfo":{"tags":["EAV_ATTRIBUTE_customer_lastname","FPC","MAGE"],"mode":"matchingTag"}} []
[2026-05-15T00:26:07.545317+00:00] main.DEBUG: cache_invalidate:  {"method":"GET","url":"http:/","invalidateInfo":{"tags":["EAV_ATTRIBUTE_customer_lastname","FPC"],"mode":"matchingTag"}} []
[2026-05-15T00:26:07.553609+00:00] main.DEBUG: cache_invalidate:  {"method":"GET","url":"http:/","invalidateInfo":{"tags":["EAV","MAGE"],"mode":"matchingTag"}} []
[2026-05-15T00:26:07.554537+00:00] main.DEBUG: cache_invalidate:  {"method":"GET","url":"http:/","invalidateInfo":{"tags":["EAV_ATTRIBUTE","MAGE"],"mode":"matchingTag"}} []
[2026-05-15T00:26:07.554680+00:00] main.DEBUG: cache_invalidate:  {"method":"GET","url":"http:/","invalidateInfo":{"tags":["EAV","EAV_ATTRIBUTE"],"mode":"matchingAnyTag"}} []
[2026-05-15T00:26:07.556481+00:00] main.DEBUG: cache_invalidate:  {"method":"GET","url":"http:/","invalidateInfo":{"tags":["EAV","MAGE"],"mode":"matchingTag"}} []
[2026-05-15T00:26:07.557212+00:00] main.DEBUG: cache_invalidate:  {"method":"GET","url":"http:/","invalidateInfo":{"tags":["EAV_ATTRIBUTE","MAGE"],"mode":"matchingTag"}} []
[2026-05-15T00:26:07.557351+00:00] main.DEBUG: cache_invalidate:  {"method":"GET","url":"http:/","invalidateInfo":{"tags":["EAV","EAV_ATTRIBUTE"],"mode":"matchingAnyTag"}} []
[2026-05-15T00:26:07.558192+00:00] main.DEBUG: cache_invalidate:  {"method":"GET","url":"http:/","invalidateInfo":{"tags":["EAV","MAGE"],"mode":"matchingTag"}} []
[2026-05-15T00:26:07.558812+00:00] main.DEBUG: cache_invalidate:  {"method":"GET","url":"http:/","invalidateInfo":{"tags":["EAV_ATTRIBUTE","MAGE"],"mode":"matchingTag"}} []
[2026-05-15T00:26:07.558926+00:00] main.DEBUG: cache_invalidate:  {"method":"GET","url":"http:/","invalidateInfo":{"tags":["EAV","EAV_ATTRIBUTE"],"mode":"matchingAnyTag"}} []
[2026-05-15T00:26:07.559564+00:00] main.DEBUG: cache_invalidate:  {"method":"GET","url":"http:/","invalidateInfo":{"tags":["EAV_ATTRIBUTE","MAGE"],"mode":"matchingTag"}} []
[2026-05-15T00:26:07.559673+00:00] main.DEBUG: cache_invalidate:  {"method":"GET","url":"http:/","invalidateInfo":{"tags":["EAV_ATTRIBUTE"],"mode":"matchingAnyTag"}} []
[2026-05-15T00:26:07.561335+00:00] main.DEBUG: cache_invalidate:  {"method":"GET","url":"http:/","invalidateInfo":{"tags":["EAV_ATTRIBUTE_6","FPC","MAGE"],"mode":"matchingTag"}} []
[2026-05-15T00:26:07.561508+00:00] main.DEBUG: cache_invalidate:  {"method":"GET","url":"http:/","invalidateInfo":{"tags":["EAV_ATTRIBUTE_6","FPC"],"mode":"matchingTag"}} []
[2026-05-15T00:26:07.561812+00:00] main.DEBUG: cache_invalidate:  {"method":"GET","url":"http:/","invalidateInfo":{"tags":["EAV_ENTITY_TYPES_CUSTOMER_ENTITY","FPC","MAGE"],"mode":"matchingTag"}} []
[2026-05-15T00:26:07.561945+00:00] main.DEBUG: cache_invalidate:  {"method":"GET","url":"http:/","invalidateInfo":{"tags":["EAV_ENTITY_TYPES_CUSTOMER_ENTITY","FPC"],"mode":"matchingTag"}} []
[2026-05-15T00:26:07.562222+00:00] main.DEBUG: cache_invalidate:  {"method":"GET","url":"http:/","invalidateInfo":{"tags":["EAV_FORM_adminhtml_customer_FORM","FPC","MAGE"],"mode":"matchingTag"}} []
[2026-05-15T00:26:07.562352+00:00] main.DEBUG: cache_invalidate:  {"method":"GET","url":"http:/","invalidateInfo":{"tags":["EAV_FORM_adminhtml_customer_FORM","FPC"],"mode":"matchingTag"}} []
[2026-05-15T00:26:07.562615+00:00] main.DEBUG: cache_invalidate:  {"method":"GET","url":"http:/","invalidateInfo":{"tags":["EAV_FORM_customer_account_create_FORM","FPC","MAGE"],"mode":"matchingTag"}} []
[2026-05-15T00:26:07.562744+00:00] main.DEBUG: cache_invalidate:  {"method":"GET","url":"http:/","invalidateInfo":{"tags":["EAV_FORM_customer_account_create_FORM","FPC"],"mode":"matchingTag"}} []
[2026-05-15T00:26:07.562985+00:00] main.DEBUG: cache_invalidate:  {"method":"GET","url":"http:/","invalidateInfo":{"tags":["EAV_FORM_customer_account_edit_FORM","FPC","MAGE"],"mode":"matchingTag"}} []
[2026-05-15T00:26:07.563133+00:00] main.DEBUG: cache_invalidate:  {"method":"GET","url":"http:/","invalidateInfo":{"tags":["EAV_FORM_customer_account_edit_FORM","FPC"],"mode":"matchingTag"}} []
[2026-05-15T00:26:07.563335+00:00] main.DEBUG: cache_invalidate:  {"method":"GET","url":"http:/","invalidateInfo":{"tags":["EAV_ATTRIBUTE_customer_middlename","FPC","MAGE"],"mode":"matchingTag"}} []
[2026-05-15T00:26:07.563428+00:00] main.DEBUG: cache_invalidate:  {"method":"GET","url":"http:/","invalidateInfo":{"tags":["EAV_ATTRIBUTE_customer_middlename","FPC"],"mode":"matchingTag"}} []
[2026-05-15T00:26:07.567433+00:00] main.DEBUG: cache_invalidate:  {"method":"GET","url":"http:/","invalidateInfo":{"tags":["EAV_ATTRIBUTE_23","FPC","MAGE"],"mode":"matchingTag"}} []
[2026-05-15T00:26:07.567595+00:00] main.DEBUG: cache_invalidate:  {"method":"GET","url":"http:/","invalidateInfo":{"tags":["EAV_ATTRIBUTE_23","FPC"],"mode":"matchingTag"}} []
[2026-05-15T00:26:07.567894+00:00] main.DEBUG: cache_invalidate:  {"method":"GET","url":"http:/","invalidateInfo":{"tags":["EAV_ATTRIBUTE_customer_address_firstname","FPC","MAGE"],"mode":"matchingTag"}} []
[2026-05-15T00:26:07.568043+00:00] main.DEBUG: cache_invalidate:  {"method":"GET","url":"http:/","invalidateInfo":{"tags":["EAV_ATTRIBUTE_customer_address_firstname","FPC"],"mode":"matchingTag"}} []
[2026-05-15T00:26:07.568790+00:00] main.DEBUG: cache_invalidate:  {"method":"GET","url":"http:/","invalidateInfo":{"tags":["EAV_ATTRIBUTE_25","FPC","MAGE"],"mode":"matchingTag"}} []
[2026-05-15T00:26:07.568915+00:00] main.DEBUG: cache_invalidate:  {"method":"GET","url":"http:/","invalidateInfo":{"tags":["EAV_ATTRIBUTE_25","FPC"],"mode":"matchingTag"}} []
[2026-05-15T00:26:07.569185+00:00] main.DEBUG: cache_invalidate:  {"method":"GET","url":"http:/","invalidateInfo":{"tags":["EAV_ATTRIBUTE_customer_address_lastname","FPC","MAGE"],"mode":"matchingTag"}} []
[2026-05-15T00:26:07.569283+00:00] main.DEBUG: cache_invalidate:  {"method":"GET","url":"http:/","invalidateInfo":{"tags":["EAV_ATTRIBUTE_customer_address_lastname","FPC"],"mode":"matchingTag"}} []
[2026-05-15T00:26:07.570056+00:00] main.DEBUG: cache_invalidate:  {"method":"GET","url":"http:/","invalidateInfo":{"tags":["EAV_ATTRIBUTE_24","FPC","MAGE"],"mode":"matchingTag"}} []
[2026-05-15T00:26:07.570192+00:00] main.DEBUG: cache_invalidate:  {"method":"GET","url":"http:/","invalidateInfo":{"tags":["EAV_ATTRIBUTE_24","FPC"],"mode":"matchingTag"}} []
[2026-05-15T00:26:07.570491+00:00] main.DEBUG: cache_invalidate:  {"method":"GET","url":"http:/","invalidateInfo":{"tags":["EAV_ATTRIBUTE_customer_address_middlename","FPC","MAGE"],"mode":"matchingTag"}} []
[2026-05-15T00:26:07.570626+00:00] main.DEBUG: cache_invalidate:  {"method":"GET","url":"http:/","invalidateInfo":{"tags":["EAV_ATTRIBUTE_customer_address_middlename","FPC"],"mode":"matchingTag"}} []
[2026-05-15T00:26:07.571519+00:00] main.DEBUG: cache_invalidate:  {"method":"GET","url":"http:/","invalidateInfo":{"tags":["EAV_ATTRIBUTE_5","FPC","MAGE"],"mode":"matchingTag"}} []
[2026-05-15T00:26:07.571690+00:00] main.DEBUG: cache_invalidate:  {"method":"GET","url":"http:/","invalidateInfo":{"tags":["EAV_ATTRIBUTE_5","FPC"],"mode":"matchingTag"}} []
[2026-05-15T00:26:07.571957+00:00] main.DEBUG: cache_invalidate:  {"method":"GET","url":"http:/","invalidateInfo":{"tags":["EAV_ATTRIBUTE_customer_firstname","FPC","MAGE"],"mode":"matchingTag"}} []
[2026-05-15T00:26:07.572109+00:00] main.DEBUG: cache_invalidate:  {"method":"GET","url":"http:/","invalidateInfo":{"tags":["EAV_ATTRIBUTE_customer_firstname","FPC"],"mode":"matchingTag"}} []
[2026-05-15T00:26:07.572966+00:00] main.DEBUG: cache_invalidate:  {"method":"GET","url":"http:/","invalidateInfo":{"tags":["EAV_ATTRIBUTE_7","FPC","MAGE"],"mode":"matchingTag"}} []
[2026-05-15T00:26:07.573125+00:00] main.DEBUG: cache_invalidate:  {"method":"GET","url":"http:/","invalidateInfo":{"tags":["EAV_ATTRIBUTE_7","FPC"],"mode":"matchingTag"}} []
[2026-05-15T00:26:07.573412+00:00] main.DEBUG: cache_invalidate:  {"method":"GET","url":"http:/","invalidateInfo":{"tags":["EAV_ATTRIBUTE_customer_lastname","FPC","MAGE"],"mode":"matchingTag"}} []
[2026-05-15T00:26:07.573528+00:00] main.DEBUG: cache_invalidate:  {"method":"GET","url":"http:/","invalidateInfo":{"tags":["EAV_ATTRIBUTE_customer_lastname","FPC"],"mode":"matchingTag"}} []
[2026-05-15T00:26:07.574368+00:00] main.DEBUG: cache_invalidate:  {"method":"GET","url":"http:/","invalidateInfo":{"tags":["EAV_ATTRIBUTE_6","FPC","MAGE"],"mode":"matchingTag"}} []
[2026-05-15T00:26:07.574536+00:00] main.DEBUG: cache_invalidate:  {"method":"GET","url":"http:/","invalidateInfo":{"tags":["EAV_ATTRIBUTE_6","FPC"],"mode":"matchingTag"}} []
[2026-05-15T00:26:07.574812+00:00] main.DEBUG: cache_invalidate:  {"method":"GET","url":"http:/","invalidateInfo":{"tags":["EAV_ATTRIBUTE_customer_middlename","FPC","MAGE"],"mode":"matchingTag"}} []
[2026-05-15T00:26:07.574969+00:00] main.DEBUG: cache_invalidate:  {"method":"GET","url":"http:/","invalidateInfo":{"tags":["EAV_ATTRIBUTE_customer_middlename","FPC"],"mode":"matchingTag"}} []
[2026-05-15T00:26:07.803478+00:00] main.DEBUG: cache_invalidate:  {"method":"GET","url":"http:/","invalidateInfo":{"tags":["cms_p","MAGE"],"mode":"matchingTag"}} []
[2026-05-15T00:26:07.803706+00:00] main.DEBUG: cache_invalidate:  {"method":"GET","url":"http:/","invalidateInfo":{"tags":["cms_p"],"mode":"matchingAnyTag"}} []
[2026-05-15T00:26:07.804151+00:00] main.DEBUG: cache_invalidate:  {"method":"GET","url":"http:/","invalidateInfo":{"tags":["cms_p_1","GRAPHQL_QUERY_RESOLVER_RESULT","MAGE"],"mode":"matchingTag"}} []
[2026-05-15T00:26:07.804306+00:00] main.DEBUG: cache_invalidate:  {"method":"GET","url":"http:/","invalidateInfo":{"tags":["cms_p_1","GRAPHQL_QUERY_RESOLVER_RESULT"],"mode":"matchingTag"}} []
[2026-05-15T00:26:07.804729+00:00] main.DEBUG: cache_invalidate:  {"method":"GET","url":"http:/","invalidateInfo":{"tags":["cms_p_1","FPC","MAGE"],"mode":"matchingTag"}} []
[2026-05-15T00:26:07.804875+00:00] main.DEBUG: cache_invalidate:  {"method":"GET","url":"http:/","invalidateInfo":{"tags":["cms_p_1","FPC"],"mode":"matchingTag"}} []
[2026-05-15T00:26:07.847733+00:00] main.DEBUG: cache_invalidate:  {"method":"GET","url":"http:/","invalidateInfo":{"tags":["cms_p","MAGE"],"mode":"matchingTag"}} []
[2026-05-15T00:26:07.847971+00:00] main.DEBUG: cache_invalidate:  {"method":"GET","url":"http:/","invalidateInfo":{"tags":["cms_p"],"mode":"matchingAnyTag"}} []
[2026-05-15T00:26:07.848398+00:00] main.DEBUG: cache_invalidate:  {"method":"GET","url":"http:/","invalidateInfo":{"tags":["cms_p_2","GRAPHQL_QUERY_RESOLVER_RESULT","MAGE"],"mode":"matchingTag"}} []
[2026-05-15T00:26:07.848535+00:00] main.DEBUG: cache_invalidate:  {"method":"GET","url":"http:/","invalidateInfo":{"tags":["cms_p_2","GRAPHQL_QUERY_RESOLVER_RESULT"],"mode":"matchingTag"}} []
[2026-05-15T00:26:07.848895+00:00] main.DEBUG: cache_invalidate:  {"method":"GET","url":"http:/","invalidateInfo":{"tags":["cms_p_2","FPC","MAGE"],"mode":"matchingTag"}} []
[2026-05-15T00:26:07.849072+00:00] main.DEBUG: cache_invalidate:  {"method":"GET","url":"http:/","invalidateInfo":{"tags":["cms_p_2","FPC"],"mode":"matchingTag"}} []
[2026-05-15T00:26:07.854074+00:00] main.DEBUG: cache_invalidate:  {"method":"GET","url":"http:/","invalidateInfo":{"tags":["cms_p","MAGE"],"mode":"matchingTag"}} []
[2026-05-15T00:26:07.854262+00:00] main.DEBUG: cache_invalidate:  {"method":"GET","url":"http:/","invalidateInfo":{"tags":["cms_p"],"mode":"matchingAnyTag"}} []
[2026-05-15T00:26:07.854689+00:00] main.DEBUG: cache_invalidate:  {"method":"GET","url":"http:/","invalidateInfo":{"tags":["cms_p_3","GRAPHQL_QUERY_RESOLVER_RESULT","MAGE"],"mode":"matchingTag"}} []
[2026-05-15T00:26:07.854860+00:00] main.DEBUG: cache_invalidate:  {"method":"GET","url":"http:/","invalidateInfo":{"tags":["cms_p_3","GRAPHQL_QUERY_RESOLVER_RESULT"],"mode":"matchingTag"}} []
[2026-05-15T00:26:07.855240+00:00] main.DEBUG: cache_invalidate:  {"method":"GET","url":"http:/","invalidateInfo":{"tags":["cms_p_3","FPC","MAGE"],"mode":"matchingTag"}} []
[2026-05-15T00:26:07.855418+00:00] main.DEBUG: cache_invalidate:  {"method":"GET","url":"http:/","invalidateInfo":{"tags":["cms_p_3","FPC"],"mode":"matchingTag"}} []
[2026-05-15T00:26:07.869865+00:00] main.DEBUG: cache_invalidate:  {"method":"GET","url":"http:/","invalidateInfo":{"tags":["cms_p","MAGE"],"mode":"matchingTag"}} []
[2026-05-15T00:26:07.870139+00:00] main.DEBUG: cache_invalidate:  {"method":"GET","url":"http:/","invalidateInfo":{"tags":["cms_p"],"mode":"matchingAnyTag"}} []
[2026-05-15T00:26:07.870679+00:00] main.DEBUG: cache_invalidate:  {"method":"GET","url":"http:/","invalidateInfo":{"tags":["cms_p_4","GRAPHQL_QUERY_RESOLVER_RESULT","MAGE"],"mode":"matchingTag"}} []
[2026-05-15T00:26:07.870874+00:00] main.DEBUG: cache_invalidate:  {"method":"GET","url":"http:/","invalidateInfo":{"tags":["cms_p_4","GRAPHQL_QUERY_RESOLVER_RESULT"],"mode":"matchingTag"}} []
[2026-05-15T00:26:07.871422+00:00] main.DEBUG: cache_invalidate:  {"method":"GET","url":"http:/","invalidateInfo":{"tags":["cms_p_4","FPC","MAGE"],"mode":"matchingTag"}} []
[2026-05-15T00:26:07.871620+00:00] main.DEBUG: cache_invalidate:  {"method":"GET","url":"http:/","invalidateInfo":{"tags":["cms_p_4","FPC"],"mode":"matchingTag"}} []
[2026-05-15T00:26:07.886124+00:00] main.DEBUG: cache_invalidate:  {"method":"GET","url":"http:/","invalidateInfo":{"tags":["cms_p_1","FPC","MAGE"],"mode":"matchingTag"}} []
[2026-05-15T00:26:07.886308+00:00] main.DEBUG: cache_invalidate:  {"method":"GET","url":"http:/","invalidateInfo":{"tags":["cms_p_1","FPC"],"mode":"matchingTag"}} []
[2026-05-15T00:26:07.886671+00:00] main.DEBUG: cache_invalidate:  {"method":"GET","url":"http:/","invalidateInfo":{"tags":["cms_p_2","FPC","MAGE"],"mode":"matchingTag"}} []
[2026-05-15T00:26:07.886800+00:00] main.DEBUG: cache_invalidate:  {"method":"GET","url":"http:/","invalidateInfo":{"tags":["cms_p_2","FPC"],"mode":"matchingTag"}} []
[2026-05-15T00:26:07.887170+00:00] main.DEBUG: cache_invalidate:  {"method":"GET","url":"http:/","invalidateInfo":{"tags":["cms_p_3","FPC","MAGE"],"mode":"matchingTag"}} []
[2026-05-15T00:26:07.887295+00:00] main.DEBUG: cache_invalidate:  {"method":"GET","url":"http:/","invalidateInfo":{"tags":["cms_p_3","FPC"],"mode":"matchingTag"}} []
[2026-05-15T00:26:07.887653+00:00] main.DEBUG: cache_invalidate:  {"method":"GET","url":"http:/","invalidateInfo":{"tags":["cms_p_4","FPC","MAGE"],"mode":"matchingTag"}} []
[2026-05-15T00:26:07.887803+00:00] main.DEBUG: cache_invalidate:  {"method":"GET","url":"http:/","invalidateInfo":{"tags":["cms_p_4","FPC"],"mode":"matchingTag"}} []
[2026-05-15T00:26:07.903492+00:00] main.DEBUG: cache_invalidate:  {"method":"GET","url":"http:/","invalidateInfo":{"tags":["cms_p","MAGE"],"mode":"matchingTag"}} []
[2026-05-15T00:26:07.903675+00:00] main.DEBUG: cache_invalidate:  {"method":"GET","url":"http:/","invalidateInfo":{"tags":["cms_p"],"mode":"matchingAnyTag"}} []
[2026-05-15T00:26:07.904100+00:00] main.DEBUG: cache_invalidate:  {"method":"GET","url":"http:/","invalidateInfo":{"tags":["cms_p_4","GRAPHQL_QUERY_RESOLVER_RESULT","MAGE"],"mode":"matchingTag"}} []
[2026-05-15T00:26:07.904231+00:00] main.DEBUG: cache_invalidate:  {"method":"GET","url":"http:/","invalidateInfo":{"tags":["cms_p_4","GRAPHQL_QUERY_RESOLVER_RESULT"],"mode":"matchingTag"}} []
[2026-05-15T00:26:07.904559+00:00] main.DEBUG: cache_invalidate:  {"method":"GET","url":"http:/","invalidateInfo":{"tags":["cms_p_4","FPC","MAGE"],"mode":"matchingTag"}} []
[2026-05-15T00:26:07.904679+00:00] main.DEBUG: cache_invalidate:  {"method":"GET","url":"http:/","invalidateInfo":{"tags":["cms_p_4","FPC"],"mode":"matchingTag"}} []
[2026-05-15T00:26:07.910692+00:00] main.DEBUG: cache_invalidate:  {"method":"GET","url":"http:/","invalidateInfo":{"tags":["cms_p_4","FPC","MAGE"],"mode":"matchingTag"}} []
[2026-05-15T00:26:07.910918+00:00] main.DEBUG: cache_invalidate:  {"method":"GET","url":"http:/","invalidateInfo":{"tags":["cms_p_4","FPC"],"mode":"matchingTag"}} []
[2026-05-15T00:26:07.988782+00:00] main.DEBUG: cache_invalidate:  {"method":"GET","url":"http:/","invalidateInfo":{"tags":["EAV","MAGE"],"mode":"matchingTag"}} []
[2026-05-15T00:26:07.989046+00:00] main.DEBUG: cache_invalidate:  {"method":"GET","url":"http:/","invalidateInfo":{"tags":["EAV"],"mode":"matchingAnyTag"}} []
[2026-05-15T00:26:08.007695+00:00] main.DEBUG: cache_invalidate:  {"method":"GET","url":"http:/","invalidateInfo":{"tags":["EAV","MAGE"],"mode":"matchingTag"}} []
[2026-05-15T00:26:08.008647+00:00] main.DEBUG: cache_invalidate:  {"method":"GET","url":"http:/","invalidateInfo":{"tags":["EAV_ATTRIBUTE","MAGE"],"mode":"matchingTag"}} []
[2026-05-15T00:26:08.008814+00:00] main.DEBUG: cache_invalidate:  {"method":"GET","url":"http:/","invalidateInfo":{"tags":["EAV","EAV_ATTRIBUTE"],"mode":"matchingAnyTag"}} []
[2026-05-15T00:26:08.125095+00:00] main.DEBUG: cache_invalidate:  {"method":"GET","url":"http:/","invalidateInfo":{"tags":["EAV","MAGE"],"mode":"matchingTag"}} []
[2026-05-15T00:26:08.125916+00:00] main.DEBUG: cache_invalidate:  {"method":"GET","url":"http:/","invalidateInfo":{"tags":["EAV_ATTRIBUTE","MAGE"],"mode":"matchingTag"}} []
[2026-05-15T00:26:08.126099+00:00] main.DEBUG: cache_invalidate:  {"method":"GET","url":"http:/","invalidateInfo":{"tags":["EAV","EAV_ATTRIBUTE"],"mode":"matchingAnyTag"}} []
[2026-05-15T00:26:08.815339+00:00] main.DEBUG: cache_invalidate:  {"method":"GET","url":"http:/","invalidateInfo":{"tags":["cat_c_1","MAGE"],"mode":"matchingTag"}} []
[2026-05-15T00:26:08.815698+00:00] main.DEBUG: cache_invalidate:  {"method":"GET","url":"http:/","invalidateInfo":{"tags":["cat_c_p_1","MAGE"],"mode":"matchingTag"}} []
[2026-05-15T00:26:08.815961+00:00] main.DEBUG: cache_invalidate:  {"method":"GET","url":"http:/","invalidateInfo":{"tags":["cat_c","MAGE"],"mode":"matchingTag"}} []
[2026-05-15T00:26:08.816115+00:00] main.DEBUG: cache_invalidate:  {"method":"GET","url":"http:/","invalidateInfo":{"tags":["cat_c_1","cat_c_p_1","cat_c"],"mode":"matchingAnyTag"}} []
[2026-05-15T00:26:08.816671+00:00] main.DEBUG: cache_invalidate:  {"method":"GET","url":"http:/","invalidateInfo":{"tags":["cat_c_1","FPC","MAGE"],"mode":"matchingTag"}} []
[2026-05-15T00:26:08.816839+00:00] main.DEBUG: cache_invalidate:  {"method":"GET","url":"http:/","invalidateInfo":{"tags":["cat_c_1","FPC"],"mode":"matchingTag"}} []
[2026-05-15T00:26:08.817160+00:00] main.DEBUG: cache_invalidate:  {"method":"GET","url":"http:/","invalidateInfo":{"tags":["cat_c_p_1","FPC","MAGE"],"mode":"matchingTag"}} []
[2026-05-15T00:26:08.817257+00:00] main.DEBUG: cache_invalidate:  {"method":"GET","url":"http:/","invalidateInfo":{"tags":["cat_c_p_1","FPC"],"mode":"matchingTag"}} []
[2026-05-15T00:26:08.817446+00:00] main.DEBUG: cache_invalidate:  {"method":"GET","url":"http:/","invalidateInfo":{"tags":["cat_c","FPC","MAGE"],"mode":"matchingTag"}} []
[2026-05-15T00:26:08.817533+00:00] main.DEBUG: cache_invalidate:  {"method":"GET","url":"http:/","invalidateInfo":{"tags":["cat_c","FPC"],"mode":"matchingTag"}} []
[2026-05-15T00:26:08.829049+00:00] main.DEBUG: cache_invalidate:  {"method":"GET","url":"http:/","invalidateInfo":{"tags":["cat_c_1","MAGE"],"mode":"matchingTag"}} []
[2026-05-15T00:26:08.829350+00:00] main.DEBUG: cache_invalidate:  {"method":"GET","url":"http:/","invalidateInfo":{"tags":["cat_c","MAGE"],"mode":"matchingTag"}} []
[2026-05-15T00:26:08.829571+00:00] main.DEBUG: cache_invalidate:  {"method":"GET","url":"http:/","invalidateInfo":{"tags":["cat_c_p_1","MAGE"],"mode":"matchingTag"}} []
[2026-05-15T00:26:08.829724+00:00] main.DEBUG: cache_invalidate:  {"method":"GET","url":"http:/","invalidateInfo":{"tags":["cat_c_1","cat_c","cat_c_p_1"],"mode":"matchingAnyTag"}} []
[2026-05-15T00:26:08.829997+00:00] main.DEBUG: cache_invalidate:  {"method":"GET","url":"http:/","invalidateInfo":{"tags":["cat_c_1","MAGE"],"mode":"matchingTag"}} []
[2026-05-15T00:26:08.830225+00:00] main.DEBUG: cache_invalidate:  {"method":"GET","url":"http:/","invalidateInfo":{"tags":["cat_c","MAGE"],"mode":"matchingTag"}} []
[2026-05-15T00:26:08.830463+00:00] main.DEBUG: cache_invalidate:  {"method":"GET","url":"http:/","invalidateInfo":{"tags":["cat_c_p_1","MAGE"],"mode":"matchingTag"}} []
[2026-05-15T00:26:08.830618+00:00] main.DEBUG: cache_invalidate:  {"method":"GET","url":"http:/","invalidateInfo":{"tags":["cat_c_1","cat_c","cat_c_p_1"],"mode":"matchingAnyTag"}} []
[2026-05-15T00:26:08.845165+00:00] main.DEBUG: cache_invalidate:  {"method":"GET","url":"http:/","invalidateInfo":{"tags":["cat_c_2","MAGE"],"mode":"matchingTag"}} []
[2026-05-15T00:26:08.845539+00:00] main.DEBUG: cache_invalidate:  {"method":"GET","url":"http:/","invalidateInfo":{"tags":["cat_c_p_2","MAGE"],"mode":"matchingTag"}} []
[2026-05-15T00:26:08.845857+00:00] main.DEBUG: cache_invalidate:  {"method":"GET","url":"http:/","invalidateInfo":{"tags":["cat_c_p_1","MAGE"],"mode":"matchingTag"}} []
[2026-05-15T00:26:08.846197+00:00] main.DEBUG: cache_invalidate:  {"method":"GET","url":"http:/","invalidateInfo":{"tags":["cat_c","MAGE"],"mode":"matchingTag"}} []
[2026-05-15T00:26:08.846327+00:00] main.DEBUG: cache_invalidate:  {"method":"GET","url":"http:/","invalidateInfo":{"tags":{"0":"cat_c_2","1":"cat_c_p_2","2":"cat_c_p_1","4":"cat_c"},"mode":"matchingAnyTag"}} []
[2026-05-15T00:26:08.846778+00:00] main.DEBUG: cache_invalidate:  {"method":"GET","url":"http:/","invalidateInfo":{"tags":["cat_c_2","FPC","MAGE"],"mode":"matchingTag"}} []
[2026-05-15T00:26:08.846958+00:00] main.DEBUG: cache_invalidate:  {"method":"GET","url":"http:/","invalidateInfo":{"tags":["cat_c_2","FPC"],"mode":"matchingTag"}} []
[2026-05-15T00:26:08.847306+00:00] main.DEBUG: cache_invalidate:  {"method":"GET","url":"http:/","invalidateInfo":{"tags":["cat_c_p_2","FPC","MAGE"],"mode":"matchingTag"}} []
[2026-05-15T00:26:08.847452+00:00] main.DEBUG: cache_invalidate:  {"method":"GET","url":"http:/","invalidateInfo":{"tags":["cat_c_p_2","FPC"],"mode":"matchingTag"}} []
[2026-05-15T00:26:08.847744+00:00] main.DEBUG: cache_invalidate:  {"method":"GET","url":"http:/","invalidateInfo":{"tags":["cat_c_p_1","FPC","MAGE"],"mode":"matchingTag"}} []
[2026-05-15T00:26:08.847861+00:00] main.DEBUG: cache_invalidate:  {"method":"GET","url":"http:/","invalidateInfo":{"tags":["cat_c_p_1","FPC"],"mode":"matchingTag"}} []
[2026-05-15T00:26:08.848161+00:00] main.DEBUG: cache_invalidate:  {"method":"GET","url":"http:/","invalidateInfo":{"tags":["cat_c","FPC","MAGE"],"mode":"matchingTag"}} []
[2026-05-15T00:26:08.848274+00:00] main.DEBUG: cache_invalidate:  {"method":"GET","url":"http:/","invalidateInfo":{"tags":["cat_c","FPC"],"mode":"matchingTag"}} []
[2026-05-15T00:26:08.848813+00:00] main.DEBUG: cache_invalidate:  {"method":"GET","url":"http:/","invalidateInfo":{"tags":["cat_c_2","MAGE"],"mode":"matchingTag"}} []
[2026-05-15T00:26:08.849107+00:00] main.DEBUG: cache_invalidate:  {"method":"GET","url":"http:/","invalidateInfo":{"tags":["cat_c_p_1","MAGE"],"mode":"matchingTag"}} []
[2026-05-15T00:26:08.849379+00:00] main.DEBUG: cache_invalidate:  {"method":"GET","url":"http:/","invalidateInfo":{"tags":["cat_c_p_2","MAGE"],"mode":"matchingTag"}} []
[2026-05-15T00:26:08.849644+00:00] main.DEBUG: cache_invalidate:  {"method":"GET","url":"http:/","invalidateInfo":{"tags":["cat_c","MAGE"],"mode":"matchingTag"}} []
[2026-05-15T00:26:08.849787+00:00] main.DEBUG: cache_invalidate:  {"method":"GET","url":"http:/","invalidateInfo":{"tags":["cat_c_2","cat_c_p_1","cat_c_p_2","cat_c"],"mode":"matchingAnyTag"}} []
[2026-05-15T00:26:08.850114+00:00] main.DEBUG: cache_invalidate:  {"method":"GET","url":"http:/","invalidateInfo":{"tags":["cat_c_2","MAGE"],"mode":"matchingTag"}} []
[2026-05-15T00:26:08.850649+00:00] main.DEBUG: cache_invalidate:  {"method":"GET","url":"http:/","invalidateInfo":{"tags":["cat_c_p_1","MAGE"],"mode":"matchingTag"}} []
[2026-05-15T00:26:08.850963+00:00] main.DEBUG: cache_invalidate:  {"method":"GET","url":"http:/","invalidateInfo":{"tags":["cat_c_p_2","MAGE"],"mode":"matchingTag"}} []
[2026-05-15T00:26:08.851281+00:00] main.DEBUG: cache_invalidate:  {"method":"GET","url":"http:/","invalidateInfo":{"tags":["cat_c","MAGE"],"mode":"matchingTag"}} []
[2026-05-15T00:26:08.851399+00:00] main.DEBUG: cache_invalidate:  {"method":"GET","url":"http:/","invalidateInfo":{"tags":["cat_c_2","cat_c_p_1","cat_c_p_2","cat_c"],"mode":"matchingAnyTag"}} []
[2026-05-15T00:26:08.892853+00:00] main.DEBUG: cache_invalidate:  {"method":"GET","url":"http:/","invalidateInfo":{"tags":["cat_c_1","FPC","MAGE"],"mode":"matchingTag"}} []
[2026-05-15T00:26:08.893053+00:00] main.DEBUG: cache_invalidate:  {"method":"GET","url":"http:/","invalidateInfo":{"tags":["cat_c_1","FPC"],"mode":"matchingTag"}} []
[2026-05-15T00:26:08.893373+00:00] main.DEBUG: cache_invalidate:  {"method":"GET","url":"http:/","invalidateInfo":{"tags":["cat_c","FPC","MAGE"],"mode":"matchingTag"}} []
[2026-05-15T00:26:08.893505+00:00] main.DEBUG: cache_invalidate:  {"method":"GET","url":"http:/","invalidateInfo":{"tags":["cat_c","FPC"],"mode":"matchingTag"}} []
[2026-05-15T00:26:08.893758+00:00] main.DEBUG: cache_invalidate:  {"method":"GET","url":"http:/","invalidateInfo":{"tags":["cat_c_p_1","FPC","MAGE"],"mode":"matchingTag"}} []
[2026-05-15T00:26:08.893887+00:00] main.DEBUG: cache_invalidate:  {"method":"GET","url":"http:/","invalidateInfo":{"tags":["cat_c_p_1","FPC"],"mode":"matchingTag"}} []
[2026-05-15T00:26:08.894973+00:00] main.DEBUG: cache_invalidate:  {"method":"GET","url":"http:/","invalidateInfo":{"tags":["cat_c_2","FPC","MAGE"],"mode":"matchingTag"}} []
[2026-05-15T00:26:08.895147+00:00] main.DEBUG: cache_invalidate:  {"method":"GET","url":"http:/","invalidateInfo":{"tags":["cat_c_2","FPC"],"mode":"matchingTag"}} []
[2026-05-15T00:26:08.895389+00:00] main.DEBUG: cache_invalidate:  {"method":"GET","url":"http:/","invalidateInfo":{"tags":["cat_c_p_1","FPC","MAGE"],"mode":"matchingTag"}} []
[2026-05-15T00:26:08.895487+00:00] main.DEBUG: cache_invalidate:  {"method":"GET","url":"http:/","invalidateInfo":{"tags":["cat_c_p_1","FPC"],"mode":"matchingTag"}} []
[2026-05-15T00:26:08.895675+00:00] main.DEBUG: cache_invalidate:  {"method":"GET","url":"http:/","invalidateInfo":{"tags":["cat_c_p_2","FPC","MAGE"],"mode":"matchingTag"}} []
[2026-05-15T00:26:08.895764+00:00] main.DEBUG: cache_invalidate:  {"method":"GET","url":"http:/","invalidateInfo":{"tags":["cat_c_p_2","FPC"],"mode":"matchingTag"}} []
[2026-05-15T00:26:08.895961+00:00] main.DEBUG: cache_invalidate:  {"method":"GET","url":"http:/","invalidateInfo":{"tags":["cat_c","FPC","MAGE"],"mode":"matchingTag"}} []
[2026-05-15T00:26:08.896067+00:00] main.DEBUG: cache_invalidate:  {"method":"GET","url":"http:/","invalidateInfo":{"tags":["cat_c","FPC"],"mode":"matchingTag"}} []
[2026-05-15T00:26:09.481849+00:00] main.DEBUG: cache_invalidate:  {"method":"GET","url":"http:/","invalidateInfo":{"tags":["EAV","MAGE"],"mode":"matchingTag"}} []
[2026-05-15T00:26:09.482056+00:00] main.DEBUG: cache_invalidate:  {"method":"GET","url":"http:/","invalidateInfo":{"tags":["EAV"],"mode":"matchingAnyTag"}} []
[2026-05-15T00:26:09.487884+00:00] main.DEBUG: cache_invalidate:  {"method":"GET","url":"http:/","invalidateInfo":{"tags":["EAV","MAGE"],"mode":"matchingTag"}} []
[2026-05-15T00:26:09.488831+00:00] main.DEBUG: cache_invalidate:  {"method":"GET","url":"http:/","invalidateInfo":{"tags":["EAV_ATTRIBUTE","MAGE"],"mode":"matchingTag"}} []
[2026-05-15T00:26:09.489040+00:00] main.DEBUG: cache_invalidate:  {"method":"GET","url":"http:/","invalidateInfo":{"tags":["EAV","EAV_ATTRIBUTE"],"mode":"matchingAnyTag"}} []
[2026-05-15T00:26:09.495023+00:00] main.DEBUG: cache_invalidate:  {"method":"GET","url":"http:/","invalidateInfo":{"tags":["EAV","MAGE"],"mode":"matchingTag"}} []
[2026-05-15T00:26:09.496022+00:00] main.DEBUG: cache_invalidate:  {"method":"GET","url":"http:/","invalidateInfo":{"tags":["EAV_ATTRIBUTE","MAGE"],"mode":"matchingTag"}} []
[2026-05-15T00:26:09.496154+00:00] main.DEBUG: cache_invalidate:  {"method":"GET","url":"http:/","invalidateInfo":{"tags":["EAV","EAV_ATTRIBUTE"],"mode":"matchingAnyTag"}} []
[2026-05-15T00:26:09.501703+00:00] main.DEBUG: cache_invalidate:  {"method":"GET","url":"http:/","invalidateInfo":{"tags":["EAV","MAGE"],"mode":"matchingTag"}} []
[2026-05-15T00:26:09.502645+00:00] main.DEBUG: cache_invalidate:  {"method":"GET","url":"http:/","invalidateInfo":{"tags":["EAV_ATTRIBUTE","MAGE"],"mode":"matchingTag"}} []
[2026-05-15T00:26:09.502787+00:00] main.DEBUG: cache_invalidate:  {"method":"GET","url":"http:/","invalidateInfo":{"tags":["EAV","EAV_ATTRIBUTE"],"mode":"matchingAnyTag"}} []
[2026-05-15T00:26:09.508366+00:00] main.DEBUG: cache_invalidate:  {"method":"GET","url":"http:/","invalidateInfo":{"tags":["EAV","MAGE"],"mode":"matchingTag"}} []
[2026-05-15T00:26:09.509179+00:00] main.DEBUG: cache_invalidate:  {"method":"GET","url":"http:/","invalidateInfo":{"tags":["EAV_ATTRIBUTE","MAGE"],"mode":"matchingTag"}} []
[2026-05-15T00:26:09.509304+00:00] main.DEBUG: cache_invalidate:  {"method":"GET","url":"http:/","invalidateInfo":{"tags":["EAV","EAV_ATTRIBUTE"],"mode":"matchingAnyTag"}} []
[2026-05-15T00:26:09.535615+00:00] main.DEBUG: cache_invalidate:  {"method":"GET","url":"http:/","invalidateInfo":{"tags":["EAV","MAGE"],"mode":"matchingTag"}} []
[2026-05-15T00:26:09.536439+00:00] main.DEBUG: cache_invalidate:  {"method":"GET","url":"http:/","invalidateInfo":{"tags":["EAV_ATTRIBUTE","MAGE"],"mode":"matchingTag"}} []
[2026-05-15T00:26:09.536568+00:00] main.DEBUG: cache_invalidate:  {"method":"GET","url":"http:/","invalidateInfo":{"tags":["EAV","EAV_ATTRIBUTE"],"mode":"matchingAnyTag"}} []
[2026-05-15T00:26:09.560859+00:00] main.DEBUG: cache_invalidate:  {"method":"GET","url":"http:/","invalidateInfo":{"tags":["EAV","MAGE"],"mode":"matchingTag"}} []
[2026-05-15T00:26:09.561793+00:00] main.DEBUG: cache_invalidate:  {"method":"GET","url":"http:/","invalidateInfo":{"tags":["EAV_ATTRIBUTE","MAGE"],"mode":"matchingTag"}} []
[2026-05-15T00:26:09.561925+00:00] main.DEBUG: cache_invalidate:  {"method":"GET","url":"http:/","invalidateInfo":{"tags":["EAV","EAV_ATTRIBUTE"],"mode":"matchingAnyTag"}} []
[2026-05-15T00:26:09.579706+00:00] main.DEBUG: cache_invalidate:  {"method":"GET","url":"http:/","invalidateInfo":{"tags":["EAV","MAGE"],"mode":"matchingTag"}} []
[2026-05-15T00:26:09.580540+00:00] main.DEBUG: cache_invalidate:  {"method":"GET","url":"http:/","invalidateInfo":{"tags":["EAV_ATTRIBUTE","MAGE"],"mode":"matchingTag"}} []
[2026-05-15T00:26:09.580675+00:00] main.DEBUG: cache_invalidate:  {"method":"GET","url":"http:/","invalidateInfo":{"tags":["EAV","EAV_ATTRIBUTE"],"mode":"matchingAnyTag"}} []
[2026-05-15T00:26:09.583561+00:00] main.DEBUG: cache_invalidate:  {"method":"GET","url":"http:/","invalidateInfo":{"tags":["EAV","MAGE"],"mode":"matchingTag"}} []
[2026-05-15T00:26:09.584511+00:00] main.DEBUG: cache_invalidate:  {"method":"GET","url":"http:/","invalidateInfo":{"tags":["EAV_ATTRIBUTE","MAGE"],"mode":"matchingTag"}} []
[2026-05-15T00:26:09.584642+00:00] main.DEBUG: cache_invalidate:  {"method":"GET","url":"http:/","invalidateInfo":{"tags":["EAV","EAV_ATTRIBUTE"],"mode":"matchingAnyTag"}} []
[2026-05-15T00:26:10.516545+00:00] main.DEBUG: cache_invalidate:  {"method":"GET","url":"http:/","invalidateInfo":{"tags":["EAV","MAGE"],"mode":"matchingTag"}} []
[2026-05-15T00:26:10.517365+00:00] main.DEBUG: cache_invalidate:  {"method":"GET","url":"http:/","invalidateInfo":{"tags":["EAV_ATTRIBUTE","MAGE"],"mode":"matchingTag"}} []
[2026-05-15T00:26:10.517513+00:00] main.DEBUG: cache_invalidate:  {"method":"GET","url":"http:/","invalidateInfo":{"tags":["EAV","EAV_ATTRIBUTE"],"mode":"matchingAnyTag"}} []
[2026-05-15T00:26:10.519069+00:00] main.DEBUG: cache_invalidate:  {"method":"GET","url":"http:/","invalidateInfo":{"tags":["EAV","MAGE"],"mode":"matchingTag"}} []
[2026-05-15T00:26:10.519948+00:00] main.DEBUG: cache_invalidate:  {"method":"GET","url":"http:/","invalidateInfo":{"tags":["EAV_ATTRIBUTE","MAGE"],"mode":"matchingTag"}} []
[2026-05-15T00:26:10.520124+00:00] main.DEBUG: cache_invalidate:  {"method":"GET","url":"http:/","invalidateInfo":{"tags":["EAV","EAV_ATTRIBUTE"],"mode":"matchingAnyTag"}} []
[2026-05-15T00:26:10.520981+00:00] main.DEBUG: cache_invalidate:  {"method":"GET","url":"http:/","invalidateInfo":{"tags":["EAV_ATTRIBUTE","MAGE"],"mode":"matchingTag"}} []
[2026-05-15T00:26:10.521166+00:00] main.DEBUG: cache_invalidate:  {"method":"GET","url":"http:/","invalidateInfo":{"tags":["EAV_ATTRIBUTE"],"mode":"matchingAnyTag"}} []
[2026-05-15T00:26:10.522391+00:00] main.DEBUG: cache_invalidate:  {"method":"GET","url":"http:/","invalidateInfo":{"tags":["EAV_ATTRIBUTE_74","FPC","MAGE"],"mode":"matchingTag"}} []
[2026-05-15T00:26:10.522544+00:00] main.DEBUG: cache_invalidate:  {"method":"GET","url":"http:/","invalidateInfo":{"tags":["EAV_ATTRIBUTE_74","FPC"],"mode":"matchingTag"}} []
[2026-05-15T00:26:10.522763+00:00] main.DEBUG: cache_invalidate:  {"method":"GET","url":"http:/","invalidateInfo":{"tags":["EAV_ENTITY_TYPES_CATALOG_PRODUCT_ENTITY","FPC","MAGE"],"mode":"matchingTag"}} []
[2026-05-15T00:26:10.522869+00:00] main.DEBUG: cache_invalidate:  {"method":"GET","url":"http:/","invalidateInfo":{"tags":["EAV_ENTITY_TYPES_CATALOG_PRODUCT_ENTITY","FPC"],"mode":"matchingTag"}} []
[2026-05-15T00:26:10.523072+00:00] main.DEBUG: cache_invalidate:  {"method":"GET","url":"http:/","invalidateInfo":{"tags":["EAV_ATTRIBUTE_catalog_product_sku","FPC","MAGE"],"mode":"matchingTag"}} []
[2026-05-15T00:26:10.523168+00:00] main.DEBUG: cache_invalidate:  {"method":"GET","url":"http:/","invalidateInfo":{"tags":["EAV_ATTRIBUTE_catalog_product_sku","FPC"],"mode":"matchingTag"}} []
[2026-05-15T00:26:10.523978+00:00] main.DEBUG: cache_invalidate:  {"method":"GET","url":"http:/","invalidateInfo":{"identifier":"request_declaration"}} []
[2026-05-15T00:26:10.524158+00:00] main.DEBUG: cache_invalidate:  {"method":"GET","url":"http:/","invalidateInfo":{"identifier":"request_declaration"}} []
[2026-05-15T00:26:10.537752+00:00] main.DEBUG: cache_invalidate:  {"method":"GET","url":"http:/","invalidateInfo":{"identifier":"request_declaration"}} []
[2026-05-15T00:26:10.537912+00:00] main.DEBUG: cache_invalidate:  {"method":"GET","url":"http:/","invalidateInfo":{"identifier":"request_declaration"}} []
[2026-05-15T00:26:10.588736+00:00] main.DEBUG: cache_invalidate:  {"method":"GET","url":"http:/","invalidateInfo":{"tags":["EAV","MAGE"],"mode":"matchingTag"}} []
[2026-05-15T00:26:10.589650+00:00] main.DEBUG: cache_invalidate:  {"method":"GET","url":"http:/","invalidateInfo":{"tags":["EAV_ATTRIBUTE","MAGE"],"mode":"matchingTag"}} []
[2026-05-15T00:26:10.589830+00:00] main.DEBUG: cache_invalidate:  {"method":"GET","url":"http:/","invalidateInfo":{"tags":["EAV","EAV_ATTRIBUTE"],"mode":"matchingAnyTag"}} []
[2026-05-15T00:26:10.591558+00:00] main.DEBUG: cache_invalidate:  {"method":"GET","url":"http:/","invalidateInfo":{"tags":["EAV","MAGE"],"mode":"matchingTag"}} []
[2026-05-15T00:26:10.592476+00:00] main.DEBUG: cache_invalidate:  {"method":"GET","url":"http:/","invalidateInfo":{"tags":["EAV_ATTRIBUTE","MAGE"],"mode":"matchingTag"}} []
[2026-05-15T00:26:10.592607+00:00] main.DEBUG: cache_invalidate:  {"method":"GET","url":"http:/","invalidateInfo":{"tags":["EAV","EAV_ATTRIBUTE"],"mode":"matchingAnyTag"}} []
[2026-05-15T00:26:10.593515+00:00] main.DEBUG: cache_invalidate:  {"method":"GET","url":"http:/","invalidateInfo":{"tags":["EAV_ATTRIBUTE","MAGE"],"mode":"matchingTag"}} []
[2026-05-15T00:26:10.593635+00:00] main.DEBUG: cache_invalidate:  {"method":"GET","url":"http:/","invalidateInfo":{"tags":["EAV_ATTRIBUTE"],"mode":"matchingAnyTag"}} []
[2026-05-15T00:26:10.594726+00:00] main.DEBUG: cache_invalidate:  {"method":"GET","url":"http:/","invalidateInfo":{"tags":["EAV_ATTRIBUTE_73","FPC","MAGE"],"mode":"matchingTag"}} []
[2026-05-15T00:26:10.594877+00:00] main.DEBUG: cache_invalidate:  {"method":"GET","url":"http:/","invalidateInfo":{"tags":["EAV_ATTRIBUTE_73","FPC"],"mode":"matchingTag"}} []
[2026-05-15T00:26:10.595093+00:00] main.DEBUG: cache_invalidate:  {"method":"GET","url":"http:/","invalidateInfo":{"tags":["EAV_ENTITY_TYPES_CATALOG_PRODUCT_ENTITY","FPC","MAGE"],"mode":"matchingTag"}} []
[2026-05-15T00:26:10.595193+00:00] main.DEBUG: cache_invalidate:  {"method":"GET","url":"http:/","invalidateInfo":{"tags":["EAV_ENTITY_TYPES_CATALOG_PRODUCT_ENTITY","FPC"],"mode":"matchingTag"}} []
[2026-05-15T00:26:10.595404+00:00] main.DEBUG: cache_invalidate:  {"method":"GET","url":"http:/","invalidateInfo":{"tags":["EAV_ATTRIBUTE_catalog_product_name","FPC","MAGE"],"mode":"matchingTag"}} []
[2026-05-15T00:26:10.595561+00:00] main.DEBUG: cache_invalidate:  {"method":"GET","url":"http:/","invalidateInfo":{"tags":["EAV_ATTRIBUTE_catalog_product_name","FPC"],"mode":"matchingTag"}} []
[2026-05-15T00:26:10.596152+00:00] main.DEBUG: cache_invalidate:  {"method":"GET","url":"http:/","invalidateInfo":{"identifier":"request_declaration"}} []
[2026-05-15T00:26:10.596304+00:00] main.DEBUG: cache_invalidate:  {"method":"GET","url":"http:/","invalidateInfo":{"identifier":"request_declaration"}} []
[2026-05-15T00:26:10.609543+00:00] main.DEBUG: cache_invalidate:  {"method":"GET","url":"http:/","invalidateInfo":{"identifier":"request_declaration"}} []
[2026-05-15T00:26:10.609707+00:00] main.DEBUG: cache_invalidate:  {"method":"GET","url":"http:/","invalidateInfo":{"identifier":"request_declaration"}} []
[2026-05-15T00:26:10.631401+00:00] main.DEBUG: cache_invalidate:  {"method":"GET","url":"http:/","invalidateInfo":{"tags":["EAV_ATTRIBUTE_74","FPC","MAGE"],"mode":"matchingTag"}} []
[2026-05-15T00:26:10.631647+00:00] main.DEBUG: cache_invalidate:  {"method":"GET","url":"http:/","invalidateInfo":{"tags":["EAV_ATTRIBUTE_74","FPC"],"mode":"matchingTag"}} []
[2026-05-15T00:26:10.631975+00:00] main.DEBUG: cache_invalidate:  {"method":"GET","url":"http:/","invalidateInfo":{"tags":["EAV_ATTRIBUTE_catalog_product_sku","FPC","MAGE"],"mode":"matchingTag"}} []
[2026-05-15T00:26:10.632120+00:00] main.DEBUG: cache_invalidate:  {"method":"GET","url":"http:/","invalidateInfo":{"tags":["EAV_ATTRIBUTE_catalog_product_sku","FPC"],"mode":"matchingTag"}} []
[2026-05-15T00:26:10.632475+00:00] main.DEBUG: cache_invalidate:  {"method":"GET","url":"http:/","invalidateInfo":{"tags":["EAV_ATTRIBUTE_73","FPC","MAGE"],"mode":"matchingTag"}} []
[2026-05-15T00:26:10.632584+00:00] main.DEBUG: cache_invalidate:  {"method":"GET","url":"http:/","invalidateInfo":{"tags":["EAV_ATTRIBUTE_73","FPC"],"mode":"matchingTag"}} []
[2026-05-15T00:26:10.632799+00:00] main.DEBUG: cache_invalidate:  {"method":"GET","url":"http:/","invalidateInfo":{"tags":["EAV_ATTRIBUTE_catalog_product_name","FPC","MAGE"],"mode":"matchingTag"}} []
[2026-05-15T00:26:10.632898+00:00] main.DEBUG: cache_invalidate:  {"method":"GET","url":"http:/","invalidateInfo":{"tags":["EAV_ATTRIBUTE_catalog_product_name","FPC"],"mode":"matchingTag"}} []
[2026-05-15T00:26:10.894451+00:00] main.DEBUG: cache_invalidate:  {"method":"GET","url":"http:/","invalidateInfo":{"tags":["cms_p","MAGE"],"mode":"matchingTag"}} []
[2026-05-15T00:26:10.894627+00:00] main.DEBUG: cache_invalidate:  {"method":"GET","url":"http:/","invalidateInfo":{"tags":["cms_p"],"mode":"matchingAnyTag"}} []
[2026-05-15T00:26:10.894953+00:00] main.DEBUG: cache_invalidate:  {"method":"GET","url":"http:/","invalidateInfo":{"tags":["cms_p_2","GRAPHQL_QUERY_RESOLVER_RESULT","MAGE"],"mode":"matchingTag"}} []
[2026-05-15T00:26:10.895137+00:00] main.DEBUG: cache_invalidate:  {"method":"GET","url":"http:/","invalidateInfo":{"tags":["cms_p_2","GRAPHQL_QUERY_RESOLVER_RESULT"],"mode":"matchingTag"}} []
[2026-05-15T00:26:10.895479+00:00] main.DEBUG: cache_invalidate:  {"method":"GET","url":"http:/","invalidateInfo":{"tags":["cms_p_2","FPC","MAGE"],"mode":"matchingTag"}} []
[2026-05-15T00:26:10.895586+00:00] main.DEBUG: cache_invalidate:  {"method":"GET","url":"http:/","invalidateInfo":{"tags":["cms_p_2","FPC"],"mode":"matchingTag"}} []
[2026-05-15T00:26:10.897121+00:00] main.DEBUG: cache_invalidate:  {"method":"GET","url":"http:/","invalidateInfo":{"tags":["cms_p_2","FPC","MAGE"],"mode":"matchingTag"}} []
[2026-05-15T00:26:10.897279+00:00] main.DEBUG: cache_invalidate:  {"method":"GET","url":"http:/","invalidateInfo":{"tags":["cms_p_2","FPC"],"mode":"matchingTag"}} []
[2026-05-15T00:26:11.262410+00:00] main.DEBUG: cache_invalidate:  {"method":"GET","url":"http:/","invalidateInfo":{"tags":["CONFIG","MAGE"],"mode":"matchingTag"}} []
[2026-05-15T00:26:11.262607+00:00] main.DEBUG: cache_invalidate:  {"method":"GET","url":"http:/","invalidateInfo":{"tags":["CONFIG"],"mode":"matchingTag"}} []
[2026-05-15T00:26:12.028746+00:00] main.DEBUG: cache_invalidate:  {"method":"GET","url":"http:/","invalidateInfo":{"identifier":"DB_PDO_MYSQL_DDL_design_config_grid_flat_1"}} []
[2026-05-15T00:26:12.028940+00:00] main.DEBUG: cache_invalidate:  {"method":"GET","url":"http:/","invalidateInfo":{"identifier":"DB_PDO_MYSQL_DDL_design_config_grid_flat_1"}} []
[2026-05-15T00:26:12.029582+00:00] main.DEBUG: cache_invalidate:  {"method":"GET","url":"http:/","invalidateInfo":{"identifier":"DB_PDO_MYSQL_DDL_design_config_grid_flat_2"}} []
[2026-05-15T00:26:12.029713+00:00] main.DEBUG: cache_invalidate:  {"method":"GET","url":"http:/","invalidateInfo":{"identifier":"DB_PDO_MYSQL_DDL_design_config_grid_flat_2"}} []
[2026-05-15T00:26:12.030101+00:00] main.DEBUG: cache_invalidate:  {"method":"GET","url":"http:/","invalidateInfo":{"identifier":"DB_PDO_MYSQL_DDL_design_config_grid_flat_3"}} []
[2026-05-15T00:26:12.030205+00:00] main.DEBUG: cache_invalidate:  {"method":"GET","url":"http:/","invalidateInfo":{"identifier":"DB_PDO_MYSQL_DDL_design_config_grid_flat_3"}} []
[2026-05-15T00:26:12.030622+00:00] main.DEBUG: cache_invalidate:  {"method":"GET","url":"http:/","invalidateInfo":{"identifier":"DB_PDO_MYSQL_DDL_design_config_grid_flat_4"}} []
[2026-05-15T00:26:12.030802+00:00] main.DEBUG: cache_invalidate:  {"method":"GET","url":"http:/","invalidateInfo":{"identifier":"DB_PDO_MYSQL_DDL_design_config_grid_flat_4"}} []
[2026-05-15T00:26:12.031428+00:00] main.DEBUG: cache_invalidate:  {"method":"GET","url":"http:/","invalidateInfo":{"identifier":"DB_PDO_MYSQL_DDL_design_config_grid_flat_5"}} []
[2026-05-15T00:26:12.031574+00:00] main.DEBUG: cache_invalidate:  {"method":"GET","url":"http:/","invalidateInfo":{"identifier":"DB_PDO_MYSQL_DDL_design_config_grid_flat_5"}} []
[2026-05-15T00:26:12.244883+00:00] main.DEBUG: cache_invalidate:  {"method":"GET","url":"http:/","invalidateInfo":{"identifier":"DB_PDO_MYSQL_DDL_customer_grid_flat_1"}} []
[2026-05-15T00:26:12.245107+00:00] main.DEBUG: cache_invalidate:  {"method":"GET","url":"http:/","invalidateInfo":{"identifier":"DB_PDO_MYSQL_DDL_customer_grid_flat_1"}} []
[2026-05-15T00:26:12.245578+00:00] main.DEBUG: cache_invalidate:  {"method":"GET","url":"http:/","invalidateInfo":{"identifier":"DB_PDO_MYSQL_DDL_customer_grid_flat_2"}} []
[2026-05-15T00:26:12.245736+00:00] main.DEBUG: cache_invalidate:  {"method":"GET","url":"http:/","invalidateInfo":{"identifier":"DB_PDO_MYSQL_DDL_customer_grid_flat_2"}} []
[2026-05-15T00:26:12.246074+00:00] main.DEBUG: cache_invalidate:  {"method":"GET","url":"http:/","invalidateInfo":{"identifier":"DB_PDO_MYSQL_DDL_customer_grid_flat_3"}} []
[2026-05-15T00:26:12.246168+00:00] main.DEBUG: cache_invalidate:  {"method":"GET","url":"http:/","invalidateInfo":{"identifier":"DB_PDO_MYSQL_DDL_customer_grid_flat_3"}} []
[2026-05-15T00:26:12.246559+00:00] main.DEBUG: cache_invalidate:  {"method":"GET","url":"http:/","invalidateInfo":{"identifier":"DB_PDO_MYSQL_DDL_customer_grid_flat_4"}} []
[2026-05-15T00:26:12.246701+00:00] main.DEBUG: cache_invalidate:  {"method":"GET","url":"http:/","invalidateInfo":{"identifier":"DB_PDO_MYSQL_DDL_customer_grid_flat_4"}} []
[2026-05-15T00:26:12.247125+00:00] main.DEBUG: cache_invalidate:  {"method":"GET","url":"http:/","invalidateInfo":{"identifier":"DB_PDO_MYSQL_DDL_customer_grid_flat_5"}} []
[2026-05-15T00:26:12.247268+00:00] main.DEBUG: cache_invalidate:  {"method":"GET","url":"http:/","invalidateInfo":{"identifier":"DB_PDO_MYSQL_DDL_customer_grid_flat_5"}} []
[2026-05-15T00:26:12.625854+00:00] main.DEBUG: cache_invalidate:  {"method":"GET","url":"http:/","invalidateInfo":{"tags":["CONFIG","MAGE"],"mode":"matchingTag"}} []
[2026-05-15T00:26:12.626095+00:00] main.DEBUG: cache_invalidate:  {"method":"GET","url":"http:/","invalidateInfo":{"tags":["CONFIG"],"mode":"matchingTag"}} []
[2026-05-15T00:26:12.768449+00:00] main.DEBUG: cache_invalidate:  {"method":"GET","url":"http:/","invalidateInfo":{"tags":["LAYOUT_GENERAL_CACHE_TAG","MAGE"],"mode":"matchingTag"}} []
[2026-05-15T00:26:12.768647+00:00] main.DEBUG: cache_invalidate:  {"method":"GET","url":"http:/","invalidateInfo":{"tags":["LAYOUT_GENERAL_CACHE_TAG"],"mode":"matchingTag"}} []
[2026-05-15T00:26:12.769695+00:00] main.DEBUG: cache_invalidate:  {"method":"GET","url":"http:/","invalidateInfo":{"tags":["BLOCK_HTML","MAGE"],"mode":"matchingTag"}} []
[2026-05-15T00:26:12.769838+00:00] main.DEBUG: cache_invalidate:  {"method":"GET","url":"http:/","invalidateInfo":{"tags":["BLOCK_HTML"],"mode":"matchingTag"}} []
[2026-05-15T00:26:12.770604+00:00] main.DEBUG: cache_invalidate:  {"method":"GET","url":"http:/","invalidateInfo":{"tags":["COLLECTION_DATA","MAGE"],"mode":"matchingTag"}} []
[2026-05-15T00:26:12.770738+00:00] main.DEBUG: cache_invalidate:  {"method":"GET","url":"http:/","invalidateInfo":{"tags":["COLLECTION_DATA"],"mode":"matchingTag"}} []
[2026-05-15T00:26:12.771554+00:00] main.DEBUG: cache_invalidate:  {"method":"GET","url":"http:/","invalidateInfo":{"tags":["REFLECTION","MAGE"],"mode":"matchingTag"}} []
[2026-05-15T00:26:12.771691+00:00] main.DEBUG: cache_invalidate:  {"method":"GET","url":"http:/","invalidateInfo":{"tags":["REFLECTION"],"mode":"matchingTag"}} []
[2026-05-15T00:26:12.772866+00:00] main.DEBUG: cache_invalidate:  {"method":"GET","url":"http:/","invalidateInfo":{"tags":["DB_DDL","MAGE"],"mode":"matchingTag"}} []
[2026-05-15T00:26:12.773021+00:00] main.DEBUG: cache_invalidate:  {"method":"GET","url":"http:/","invalidateInfo":{"tags":["DB_DDL"],"mode":"matchingTag"}} []
[2026-05-15T00:26:12.773949+00:00] main.DEBUG: cache_invalidate:  {"method":"GET","url":"http:/","invalidateInfo":{"tags":["COMPILED_CONFIG","MAGE"],"mode":"matchingTag"}} []
[2026-05-15T00:26:12.774101+00:00] main.DEBUG: cache_invalidate:  {"method":"GET","url":"http:/","invalidateInfo":{"tags":["COMPILED_CONFIG"],"mode":"matchingTag"}} []
[2026-05-15T00:26:12.775303+00:00] main.DEBUG: cache_invalidate:  {"method":"GET","url":"http:/","invalidateInfo":{"tags":["EAV","MAGE"],"mode":"matchingTag"}} []
[2026-05-15T00:26:12.775444+00:00] main.DEBUG: cache_invalidate:  {"method":"GET","url":"http:/","invalidateInfo":{"tags":["EAV"],"mode":"matchingTag"}} []
[2026-05-15T00:26:12.776303+00:00] main.DEBUG: cache_invalidate:  {"method":"GET","url":"http:/","invalidateInfo":{"tags":["CUSTOMER_NOTIFICATION","MAGE"],"mode":"matchingTag"}} []
[2026-05-15T00:26:12.776438+00:00] main.DEBUG: cache_invalidate:  {"method":"GET","url":"http:/","invalidateInfo":{"tags":["CUSTOMER_NOTIFICATION"],"mode":"matchingTag"}} []
[2026-05-15T00:26:12.777167+00:00] main.DEBUG: cache_invalidate:  {"method":"GET","url":"http:/","invalidateInfo":{"tags":["INTEGRATION","MAGE"],"mode":"matchingTag"}} []
[2026-05-15T00:26:12.777298+00:00] main.DEBUG: cache_invalidate:  {"method":"GET","url":"http:/","invalidateInfo":{"tags":["INTEGRATION"],"mode":"matchingTag"}} []
[2026-05-15T00:26:12.778072+00:00] main.DEBUG: cache_invalidate:  {"method":"GET","url":"http:/","invalidateInfo":{"tags":["INTEGRATION_API_CONFIG","MAGE"],"mode":"matchingTag"}} []
[2026-05-15T00:26:12.778203+00:00] main.DEBUG: cache_invalidate:  {"method":"GET","url":"http:/","invalidateInfo":{"tags":["INTEGRATION_API_CONFIG"],"mode":"matchingTag"}} []
[2026-05-15T00:26:12.778964+00:00] main.DEBUG: cache_invalidate:  {"method":"GET","url":"http:/","invalidateInfo":{"tags":["GRAPHQL_QUERY_RESOLVER_RESULT","MAGE"],"mode":"matchingTag"}} []
[2026-05-15T00:26:12.779110+00:00] main.DEBUG: cache_invalidate:  {"method":"GET","url":"http:/","invalidateInfo":{"tags":["GRAPHQL_QUERY_RESOLVER_RESULT"],"mode":"matchingTag"}} []
[2026-05-15T00:26:12.779848+00:00] main.DEBUG: cache_invalidate:  {"method":"GET","url":"http:/","invalidateInfo":{"tags":["FPC","MAGE"],"mode":"matchingTag"}} []
[2026-05-15T00:26:12.779978+00:00] main.DEBUG: cache_invalidate:  {"method":"GET","url":"http:/","invalidateInfo":{"tags":["FPC"],"mode":"matchingTag"}} []
[2026-05-15T00:26:12.780719+00:00] main.DEBUG: cache_invalidate:  {"method":"GET","url":"http:/","invalidateInfo":{"tags":["WEBSERVICE","MAGE"],"mode":"matchingTag"}} []
[2026-05-15T00:26:12.780849+00:00] main.DEBUG: cache_invalidate:  {"method":"GET","url":"http:/","invalidateInfo":{"tags":["WEBSERVICE"],"mode":"matchingTag"}} []
[2026-05-15T00:26:12.781640+00:00] main.DEBUG: cache_invalidate:  {"method":"GET","url":"http:/","invalidateInfo":{"tags":["TRANSLATE","MAGE"],"mode":"matchingTag"}} []
[2026-05-15T00:26:12.781781+00:00] main.DEBUG: cache_invalidate:  {"method":"GET","url":"http:/","invalidateInfo":{"tags":["TRANSLATE"],"mode":"matchingTag"}} []
[2026-05-15T00:26:12.870383+00:00] main.DEBUG: cache_invalidate:  {"method":"GET","url":"http:/","invalidateInfo":{"identifier":"DB_PDO_MYSQL_DDL_cataloginventory_stock_status_1"}} []
[2026-05-15T00:26:12.870567+00:00] main.DEBUG: cache_invalidate:  {"method":"GET","url":"http:/","invalidateInfo":{"identifier":"DB_PDO_MYSQL_DDL_cataloginventory_stock_status_1"}} []
[2026-05-15T00:26:12.871043+00:00] main.DEBUG: cache_invalidate:  {"method":"GET","url":"http:/","invalidateInfo":{"identifier":"DB_PDO_MYSQL_DDL_cataloginventory_stock_status_2"}} []
[2026-05-15T00:26:12.871208+00:00] main.DEBUG: cache_invalidate:  {"method":"GET","url":"http:/","invalidateInfo":{"identifier":"DB_PDO_MYSQL_DDL_cataloginventory_stock_status_2"}} []
[2026-05-15T00:26:12.871762+00:00] main.DEBUG: cache_invalidate:  {"method":"GET","url":"http:/","invalidateInfo":{"identifier":"DB_PDO_MYSQL_DDL_cataloginventory_stock_status_3"}} []
[2026-05-15T00:26:12.871905+00:00] main.DEBUG: cache_invalidate:  {"method":"GET","url":"http:/","invalidateInfo":{"identifier":"DB_PDO_MYSQL_DDL_cataloginventory_stock_status_3"}} []
[2026-05-15T00:26:12.872452+00:00] main.DEBUG: cache_invalidate:  {"method":"GET","url":"http:/","invalidateInfo":{"identifier":"DB_PDO_MYSQL_DDL_cataloginventory_stock_status_4"}} []
[2026-05-15T00:26:12.872597+00:00] main.DEBUG: cache_invalidate:  {"method":"GET","url":"http:/","invalidateInfo":{"identifier":"DB_PDO_MYSQL_DDL_cataloginventory_stock_status_4"}} []
[2026-05-15T00:26:12.872993+00:00] main.DEBUG: cache_invalidate:  {"method":"GET","url":"http:/","invalidateInfo":{"identifier":"DB_PDO_MYSQL_DDL_cataloginventory_stock_status_5"}} []
[2026-05-15T00:26:12.873118+00:00] main.DEBUG: cache_invalidate:  {"method":"GET","url":"http:/","invalidateInfo":{"identifier":"DB_PDO_MYSQL_DDL_cataloginventory_stock_status_5"}} []
[2026-05-15T00:26:12.873598+00:00] main.DEBUG: cache_invalidate:  {"method":"GET","url":"http:/","invalidateInfo":{"identifier":"DB_PDO_MYSQL_DDL_cataloginventory_stock_status_outdated_1"}} []
[2026-05-15T00:26:12.873706+00:00] main.DEBUG: cache_invalidate:  {"method":"GET","url":"http:/","invalidateInfo":{"identifier":"DB_PDO_MYSQL_DDL_cataloginventory_stock_status_outdated_1"}} []
[2026-05-15T00:26:12.874074+00:00] main.DEBUG: cache_invalidate:  {"method":"GET","url":"http:/","invalidateInfo":{"identifier":"DB_PDO_MYSQL_DDL_cataloginventory_stock_status_outdated_2"}} []
[2026-05-15T00:26:12.874181+00:00] main.DEBUG: cache_invalidate:  {"method":"GET","url":"http:/","invalidateInfo":{"identifier":"DB_PDO_MYSQL_DDL_cataloginventory_stock_status_outdated_2"}} []
[2026-05-15T00:26:12.874610+00:00] main.DEBUG: cache_invalidate:  {"method":"GET","url":"http:/","invalidateInfo":{"identifier":"DB_PDO_MYSQL_DDL_cataloginventory_stock_status_outdated_3"}} []
[2026-05-15T00:26:12.874714+00:00] main.DEBUG: cache_invalidate:  {"method":"GET","url":"http:/","invalidateInfo":{"identifier":"DB_PDO_MYSQL_DDL_cataloginventory_stock_status_outdated_3"}} []
[2026-05-15T00:26:12.875081+00:00] main.DEBUG: cache_invalidate:  {"method":"GET","url":"http:/","invalidateInfo":{"identifier":"DB_PDO_MYSQL_DDL_cataloginventory_stock_status_outdated_4"}} []
[2026-05-15T00:26:12.875217+00:00] main.DEBUG: cache_invalidate:  {"method":"GET","url":"http:/","invalidateInfo":{"identifier":"DB_PDO_MYSQL_DDL_cataloginventory_stock_status_outdated_4"}} []
[2026-05-15T00:26:12.875641+00:00] main.DEBUG: cache_invalidate:  {"method":"GET","url":"http:/","invalidateInfo":{"identifier":"DB_PDO_MYSQL_DDL_cataloginventory_stock_status_outdated_5"}} []
[2026-05-15T00:26:12.875752+00:00] main.DEBUG: cache_invalidate:  {"method":"GET","url":"http:/","invalidateInfo":{"identifier":"DB_PDO_MYSQL_DDL_cataloginventory_stock_status_outdated_5"}} []
[2026-05-15T00:26:12.876185+00:00] main.DEBUG: cache_invalidate:  {"method":"GET","url":"http:/","invalidateInfo":{"identifier":"DB_PDO_MYSQL_DDL_cataloginventory_stock_status_replica_1"}} []
[2026-05-15T00:26:12.876298+00:00] main.DEBUG: cache_invalidate:  {"method":"GET","url":"http:/","invalidateInfo":{"identifier":"DB_PDO_MYSQL_DDL_cataloginventory_stock_status_replica_1"}} []
[2026-05-15T00:26:12.876749+00:00] main.DEBUG: cache_invalidate:  {"method":"GET","url":"http:/","invalidateInfo":{"identifier":"DB_PDO_MYSQL_DDL_cataloginventory_stock_status_replica_2"}} []
[2026-05-15T00:26:12.876883+00:00] main.DEBUG: cache_invalidate:  {"method":"GET","url":"http:/","invalidateInfo":{"identifier":"DB_PDO_MYSQL_DDL_cataloginventory_stock_status_replica_2"}} []
[2026-05-15T00:26:12.877341+00:00] main.DEBUG: cache_invalidate:  {"method":"GET","url":"http:/","invalidateInfo":{"identifier":"DB_PDO_MYSQL_DDL_cataloginventory_stock_status_replica_3"}} []
[2026-05-15T00:26:12.877476+00:00] main.DEBUG: cache_invalidate:  {"method":"GET","url":"http:/","invalidateInfo":{"identifier":"DB_PDO_MYSQL_DDL_cataloginventory_stock_status_replica_3"}} []
[2026-05-15T00:26:12.877815+00:00] main.DEBUG: cache_invalidate:  {"method":"GET","url":"http:/","invalidateInfo":{"identifier":"DB_PDO_MYSQL_DDL_cataloginventory_stock_status_replica_4"}} []
[2026-05-15T00:26:12.877948+00:00] main.DEBUG: cache_invalidate:  {"method":"GET","url":"http:/","invalidateInfo":{"identifier":"DB_PDO_MYSQL_DDL_cataloginventory_stock_status_replica_4"}} []
[2026-05-15T00:26:12.878385+00:00] main.DEBUG: cache_invalidate:  {"method":"GET","url":"http:/","invalidateInfo":{"identifier":"DB_PDO_MYSQL_DDL_cataloginventory_stock_status_replica_5"}} []
[2026-05-15T00:26:12.878495+00:00] main.DEBUG: cache_invalidate:  {"method":"GET","url":"http:/","invalidateInfo":{"identifier":"DB_PDO_MYSQL_DDL_cataloginventory_stock_status_replica_5"}} []
[2026-05-15T00:26:12.878943+00:00] main.DEBUG: cache_invalidate:  {"method":"GET","url":"http:/","invalidateInfo":{"tags":["cat_c","FPC","MAGE"],"mode":"matchingTag"}} []
[2026-05-15T00:26:12.879091+00:00] main.DEBUG: cache_invalidate:  {"method":"GET","url":"http:/","invalidateInfo":{"tags":["cat_c","FPC"],"mode":"matchingTag"}} []
[2026-05-15T00:26:12.879372+00:00] main.DEBUG: cache_invalidate:  {"method":"GET","url":"http:/","invalidateInfo":{"tags":["cat_p","FPC","MAGE"],"mode":"matchingTag"}} []
[2026-05-15T00:26:12.879489+00:00] main.DEBUG: cache_invalidate:  {"method":"GET","url":"http:/","invalidateInfo":{"tags":["cat_p","FPC"],"mode":"matchingTag"}} []
[2026-05-15T00:26:12.879777+00:00] main.DEBUG: cache_invalidate:  {"method":"GET","url":"http:/","invalidateInfo":{"tags":["cat_c","MAGE"],"mode":"matchingTag"}} []
[2026-05-15T00:26:12.880049+00:00] main.DEBUG: cache_invalidate:  {"method":"GET","url":"http:/","invalidateInfo":{"tags":["cat_p","MAGE"],"mode":"matchingTag"}} []
[2026-05-15T00:26:12.880217+00:00] main.DEBUG: cache_invalidate:  {"method":"GET","url":"http:/","invalidateInfo":{"tags":["cat_c","cat_p"],"mode":"matchingAnyTag"}} []
[2026-05-15T00:26:12.936914+00:00] main.DEBUG: cache_invalidate:  {"method":"GET","url":"http:/","invalidateInfo":{"identifier":"DB_PDO_MYSQL_DDL_customer_grid_flat_1"}} []
[2026-05-15T00:26:12.937138+00:00] main.DEBUG: cache_invalidate:  {"method":"GET","url":"http:/","invalidateInfo":{"identifier":"DB_PDO_MYSQL_DDL_customer_grid_flat_1"}} []
[2026-05-15T00:26:12.937587+00:00] main.DEBUG: cache_invalidate:  {"method":"GET","url":"http:/","invalidateInfo":{"identifier":"DB_PDO_MYSQL_DDL_customer_grid_flat_2"}} []
[2026-05-15T00:26:12.937741+00:00] main.DEBUG: cache_invalidate:  {"method":"GET","url":"http:/","invalidateInfo":{"identifier":"DB_PDO_MYSQL_DDL_customer_grid_flat_2"}} []
[2026-05-15T00:26:12.938196+00:00] main.DEBUG: cache_invalidate:  {"method":"GET","url":"http:/","invalidateInfo":{"identifier":"DB_PDO_MYSQL_DDL_customer_grid_flat_3"}} []
[2026-05-15T00:26:12.938311+00:00] main.DEBUG: cache_invalidate:  {"method":"GET","url":"http:/","invalidateInfo":{"identifier":"DB_PDO_MYSQL_DDL_customer_grid_flat_3"}} []
[2026-05-15T00:26:12.938780+00:00] main.DEBUG: cache_invalidate:  {"method":"GET","url":"http:/","invalidateInfo":{"identifier":"DB_PDO_MYSQL_DDL_customer_grid_flat_4"}} []
[2026-05-15T00:26:12.938889+00:00] main.DEBUG: cache_invalidate:  {"method":"GET","url":"http:/","invalidateInfo":{"identifier":"DB_PDO_MYSQL_DDL_customer_grid_flat_4"}} []
[2026-05-15T00:26:12.939428+00:00] main.DEBUG: cache_invalidate:  {"method":"GET","url":"http:/","invalidateInfo":{"identifier":"DB_PDO_MYSQL_DDL_customer_grid_flat_5"}} []
[2026-05-15T00:26:12.939547+00:00] main.DEBUG: cache_invalidate:  {"method":"GET","url":"http:/","invalidateInfo":{"identifier":"DB_PDO_MYSQL_DDL_customer_grid_flat_5"}} []
[2026-05-15T00:26:13.047808+00:00] main.DEBUG: cache_invalidate:  {"method":"GET","url":"http:/","invalidateInfo":{"identifier":"DB_PDO_MYSQL_DDL_customer_grid_flat_1"}} []
[2026-05-15T00:26:13.048039+00:00] main.DEBUG: cache_invalidate:  {"method":"GET","url":"http:/","invalidateInfo":{"identifier":"DB_PDO_MYSQL_DDL_customer_grid_flat_1"}} []
[2026-05-15T00:26:13.048664+00:00] main.DEBUG: cache_invalidate:  {"method":"GET","url":"http:/","invalidateInfo":{"identifier":"DB_PDO_MYSQL_DDL_customer_grid_flat_2"}} []
[2026-05-15T00:26:13.048810+00:00] main.DEBUG: cache_invalidate:  {"method":"GET","url":"http:/","invalidateInfo":{"identifier":"DB_PDO_MYSQL_DDL_customer_grid_flat_2"}} []
[2026-05-15T00:26:13.049325+00:00] main.DEBUG: cache_invalidate:  {"method":"GET","url":"http:/","invalidateInfo":{"identifier":"DB_PDO_MYSQL_DDL_customer_grid_flat_3"}} []
[2026-05-15T00:26:13.049444+00:00] main.DEBUG: cache_invalidate:  {"method":"GET","url":"http:/","invalidateInfo":{"identifier":"DB_PDO_MYSQL_DDL_customer_grid_flat_3"}} []
[2026-05-15T00:26:13.049902+00:00] main.DEBUG: cache_invalidate:  {"method":"GET","url":"http:/","invalidateInfo":{"identifier":"DB_PDO_MYSQL_DDL_customer_grid_flat_4"}} []
[2026-05-15T00:26:13.050027+00:00] main.DEBUG: cache_invalidate:  {"method":"GET","url":"http:/","invalidateInfo":{"identifier":"DB_PDO_MYSQL_DDL_customer_grid_flat_4"}} []
[2026-05-15T00:26:13.050477+00:00] main.DEBUG: cache_invalidate:  {"method":"GET","url":"http:/","invalidateInfo":{"identifier":"DB_PDO_MYSQL_DDL_customer_grid_flat_5"}} []
[2026-05-15T00:26:13.050584+00:00] main.DEBUG: cache_invalidate:  {"method":"GET","url":"http:/","invalidateInfo":{"identifier":"DB_PDO_MYSQL_DDL_customer_grid_flat_5"}} []
[2026-05-15T00:26:13.284842+00:00] main.DEBUG: cache_invalidate:  {"method":"GET","url":"http:/","invalidateInfo":{"identifier":"DB_PDO_MYSQL_DDL_catalog_category_product_index_store1_1"}} []
[2026-05-15T00:26:13.285037+00:00] main.DEBUG: cache_invalidate:  {"method":"GET","url":"http:/","invalidateInfo":{"identifier":"DB_PDO_MYSQL_DDL_catalog_category_product_index_store1_1"}} []
[2026-05-15T00:26:13.285463+00:00] main.DEBUG: cache_invalidate:  {"method":"GET","url":"http:/","invalidateInfo":{"identifier":"DB_PDO_MYSQL_DDL_catalog_category_product_index_store1_2"}} []
[2026-05-15T00:26:13.285622+00:00] main.DEBUG: cache_invalidate:  {"method":"GET","url":"http:/","invalidateInfo":{"identifier":"DB_PDO_MYSQL_DDL_catalog_category_product_index_store1_2"}} []
[2026-05-15T00:26:13.286047+00:00] main.DEBUG: cache_invalidate:  {"method":"GET","url":"http:/","invalidateInfo":{"identifier":"DB_PDO_MYSQL_DDL_catalog_category_product_index_store1_3"}} []
[2026-05-15T00:26:13.286148+00:00] main.DEBUG: cache_invalidate:  {"method":"GET","url":"http:/","invalidateInfo":{"identifier":"DB_PDO_MYSQL_DDL_catalog_category_product_index_store1_3"}} []
[2026-05-15T00:26:13.286504+00:00] main.DEBUG: cache_invalidate:  {"method":"GET","url":"http:/","invalidateInfo":{"identifier":"DB_PDO_MYSQL_DDL_catalog_category_product_index_store1_4"}} []
[2026-05-15T00:26:13.286645+00:00] main.DEBUG: cache_invalidate:  {"method":"GET","url":"http:/","invalidateInfo":{"identifier":"DB_PDO_MYSQL_DDL_catalog_category_product_index_store1_4"}} []
[2026-05-15T00:26:13.287193+00:00] main.DEBUG: cache_invalidate:  {"method":"GET","url":"http:/","invalidateInfo":{"identifier":"DB_PDO_MYSQL_DDL_catalog_category_product_index_store1_5"}} []
[2026-05-15T00:26:13.287339+00:00] main.DEBUG: cache_invalidate:  {"method":"GET","url":"http:/","invalidateInfo":{"identifier":"DB_PDO_MYSQL_DDL_catalog_category_product_index_store1_5"}} []
[2026-05-15T00:26:13.287753+00:00] main.DEBUG: cache_invalidate:  {"method":"GET","url":"http:/","invalidateInfo":{"identifier":"DB_PDO_MYSQL_DDL_catalog_category_product_index_store1_outdated_1"}} []
[2026-05-15T00:26:13.287894+00:00] main.DEBUG: cache_invalidate:  {"method":"GET","url":"http:/","invalidateInfo":{"identifier":"DB_PDO_MYSQL_DDL_catalog_category_product_index_store1_outdated_1"}} []
[2026-05-15T00:26:13.288308+00:00] main.DEBUG: cache_invalidate:  {"method":"GET","url":"http:/","invalidateInfo":{"identifier":"DB_PDO_MYSQL_DDL_catalog_category_product_index_store1_outdated_2"}} []
[2026-05-15T00:26:13.288449+00:00] main.DEBUG: cache_invalidate:  {"method":"GET","url":"http:/","invalidateInfo":{"identifier":"DB_PDO_MYSQL_DDL_catalog_category_product_index_store1_outdated_2"}} []
[2026-05-15T00:26:13.288840+00:00] main.DEBUG: cache_invalidate:  {"method":"GET","url":"http:/","invalidateInfo":{"identifier":"DB_PDO_MYSQL_DDL_catalog_category_product_index_store1_outdated_3"}} []
[2026-05-15T00:26:13.288985+00:00] main.DEBUG: cache_invalidate:  {"method":"GET","url":"http:/","invalidateInfo":{"identifier":"DB_PDO_MYSQL_DDL_catalog_category_product_index_store1_outdated_3"}} []
[2026-05-15T00:26:13.289368+00:00] main.DEBUG: cache_invalidate:  {"method":"GET","url":"http:/","invalidateInfo":{"identifier":"DB_PDO_MYSQL_DDL_catalog_category_product_index_store1_outdated_4"}} []
[2026-05-15T00:26:13.289505+00:00] main.DEBUG: cache_invalidate:  {"method":"GET","url":"http:/","invalidateInfo":{"identifier":"DB_PDO_MYSQL_DDL_catalog_category_product_index_store1_outdated_4"}} []
[2026-05-15T00:26:13.289898+00:00] main.DEBUG: cache_invalidate:  {"method":"GET","url":"http:/","invalidateInfo":{"identifier":"DB_PDO_MYSQL_DDL_catalog_category_product_index_store1_outdated_5"}} []
[2026-05-15T00:26:13.290038+00:00] main.DEBUG: cache_invalidate:  {"method":"GET","url":"http:/","invalidateInfo":{"identifier":"DB_PDO_MYSQL_DDL_catalog_category_product_index_store1_outdated_5"}} []
[2026-05-15T00:26:13.290501+00:00] main.DEBUG: cache_invalidate:  {"method":"GET","url":"http:/","invalidateInfo":{"identifier":"DB_PDO_MYSQL_DDL_catalog_category_product_index_store1_replica_1"}} []
[2026-05-15T00:26:13.290645+00:00] main.DEBUG: cache_invalidate:  {"method":"GET","url":"http:/","invalidateInfo":{"identifier":"DB_PDO_MYSQL_DDL_catalog_category_product_index_store1_replica_1"}} []
[2026-05-15T00:26:13.291046+00:00] main.DEBUG: cache_invalidate:  {"method":"GET","url":"http:/","invalidateInfo":{"identifier":"DB_PDO_MYSQL_DDL_catalog_category_product_index_store1_replica_2"}} []
[2026-05-15T00:26:13.291185+00:00] main.DEBUG: cache_invalidate:  {"method":"GET","url":"http:/","invalidateInfo":{"identifier":"DB_PDO_MYSQL_DDL_catalog_category_product_index_store1_replica_2"}} []
[2026-05-15T00:26:13.291577+00:00] main.DEBUG: cache_invalidate:  {"method":"GET","url":"http:/","invalidateInfo":{"identifier":"DB_PDO_MYSQL_DDL_catalog_category_product_index_store1_replica_3"}} []
[2026-05-15T00:26:13.291713+00:00] main.DEBUG: cache_invalidate:  {"method":"GET","url":"http:/","invalidateInfo":{"identifier":"DB_PDO_MYSQL_DDL_catalog_category_product_index_store1_replica_3"}} []
[2026-05-15T00:26:13.292117+00:00] main.DEBUG: cache_invalidate:  {"method":"GET","url":"http:/","invalidateInfo":{"identifier":"DB_PDO_MYSQL_DDL_catalog_category_product_index_store1_replica_4"}} []
[2026-05-15T00:26:13.292208+00:00] main.DEBUG: cache_invalidate:  {"method":"GET","url":"http:/","invalidateInfo":{"identifier":"DB_PDO_MYSQL_DDL_catalog_category_product_index_store1_replica_4"}} []
[2026-05-15T00:26:13.292665+00:00] main.DEBUG: cache_invalidate:  {"method":"GET","url":"http:/","invalidateInfo":{"identifier":"DB_PDO_MYSQL_DDL_catalog_category_product_index_store1_replica_5"}} []
[2026-05-15T00:26:13.292817+00:00] main.DEBUG: cache_invalidate:  {"method":"GET","url":"http:/","invalidateInfo":{"identifier":"DB_PDO_MYSQL_DDL_catalog_category_product_index_store1_replica_5"}} []
[2026-05-15T00:26:13.293567+00:00] main.DEBUG: cache_invalidate:  {"method":"GET","url":"http:/","invalidateInfo":{"tags":["cat_c","FPC","MAGE"],"mode":"matchingTag"}} []
[2026-05-15T00:26:13.293693+00:00] main.DEBUG: cache_invalidate:  {"method":"GET","url":"http:/","invalidateInfo":{"tags":["cat_c","FPC"],"mode":"matchingTag"}} []
[2026-05-15T00:26:13.293906+00:00] main.DEBUG: cache_invalidate:  {"method":"GET","url":"http:/","invalidateInfo":{"tags":["cat_c","MAGE"],"mode":"matchingTag"}} []
[2026-05-15T00:26:13.294050+00:00] main.DEBUG: cache_invalidate:  {"method":"GET","url":"http:/","invalidateInfo":{"tags":["cat_c"],"mode":"matchingAnyTag"}} []
[2026-05-15T00:26:13.421109+00:00] main.DEBUG: cache_invalidate:  {"method":"GET","url":"http:/","invalidateInfo":{"identifier":"DB_PDO_MYSQL_DDL_catalog_category_product_index_store1_1"}} []
[2026-05-15T00:26:13.421379+00:00] main.DEBUG: cache_invalidate:  {"method":"GET","url":"http:/","invalidateInfo":{"identifier":"DB_PDO_MYSQL_DDL_catalog_category_product_index_store1_1"}} []
[2026-05-15T00:26:13.421925+00:00] main.DEBUG: cache_invalidate:  {"method":"GET","url":"http:/","invalidateInfo":{"identifier":"DB_PDO_MYSQL_DDL_catalog_category_product_index_store1_2"}} []
[2026-05-15T00:26:13.422122+00:00] main.DEBUG: cache_invalidate:  {"method":"GET","url":"http:/","invalidateInfo":{"identifier":"DB_PDO_MYSQL_DDL_catalog_category_product_index_store1_2"}} []
[2026-05-15T00:26:13.422494+00:00] main.DEBUG: cache_invalidate:  {"method":"GET","url":"http:/","invalidateInfo":{"identifier":"DB_PDO_MYSQL_DDL_catalog_category_product_index_store1_3"}} []
[2026-05-15T00:26:13.422589+00:00] main.DEBUG: cache_invalidate:  {"method":"GET","url":"http:/","invalidateInfo":{"identifier":"DB_PDO_MYSQL_DDL_catalog_category_product_index_store1_3"}} []
[2026-05-15T00:26:13.422886+00:00] main.DEBUG: cache_invalidate:  {"method":"GET","url":"http:/","invalidateInfo":{"identifier":"DB_PDO_MYSQL_DDL_catalog_category_product_index_store1_4"}} []
[2026-05-15T00:26:13.422974+00:00] main.DEBUG: cache_invalidate:  {"method":"GET","url":"http:/","invalidateInfo":{"identifier":"DB_PDO_MYSQL_DDL_catalog_category_product_index_store1_4"}} []
[2026-05-15T00:26:13.423465+00:00] main.DEBUG: cache_invalidate:  {"method":"GET","url":"http:/","invalidateInfo":{"identifier":"DB_PDO_MYSQL_DDL_catalog_category_product_index_store1_5"}} []
[2026-05-15T00:26:13.423570+00:00] main.DEBUG: cache_invalidate:  {"method":"GET","url":"http:/","invalidateInfo":{"identifier":"DB_PDO_MYSQL_DDL_catalog_category_product_index_store1_5"}} []
[2026-05-15T00:26:13.423932+00:00] main.DEBUG: cache_invalidate:  {"method":"GET","url":"http:/","invalidateInfo":{"identifier":"DB_PDO_MYSQL_DDL_catalog_category_product_index_store1_outdated_1"}} []
[2026-05-15T00:26:13.424084+00:00] main.DEBUG: cache_invalidate:  {"method":"GET","url":"http:/","invalidateInfo":{"identifier":"DB_PDO_MYSQL_DDL_catalog_category_product_index_store1_outdated_1"}} []
[2026-05-15T00:26:13.424427+00:00] main.DEBUG: cache_invalidate:  {"method":"GET","url":"http:/","invalidateInfo":{"identifier":"DB_PDO_MYSQL_DDL_catalog_category_product_index_store1_outdated_2"}} []
[2026-05-15T00:26:13.424520+00:00] main.DEBUG: cache_invalidate:  {"method":"GET","url":"http:/","invalidateInfo":{"identifier":"DB_PDO_MYSQL_DDL_catalog_category_product_index_store1_outdated_2"}} []
[2026-05-15T00:26:13.424859+00:00] main.DEBUG: cache_invalidate:  {"method":"GET","url":"http:/","invalidateInfo":{"identifier":"DB_PDO_MYSQL_DDL_catalog_category_product_index_store1_outdated_3"}} []
[2026-05-15T00:26:13.424996+00:00] main.DEBUG: cache_invalidate:  {"method":"GET","url":"http:/","invalidateInfo":{"identifier":"DB_PDO_MYSQL_DDL_catalog_category_product_index_store1_outdated_3"}} []
[2026-05-15T00:26:13.425381+00:00] main.DEBUG: cache_invalidate:  {"method":"GET","url":"http:/","invalidateInfo":{"identifier":"DB_PDO_MYSQL_DDL_catalog_category_product_index_store1_outdated_4"}} []
[2026-05-15T00:26:13.425519+00:00] main.DEBUG: cache_invalidate:  {"method":"GET","url":"http:/","invalidateInfo":{"identifier":"DB_PDO_MYSQL_DDL_catalog_category_product_index_store1_outdated_4"}} []
[2026-05-15T00:26:13.425910+00:00] main.DEBUG: cache_invalidate:  {"method":"GET","url":"http:/","invalidateInfo":{"identifier":"DB_PDO_MYSQL_DDL_catalog_category_product_index_store1_outdated_5"}} []
[2026-05-15T00:26:13.426053+00:00] main.DEBUG: cache_invalidate:  {"method":"GET","url":"http:/","invalidateInfo":{"identifier":"DB_PDO_MYSQL_DDL_catalog_category_product_index_store1_outdated_5"}} []
[2026-05-15T00:26:13.426516+00:00] main.DEBUG: cache_invalidate:  {"method":"GET","url":"http:/","invalidateInfo":{"identifier":"DB_PDO_MYSQL_DDL_catalog_category_product_index_store1_replica_1"}} []
[2026-05-15T00:26:13.426660+00:00] main.DEBUG: cache_invalidate:  {"method":"GET","url":"http:/","invalidateInfo":{"identifier":"DB_PDO_MYSQL_DDL_catalog_category_product_index_store1_replica_1"}} []
[2026-05-15T00:26:13.427071+00:00] main.DEBUG: cache_invalidate:  {"method":"GET","url":"http:/","invalidateInfo":{"identifier":"DB_PDO_MYSQL_DDL_catalog_category_product_index_store1_replica_2"}} []
[2026-05-15T00:26:13.427211+00:00] main.DEBUG: cache_invalidate:  {"method":"GET","url":"http:/","invalidateInfo":{"identifier":"DB_PDO_MYSQL_DDL_catalog_category_product_index_store1_replica_2"}} []
[2026-05-15T00:26:13.427607+00:00] main.DEBUG: cache_invalidate:  {"method":"GET","url":"http:/","invalidateInfo":{"identifier":"DB_PDO_MYSQL_DDL_catalog_category_product_index_store1_replica_3"}} []
[2026-05-15T00:26:13.427752+00:00] main.DEBUG: cache_invalidate:  {"method":"GET","url":"http:/","invalidateInfo":{"identifier":"DB_PDO_MYSQL_DDL_catalog_category_product_index_store1_replica_3"}} []
[2026-05-15T00:26:13.428171+00:00] main.DEBUG: cache_invalidate:  {"method":"GET","url":"http:/","invalidateInfo":{"identifier":"DB_PDO_MYSQL_DDL_catalog_category_product_index_store1_replica_4"}} []
[2026-05-15T00:26:13.428311+00:00] main.DEBUG: cache_invalidate:  {"method":"GET","url":"http:/","invalidateInfo":{"identifier":"DB_PDO_MYSQL_DDL_catalog_category_product_index_store1_replica_4"}} []
[2026-05-15T00:26:13.428800+00:00] main.DEBUG: cache_invalidate:  {"method":"GET","url":"http:/","invalidateInfo":{"identifier":"DB_PDO_MYSQL_DDL_catalog_category_product_index_store1_replica_5"}} []
[2026-05-15T00:26:13.428895+00:00] main.DEBUG: cache_invalidate:  {"method":"GET","url":"http:/","invalidateInfo":{"identifier":"DB_PDO_MYSQL_DDL_catalog_category_product_index_store1_replica_5"}} []
[2026-05-15T00:26:13.429611+00:00] main.DEBUG: cache_invalidate:  {"method":"GET","url":"http:/","invalidateInfo":{"tags":["cat_c","FPC","MAGE"],"mode":"matchingTag"}} []
[2026-05-15T00:26:13.429735+00:00] main.DEBUG: cache_invalidate:  {"method":"GET","url":"http:/","invalidateInfo":{"tags":["cat_c","FPC"],"mode":"matchingTag"}} []
[2026-05-15T00:26:13.429931+00:00] main.DEBUG: cache_invalidate:  {"method":"GET","url":"http:/","invalidateInfo":{"tags":["cat_p","FPC","MAGE"],"mode":"matchingTag"}} []
[2026-05-15T00:26:13.430075+00:00] main.DEBUG: cache_invalidate:  {"method":"GET","url":"http:/","invalidateInfo":{"tags":["cat_p","FPC"],"mode":"matchingTag"}} []
[2026-05-15T00:26:13.430275+00:00] main.DEBUG: cache_invalidate:  {"method":"GET","url":"http:/","invalidateInfo":{"tags":["cat_c","MAGE"],"mode":"matchingTag"}} []
[2026-05-15T00:26:13.430468+00:00] main.DEBUG: cache_invalidate:  {"method":"GET","url":"http:/","invalidateInfo":{"tags":["cat_p","MAGE"],"mode":"matchingTag"}} []
[2026-05-15T00:26:13.430557+00:00] main.DEBUG: cache_invalidate:  {"method":"GET","url":"http:/","invalidateInfo":{"tags":["cat_c","cat_p"],"mode":"matchingAnyTag"}} []
[2026-05-15T00:26:13.595669+00:00] main.DEBUG: cache_invalidate:  {"method":"GET","url":"http:/","invalidateInfo":{"identifier":"DB_PDO_MYSQL_DDL_catalogrule_product_1"}} []
[2026-05-15T00:26:13.595877+00:00] main.DEBUG: cache_invalidate:  {"method":"GET","url":"http:/","invalidateInfo":{"identifier":"DB_PDO_MYSQL_DDL_catalogrule_product_1"}} []
[2026-05-15T00:26:13.596348+00:00] main.DEBUG: cache_invalidate:  {"method":"GET","url":"http:/","invalidateInfo":{"identifier":"DB_PDO_MYSQL_DDL_catalogrule_product_2"}} []
[2026-05-15T00:26:13.596479+00:00] main.DEBUG: cache_invalidate:  {"method":"GET","url":"http:/","invalidateInfo":{"identifier":"DB_PDO_MYSQL_DDL_catalogrule_product_2"}} []
[2026-05-15T00:26:13.596885+00:00] main.DEBUG: cache_invalidate:  {"method":"GET","url":"http:/","invalidateInfo":{"identifier":"DB_PDO_MYSQL_DDL_catalogrule_product_3"}} []
[2026-05-15T00:26:13.597048+00:00] main.DEBUG: cache_invalidate:  {"method":"GET","url":"http:/","invalidateInfo":{"identifier":"DB_PDO_MYSQL_DDL_catalogrule_product_3"}} []
[2026-05-15T00:26:13.597452+00:00] main.DEBUG: cache_invalidate:  {"method":"GET","url":"http:/","invalidateInfo":{"identifier":"DB_PDO_MYSQL_DDL_catalogrule_product_4"}} []
[2026-05-15T00:26:13.597595+00:00] main.DEBUG: cache_invalidate:  {"method":"GET","url":"http:/","invalidateInfo":{"identifier":"DB_PDO_MYSQL_DDL_catalogrule_product_4"}} []
[2026-05-15T00:26:13.597950+00:00] main.DEBUG: cache_invalidate:  {"method":"GET","url":"http:/","invalidateInfo":{"identifier":"DB_PDO_MYSQL_DDL_catalogrule_product_5"}} []
[2026-05-15T00:26:13.598076+00:00] main.DEBUG: cache_invalidate:  {"method":"GET","url":"http:/","invalidateInfo":{"identifier":"DB_PDO_MYSQL_DDL_catalogrule_product_5"}} []
[2026-05-15T00:26:13.598491+00:00] main.DEBUG: cache_invalidate:  {"method":"GET","url":"http:/","invalidateInfo":{"identifier":"DB_PDO_MYSQL_DDL_catalogrule_productedf65bb5_1"}} []
[2026-05-15T00:26:13.598628+00:00] main.DEBUG: cache_invalidate:  {"method":"GET","url":"http:/","invalidateInfo":{"identifier":"DB_PDO_MYSQL_DDL_catalogrule_productedf65bb5_1"}} []
[2026-05-15T00:26:13.598997+00:00] main.DEBUG: cache_invalidate:  {"method":"GET","url":"http:/","invalidateInfo":{"identifier":"DB_PDO_MYSQL_DDL_catalogrule_productedf65bb5_2"}} []
[2026-05-15T00:26:13.599119+00:00] main.DEBUG: cache_invalidate:  {"method":"GET","url":"http:/","invalidateInfo":{"identifier":"DB_PDO_MYSQL_DDL_catalogrule_productedf65bb5_2"}} []
[2026-05-15T00:26:13.599620+00:00] main.DEBUG: cache_invalidate:  {"method":"GET","url":"http:/","invalidateInfo":{"identifier":"DB_PDO_MYSQL_DDL_catalogrule_productedf65bb5_3"}} []
[2026-05-15T00:26:13.599724+00:00] main.DEBUG: cache_invalidate:  {"method":"GET","url":"http:/","invalidateInfo":{"identifier":"DB_PDO_MYSQL_DDL_catalogrule_productedf65bb5_3"}} []
[2026-05-15T00:26:13.600219+00:00] main.DEBUG: cache_invalidate:  {"method":"GET","url":"http:/","invalidateInfo":{"identifier":"DB_PDO_MYSQL_DDL_catalogrule_productedf65bb5_4"}} []
[2026-05-15T00:26:13.600363+00:00] main.DEBUG: cache_invalidate:  {"method":"GET","url":"http:/","invalidateInfo":{"identifier":"DB_PDO_MYSQL_DDL_catalogrule_productedf65bb5_4"}} []
[2026-05-15T00:26:13.600897+00:00] main.DEBUG: cache_invalidate:  {"method":"GET","url":"http:/","invalidateInfo":{"identifier":"DB_PDO_MYSQL_DDL_catalogrule_productedf65bb5_5"}} []
[2026-05-15T00:26:13.601055+00:00] main.DEBUG: cache_invalidate:  {"method":"GET","url":"http:/","invalidateInfo":{"identifier":"DB_PDO_MYSQL_DDL_catalogrule_productedf65bb5_5"}} []
[2026-05-15T00:26:13.601511+00:00] main.DEBUG: cache_invalidate:  {"method":"GET","url":"http:/","invalidateInfo":{"identifier":"DB_PDO_MYSQL_DDL_catalogrule_product__temp081e21a7_1"}} []
[2026-05-15T00:26:13.601629+00:00] main.DEBUG: cache_invalidate:  {"method":"GET","url":"http:/","invalidateInfo":{"identifier":"DB_PDO_MYSQL_DDL_catalogrule_product__temp081e21a7_1"}} []
[2026-05-15T00:26:13.602072+00:00] main.DEBUG: cache_invalidate:  {"method":"GET","url":"http:/","invalidateInfo":{"identifier":"DB_PDO_MYSQL_DDL_catalogrule_product__temp081e21a7_2"}} []
[2026-05-15T00:26:13.602187+00:00] main.DEBUG: cache_invalidate:  {"method":"GET","url":"http:/","invalidateInfo":{"identifier":"DB_PDO_MYSQL_DDL_catalogrule_product__temp081e21a7_2"}} []
[2026-05-15T00:26:13.602647+00:00] main.DEBUG: cache_invalidate:  {"method":"GET","url":"http:/","invalidateInfo":{"identifier":"DB_PDO_MYSQL_DDL_catalogrule_product__temp081e21a7_3"}} []
[2026-05-15T00:26:13.602756+00:00] main.DEBUG: cache_invalidate:  {"method":"GET","url":"http:/","invalidateInfo":{"identifier":"DB_PDO_MYSQL_DDL_catalogrule_product__temp081e21a7_3"}} []
[2026-05-15T00:26:13.603147+00:00] main.DEBUG: cache_invalidate:  {"method":"GET","url":"http:/","invalidateInfo":{"identifier":"DB_PDO_MYSQL_DDL_catalogrule_product__temp081e21a7_4"}} []
[2026-05-15T00:26:13.603255+00:00] main.DEBUG: cache_invalidate:  {"method":"GET","url":"http:/","invalidateInfo":{"identifier":"DB_PDO_MYSQL_DDL_catalogrule_product__temp081e21a7_4"}} []
[2026-05-15T00:26:13.603655+00:00] main.DEBUG: cache_invalidate:  {"method":"GET","url":"http:/","invalidateInfo":{"identifier":"DB_PDO_MYSQL_DDL_catalogrule_product__temp081e21a7_5"}} []
[2026-05-15T00:26:13.603759+00:00] main.DEBUG: cache_invalidate:  {"method":"GET","url":"http:/","invalidateInfo":{"identifier":"DB_PDO_MYSQL_DDL_catalogrule_product__temp081e21a7_5"}} []
[2026-05-15T00:26:13.604157+00:00] main.DEBUG: cache_invalidate:  {"method":"GET","url":"http:/","invalidateInfo":{"identifier":"DB_PDO_MYSQL_DDL_catalogrule_product_price_1"}} []
[2026-05-15T00:26:13.604264+00:00] main.DEBUG: cache_invalidate:  {"method":"GET","url":"http:/","invalidateInfo":{"identifier":"DB_PDO_MYSQL_DDL_catalogrule_product_price_1"}} []
[2026-05-15T00:26:13.604591+00:00] main.DEBUG: cache_invalidate:  {"method":"GET","url":"http:/","invalidateInfo":{"identifier":"DB_PDO_MYSQL_DDL_catalogrule_product_price_2"}} []
[2026-05-15T00:26:13.604695+00:00] main.DEBUG: cache_invalidate:  {"method":"GET","url":"http:/","invalidateInfo":{"identifier":"DB_PDO_MYSQL_DDL_catalogrule_product_price_2"}} []
[2026-05-15T00:26:13.605043+00:00] main.DEBUG: cache_invalidate:  {"method":"GET","url":"http:/","invalidateInfo":{"identifier":"DB_PDO_MYSQL_DDL_catalogrule_product_price_3"}} []
[2026-05-15T00:26:13.605147+00:00] main.DEBUG: cache_invalidate:  {"method":"GET","url":"http:/","invalidateInfo":{"identifier":"DB_PDO_MYSQL_DDL_catalogrule_product_price_3"}} []
[2026-05-15T00:26:13.605478+00:00] main.DEBUG: cache_invalidate:  {"method":"GET","url":"http:/","invalidateInfo":{"identifier":"DB_PDO_MYSQL_DDL_catalogrule_product_price_4"}} []
[2026-05-15T00:26:13.605580+00:00] main.DEBUG: cache_invalidate:  {"method":"GET","url":"http:/","invalidateInfo":{"identifier":"DB_PDO_MYSQL_DDL_catalogrule_product_price_4"}} []
[2026-05-15T00:26:13.605936+00:00] main.DEBUG: cache_invalidate:  {"method":"GET","url":"http:/","invalidateInfo":{"identifier":"DB_PDO_MYSQL_DDL_catalogrule_product_price_5"}} []
[2026-05-15T00:26:13.606095+00:00] main.DEBUG: cache_invalidate:  {"method":"GET","url":"http:/","invalidateInfo":{"identifier":"DB_PDO_MYSQL_DDL_catalogrule_product_price_5"}} []
[2026-05-15T00:26:13.606474+00:00] main.DEBUG: cache_invalidate:  {"method":"GET","url":"http:/","invalidateInfo":{"identifier":"DB_PDO_MYSQL_DDL_catalogrule_product_price0faa8154_1"}} []
[2026-05-15T00:26:13.606615+00:00] main.DEBUG: cache_invalidate:  {"method":"GET","url":"http:/","invalidateInfo":{"identifier":"DB_PDO_MYSQL_DDL_catalogrule_product_price0faa8154_1"}} []
[2026-05-15T00:26:13.607048+00:00] main.DEBUG: cache_invalidate:  {"method":"GET","url":"http:/","invalidateInfo":{"identifier":"DB_PDO_MYSQL_DDL_catalogrule_product_price0faa8154_2"}} []
[2026-05-15T00:26:13.607227+00:00] main.DEBUG: cache_invalidate:  {"method":"GET","url":"http:/","invalidateInfo":{"identifier":"DB_PDO_MYSQL_DDL_catalogrule_product_price0faa8154_2"}} []
[2026-05-15T00:26:13.607848+00:00] main.DEBUG: cache_invalidate:  {"method":"GET","url":"http:/","invalidateInfo":{"identifier":"DB_PDO_MYSQL_DDL_catalogrule_product_price0faa8154_3"}} []
[2026-05-15T00:26:13.607990+00:00] main.DEBUG: cache_invalidate:  {"method":"GET","url":"http:/","invalidateInfo":{"identifier":"DB_PDO_MYSQL_DDL_catalogrule_product_price0faa8154_3"}} []
[2026-05-15T00:26:13.608599+00:00] main.DEBUG: cache_invalidate:  {"method":"GET","url":"http:/","invalidateInfo":{"identifier":"DB_PDO_MYSQL_DDL_catalogrule_product_price0faa8154_4"}} []
[2026-05-15T00:26:13.608722+00:00] main.DEBUG: cache_invalidate:  {"method":"GET","url":"http:/","invalidateInfo":{"identifier":"DB_PDO_MYSQL_DDL_catalogrule_product_price0faa8154_4"}} []
[2026-05-15T00:26:13.609189+00:00] main.DEBUG: cache_invalidate:  {"method":"GET","url":"http:/","invalidateInfo":{"identifier":"DB_PDO_MYSQL_DDL_catalogrule_product_price0faa8154_5"}} []
[2026-05-15T00:26:13.609301+00:00] main.DEBUG: cache_invalidate:  {"method":"GET","url":"http:/","invalidateInfo":{"identifier":"DB_PDO_MYSQL_DDL_catalogrule_product_price0faa8154_5"}} []
[2026-05-15T00:26:13.609808+00:00] main.DEBUG: cache_invalidate:  {"method":"GET","url":"http:/","invalidateInfo":{"identifier":"DB_PDO_MYSQL_DDL_catalogrule_product_price__temp05ae097d_1"}} []
[2026-05-15T00:26:13.609917+00:00] main.DEBUG: cache_invalidate:  {"method":"GET","url":"http:/","invalidateInfo":{"identifier":"DB_PDO_MYSQL_DDL_catalogrule_product_price__temp05ae097d_1"}} []
[2026-05-15T00:26:13.610403+00:00] main.DEBUG: cache_invalidate:  {"method":"GET","url":"http:/","invalidateInfo":{"identifier":"DB_PDO_MYSQL_DDL_catalogrule_product_price__temp05ae097d_2"}} []
[2026-05-15T00:26:13.610539+00:00] main.DEBUG: cache_invalidate:  {"method":"GET","url":"http:/","invalidateInfo":{"identifier":"DB_PDO_MYSQL_DDL_catalogrule_product_price__temp05ae097d_2"}} []
[2026-05-15T00:26:13.610922+00:00] main.DEBUG: cache_invalidate:  {"method":"GET","url":"http:/","invalidateInfo":{"identifier":"DB_PDO_MYSQL_DDL_catalogrule_product_price__temp05ae097d_3"}} []
[2026-05-15T00:26:13.611042+00:00] main.DEBUG: cache_invalidate:  {"method":"GET","url":"http:/","invalidateInfo":{"identifier":"DB_PDO_MYSQL_DDL_catalogrule_product_price__temp05ae097d_3"}} []
[2026-05-15T00:26:13.611582+00:00] main.DEBUG: cache_invalidate:  {"method":"GET","url":"http:/","invalidateInfo":{"identifier":"DB_PDO_MYSQL_DDL_catalogrule_product_price__temp05ae097d_4"}} []
[2026-05-15T00:26:13.611721+00:00] main.DEBUG: cache_invalidate:  {"method":"GET","url":"http:/","invalidateInfo":{"identifier":"DB_PDO_MYSQL_DDL_catalogrule_product_price__temp05ae097d_4"}} []
[2026-05-15T00:26:13.612136+00:00] main.DEBUG: cache_invalidate:  {"method":"GET","url":"http:/","invalidateInfo":{"identifier":"DB_PDO_MYSQL_DDL_catalogrule_product_price__temp05ae097d_5"}} []
[2026-05-15T00:26:13.612244+00:00] main.DEBUG: cache_invalidate:  {"method":"GET","url":"http:/","invalidateInfo":{"identifier":"DB_PDO_MYSQL_DDL_catalogrule_product_price__temp05ae097d_5"}} []
[2026-05-15T00:26:13.612691+00:00] main.DEBUG: cache_invalidate:  {"method":"GET","url":"http:/","invalidateInfo":{"identifier":"DB_PDO_MYSQL_DDL_catalogrule_group_website_1"}} []
[2026-05-15T00:26:13.612826+00:00] main.DEBUG: cache_invalidate:  {"method":"GET","url":"http:/","invalidateInfo":{"identifier":"DB_PDO_MYSQL_DDL_catalogrule_group_website_1"}} []
[2026-05-15T00:26:13.613246+00:00] main.DEBUG: cache_invalidate:  {"method":"GET","url":"http:/","invalidateInfo":{"identifier":"DB_PDO_MYSQL_DDL_catalogrule_group_website_2"}} []
[2026-05-15T00:26:13.613351+00:00] main.DEBUG: cache_invalidate:  {"method":"GET","url":"http:/","invalidateInfo":{"identifier":"DB_PDO_MYSQL_DDL_catalogrule_group_website_2"}} []
[2026-05-15T00:26:13.613771+00:00] main.DEBUG: cache_invalidate:  {"method":"GET","url":"http:/","invalidateInfo":{"identifier":"DB_PDO_MYSQL_DDL_catalogrule_group_website_3"}} []
[2026-05-15T00:26:13.613874+00:00] main.DEBUG: cache_invalidate:  {"method":"GET","url":"http:/","invalidateInfo":{"identifier":"DB_PDO_MYSQL_DDL_catalogrule_group_website_3"}} []
[2026-05-15T00:26:13.614221+00:00] main.DEBUG: cache_invalidate:  {"method":"GET","url":"http:/","invalidateInfo":{"identifier":"DB_PDO_MYSQL_DDL_catalogrule_group_website_4"}} []
[2026-05-15T00:26:13.614323+00:00] main.DEBUG: cache_invalidate:  {"method":"GET","url":"http:/","invalidateInfo":{"identifier":"DB_PDO_MYSQL_DDL_catalogrule_group_website_4"}} []
[2026-05-15T00:26:13.614662+00:00] main.DEBUG: cache_invalidate:  {"method":"GET","url":"http:/","invalidateInfo":{"identifier":"DB_PDO_MYSQL_DDL_catalogrule_group_website_5"}} []
[2026-05-15T00:26:13.614765+00:00] main.DEBUG: cache_invalidate:  {"method":"GET","url":"http:/","invalidateInfo":{"identifier":"DB_PDO_MYSQL_DDL_catalogrule_group_website_5"}} []
[2026-05-15T00:26:13.615128+00:00] main.DEBUG: cache_invalidate:  {"method":"GET","url":"http:/","invalidateInfo":{"identifier":"DB_PDO_MYSQL_DDL_catalogrule_group_website36211267_1"}} []
[2026-05-15T00:26:13.615232+00:00] main.DEBUG: cache_invalidate:  {"method":"GET","url":"http:/","invalidateInfo":{"identifier":"DB_PDO_MYSQL_DDL_catalogrule_group_website36211267_1"}} []
[2026-05-15T00:26:13.615556+00:00] main.DEBUG: cache_invalidate:  {"method":"GET","url":"http:/","invalidateInfo":{"identifier":"DB_PDO_MYSQL_DDL_catalogrule_group_website36211267_2"}} []
[2026-05-15T00:26:13.615658+00:00] main.DEBUG: cache_invalidate:  {"method":"GET","url":"http:/","invalidateInfo":{"identifier":"DB_PDO_MYSQL_DDL_catalogrule_group_website36211267_2"}} []
[2026-05-15T00:26:13.615994+00:00] main.DEBUG: cache_invalidate:  {"method":"GET","url":"http:/","invalidateInfo":{"identifier":"DB_PDO_MYSQL_DDL_catalogrule_group_website36211267_3"}} []
[2026-05-15T00:26:13.616115+00:00] main.DEBUG: cache_invalidate:  {"method":"GET","url":"http:/","invalidateInfo":{"identifier":"DB_PDO_MYSQL_DDL_catalogrule_group_website36211267_3"}} []
[2026-05-15T00:26:13.616448+00:00] main.DEBUG: cache_invalidate:  {"method":"GET","url":"http:/","invalidateInfo":{"identifier":"DB_PDO_MYSQL_DDL_catalogrule_group_website36211267_4"}} []
[2026-05-15T00:26:13.616550+00:00] main.DEBUG: cache_invalidate:  {"method":"GET","url":"http:/","invalidateInfo":{"identifier":"DB_PDO_MYSQL_DDL_catalogrule_group_website36211267_4"}} []
[2026-05-15T00:26:13.616871+00:00] main.DEBUG: cache_invalidate:  {"method":"GET","url":"http:/","invalidateInfo":{"identifier":"DB_PDO_MYSQL_DDL_catalogrule_group_website36211267_5"}} []
[2026-05-15T00:26:13.616973+00:00] main.DEBUG: cache_invalidate:  {"method":"GET","url":"http:/","invalidateInfo":{"identifier":"DB_PDO_MYSQL_DDL_catalogrule_group_website36211267_5"}} []
[2026-05-15T00:26:13.617325+00:00] main.DEBUG: cache_invalidate:  {"method":"GET","url":"http:/","invalidateInfo":{"identifier":"DB_PDO_MYSQL_DDL_catalogrule_group_website__temp74dbd953_1"}} []
[2026-05-15T00:26:13.617428+00:00] main.DEBUG: cache_invalidate:  {"method":"GET","url":"http:/","invalidateInfo":{"identifier":"DB_PDO_MYSQL_DDL_catalogrule_group_website__temp74dbd953_1"}} []
[2026-05-15T00:26:13.617751+00:00] main.DEBUG: cache_invalidate:  {"method":"GET","url":"http:/","invalidateInfo":{"identifier":"DB_PDO_MYSQL_DDL_catalogrule_group_website__temp74dbd953_2"}} []
[2026-05-15T00:26:13.617851+00:00] main.DEBUG: cache_invalidate:  {"method":"GET","url":"http:/","invalidateInfo":{"identifier":"DB_PDO_MYSQL_DDL_catalogrule_group_website__temp74dbd953_2"}} []
[2026-05-15T00:26:13.618189+00:00] main.DEBUG: cache_invalidate:  {"method":"GET","url":"http:/","invalidateInfo":{"identifier":"DB_PDO_MYSQL_DDL_catalogrule_group_website__temp74dbd953_3"}} []
[2026-05-15T00:26:13.618292+00:00] main.DEBUG: cache_invalidate:  {"method":"GET","url":"http:/","invalidateInfo":{"identifier":"DB_PDO_MYSQL_DDL_catalogrule_group_website__temp74dbd953_3"}} []
[2026-05-15T00:26:13.618629+00:00] main.DEBUG: cache_invalidate:  {"method":"GET","url":"http:/","invalidateInfo":{"identifier":"DB_PDO_MYSQL_DDL_catalogrule_group_website__temp74dbd953_4"}} []
[2026-05-15T00:26:13.618760+00:00] main.DEBUG: cache_invalidate:  {"method":"GET","url":"http:/","invalidateInfo":{"identifier":"DB_PDO_MYSQL_DDL_catalogrule_group_website__temp74dbd953_4"}} []
[2026-05-15T00:26:13.619111+00:00] main.DEBUG: cache_invalidate:  {"method":"GET","url":"http:/","invalidateInfo":{"identifier":"DB_PDO_MYSQL_DDL_catalogrule_group_website__temp74dbd953_5"}} []
[2026-05-15T00:26:13.619214+00:00] main.DEBUG: cache_invalidate:  {"method":"GET","url":"http:/","invalidateInfo":{"identifier":"DB_PDO_MYSQL_DDL_catalogrule_group_website__temp74dbd953_5"}} []
[2026-05-15T00:26:13.629480+00:00] main.DEBUG: cache_invalidate:  {"method":"GET","url":"http:/","invalidateInfo":{"identifier":"DB_PDO_MYSQL_DDL_catalogrule_productedf65bb5_1"}} []
[2026-05-15T00:26:13.629669+00:00] main.DEBUG: cache_invalidate:  {"method":"GET","url":"http:/","invalidateInfo":{"identifier":"DB_PDO_MYSQL_DDL_catalogrule_productedf65bb5_1"}} []
[2026-05-15T00:26:13.630159+00:00] main.DEBUG: cache_invalidate:  {"method":"GET","url":"http:/","invalidateInfo":{"identifier":"DB_PDO_MYSQL_DDL_catalogrule_productedf65bb5_2"}} []
[2026-05-15T00:26:13.630283+00:00] main.DEBUG: cache_invalidate:  {"method":"GET","url":"http:/","invalidateInfo":{"identifier":"DB_PDO_MYSQL_DDL_catalogrule_productedf65bb5_2"}} []
[2026-05-15T00:26:13.630759+00:00] main.DEBUG: cache_invalidate:  {"method":"GET","url":"http:/","invalidateInfo":{"identifier":"DB_PDO_MYSQL_DDL_catalogrule_productedf65bb5_3"}} []
[2026-05-15T00:26:13.630871+00:00] main.DEBUG: cache_invalidate:  {"method":"GET","url":"http:/","invalidateInfo":{"identifier":"DB_PDO_MYSQL_DDL_catalogrule_productedf65bb5_3"}} []
[2026-05-15T00:26:13.631366+00:00] main.DEBUG: cache_invalidate:  {"method":"GET","url":"http:/","invalidateInfo":{"identifier":"DB_PDO_MYSQL_DDL_catalogrule_productedf65bb5_4"}} []
[2026-05-15T00:26:13.631554+00:00] main.DEBUG: cache_invalidate:  {"method":"GET","url":"http:/","invalidateInfo":{"identifier":"DB_PDO_MYSQL_DDL_catalogrule_productedf65bb5_4"}} []
[2026-05-15T00:26:13.632023+00:00] main.DEBUG: cache_invalidate:  {"method":"GET","url":"http:/","invalidateInfo":{"identifier":"DB_PDO_MYSQL_DDL_catalogrule_productedf65bb5_5"}} []
[2026-05-15T00:26:13.632134+00:00] main.DEBUG: cache_invalidate:  {"method":"GET","url":"http:/","invalidateInfo":{"identifier":"DB_PDO_MYSQL_DDL_catalogrule_productedf65bb5_5"}} []
[2026-05-15T00:26:13.642993+00:00] main.DEBUG: cache_invalidate:  {"method":"GET","url":"http:/","invalidateInfo":{"identifier":"DB_PDO_MYSQL_DDL_catalogrule_product_price0faa8154_1"}} []
[2026-05-15T00:26:13.643177+00:00] main.DEBUG: cache_invalidate:  {"method":"GET","url":"http:/","invalidateInfo":{"identifier":"DB_PDO_MYSQL_DDL_catalogrule_product_price0faa8154_1"}} []
[2026-05-15T00:26:13.643569+00:00] main.DEBUG: cache_invalidate:  {"method":"GET","url":"http:/","invalidateInfo":{"identifier":"DB_PDO_MYSQL_DDL_catalogrule_product_price0faa8154_2"}} []
[2026-05-15T00:26:13.643722+00:00] main.DEBUG: cache_invalidate:  {"method":"GET","url":"http:/","invalidateInfo":{"identifier":"DB_PDO_MYSQL_DDL_catalogrule_product_price0faa8154_2"}} []
[2026-05-15T00:26:13.644134+00:00] main.DEBUG: cache_invalidate:  {"method":"GET","url":"http:/","invalidateInfo":{"identifier":"DB_PDO_MYSQL_DDL_catalogrule_product_price0faa8154_3"}} []
[2026-05-15T00:26:13.644277+00:00] main.DEBUG: cache_invalidate:  {"method":"GET","url":"http:/","invalidateInfo":{"identifier":"DB_PDO_MYSQL_DDL_catalogrule_product_price0faa8154_3"}} []
[2026-05-15T00:26:13.644677+00:00] main.DEBUG: cache_invalidate:  {"method":"GET","url":"http:/","invalidateInfo":{"identifier":"DB_PDO_MYSQL_DDL_catalogrule_product_price0faa8154_4"}} []
[2026-05-15T00:26:13.644817+00:00] main.DEBUG: cache_invalidate:  {"method":"GET","url":"http:/","invalidateInfo":{"identifier":"DB_PDO_MYSQL_DDL_catalogrule_product_price0faa8154_4"}} []
[2026-05-15T00:26:13.645342+00:00] main.DEBUG: cache_invalidate:  {"method":"GET","url":"http:/","invalidateInfo":{"identifier":"DB_PDO_MYSQL_DDL_catalogrule_product_price0faa8154_5"}} []
[2026-05-15T00:26:13.645497+00:00] main.DEBUG: cache_invalidate:  {"method":"GET","url":"http:/","invalidateInfo":{"identifier":"DB_PDO_MYSQL_DDL_catalogrule_product_price0faa8154_5"}} []
[2026-05-15T00:26:13.653628+00:00] main.DEBUG: cache_invalidate:  {"method":"GET","url":"http:/","invalidateInfo":{"identifier":"DB_PDO_MYSQL_DDL_catalogrule_group_website36211267_1"}} []
[2026-05-15T00:26:13.653828+00:00] main.DEBUG: cache_invalidate:  {"method":"GET","url":"http:/","invalidateInfo":{"identifier":"DB_PDO_MYSQL_DDL_catalogrule_group_website36211267_1"}} []
[2026-05-15T00:26:13.654303+00:00] main.DEBUG: cache_invalidate:  {"method":"GET","url":"http:/","invalidateInfo":{"identifier":"DB_PDO_MYSQL_DDL_catalogrule_group_website36211267_2"}} []
[2026-05-15T00:26:13.654427+00:00] main.DEBUG: cache_invalidate:  {"method":"GET","url":"http:/","invalidateInfo":{"identifier":"DB_PDO_MYSQL_DDL_catalogrule_group_website36211267_2"}} []
[2026-05-15T00:26:13.654888+00:00] main.DEBUG: cache_invalidate:  {"method":"GET","url":"http:/","invalidateInfo":{"identifier":"DB_PDO_MYSQL_DDL_catalogrule_group_website36211267_3"}} []
[2026-05-15T00:26:13.655052+00:00] main.DEBUG: cache_invalidate:  {"method":"GET","url":"http:/","invalidateInfo":{"identifier":"DB_PDO_MYSQL_DDL_catalogrule_group_website36211267_3"}} []
[2026-05-15T00:26:13.655580+00:00] main.DEBUG: cache_invalidate:  {"method":"GET","url":"http:/","invalidateInfo":{"identifier":"DB_PDO_MYSQL_DDL_catalogrule_group_website36211267_4"}} []
[2026-05-15T00:26:13.655731+00:00] main.DEBUG: cache_invalidate:  {"method":"GET","url":"http:/","invalidateInfo":{"identifier":"DB_PDO_MYSQL_DDL_catalogrule_group_website36211267_4"}} []
[2026-05-15T00:26:13.656152+00:00] main.DEBUG: cache_invalidate:  {"method":"GET","url":"http:/","invalidateInfo":{"identifier":"DB_PDO_MYSQL_DDL_catalogrule_group_website36211267_5"}} []
[2026-05-15T00:26:13.656296+00:00] main.DEBUG: cache_invalidate:  {"method":"GET","url":"http:/","invalidateInfo":{"identifier":"DB_PDO_MYSQL_DDL_catalogrule_group_website36211267_5"}} []
[2026-05-15T00:26:13.696103+00:00] main.DEBUG: cache_invalidate:  {"method":"GET","url":"http:/","invalidateInfo":{"tags":["cat_c","FPC","MAGE"],"mode":"matchingTag"}} []
[2026-05-15T00:26:13.696310+00:00] main.DEBUG: cache_invalidate:  {"method":"GET","url":"http:/","invalidateInfo":{"tags":["cat_c","FPC"],"mode":"matchingTag"}} []
[2026-05-15T00:26:13.696641+00:00] main.DEBUG: cache_invalidate:  {"method":"GET","url":"http:/","invalidateInfo":{"tags":["cat_p","FPC","MAGE"],"mode":"matchingTag"}} []
[2026-05-15T00:26:13.696830+00:00] main.DEBUG: cache_invalidate:  {"method":"GET","url":"http:/","invalidateInfo":{"tags":["cat_p","FPC"],"mode":"matchingTag"}} []
[2026-05-15T00:26:13.697185+00:00] main.DEBUG: cache_invalidate:  {"method":"GET","url":"http:/","invalidateInfo":{"tags":["BLOCK_HTML","FPC","MAGE"],"mode":"matchingTag"}} []
[2026-05-15T00:26:13.697327+00:00] main.DEBUG: cache_invalidate:  {"method":"GET","url":"http:/","invalidateInfo":{"tags":["BLOCK_HTML","FPC"],"mode":"matchingTag"}} []
[2026-05-15T00:26:13.697638+00:00] main.DEBUG: cache_invalidate:  {"method":"GET","url":"http:/","invalidateInfo":{"tags":["cat_c","MAGE"],"mode":"matchingTag"}} []
[2026-05-15T00:26:13.697941+00:00] main.DEBUG: cache_invalidate:  {"method":"GET","url":"http:/","invalidateInfo":{"tags":["cat_p","MAGE"],"mode":"matchingTag"}} []
[2026-05-15T00:26:13.698260+00:00] main.DEBUG: cache_invalidate:  {"method":"GET","url":"http:/","invalidateInfo":{"tags":["BLOCK_HTML","MAGE"],"mode":"matchingTag"}} []
[2026-05-15T00:26:13.698402+00:00] main.DEBUG: cache_invalidate:  {"method":"GET","url":"http:/","invalidateInfo":{"tags":["cat_c","cat_p","BLOCK_HTML"],"mode":"matchingAnyTag"}} []
[2026-05-15T00:26:13.770375+00:00] main.DEBUG: cache_invalidate:  {"method":"GET","url":"http:/","invalidateInfo":{"identifier":"DB_PDO_MYSQL_DDL_catalog_product_index_eav_1"}} []
[2026-05-15T00:26:13.770545+00:00] main.DEBUG: cache_invalidate:  {"method":"GET","url":"http:/","invalidateInfo":{"identifier":"DB_PDO_MYSQL_DDL_catalog_product_index_eav_1"}} []
[2026-05-15T00:26:13.770998+00:00] main.DEBUG: cache_invalidate:  {"method":"GET","url":"http:/","invalidateInfo":{"identifier":"DB_PDO_MYSQL_DDL_catalog_product_index_eav_2"}} []
[2026-05-15T00:26:13.771192+00:00] main.DEBUG: cache_invalidate:  {"method":"GET","url":"http:/","invalidateInfo":{"identifier":"DB_PDO_MYSQL_DDL_catalog_product_index_eav_2"}} []
[2026-05-15T00:26:13.771576+00:00] main.DEBUG: cache_invalidate:  {"method":"GET","url":"http:/","invalidateInfo":{"identifier":"DB_PDO_MYSQL_DDL_catalog_product_index_eav_3"}} []
[2026-05-15T00:26:13.771686+00:00] main.DEBUG: cache_invalidate:  {"method":"GET","url":"http:/","invalidateInfo":{"identifier":"DB_PDO_MYSQL_DDL_catalog_product_index_eav_3"}} []
[2026-05-15T00:26:13.772157+00:00] main.DEBUG: cache_invalidate:  {"method":"GET","url":"http:/","invalidateInfo":{"identifier":"DB_PDO_MYSQL_DDL_catalog_product_index_eav_4"}} []
[2026-05-15T00:26:13.772314+00:00] main.DEBUG: cache_invalidate:  {"method":"GET","url":"http:/","invalidateInfo":{"identifier":"DB_PDO_MYSQL_DDL_catalog_product_index_eav_4"}} []
[2026-05-15T00:26:13.772920+00:00] main.DEBUG: cache_invalidate:  {"method":"GET","url":"http:/","invalidateInfo":{"identifier":"DB_PDO_MYSQL_DDL_catalog_product_index_eav_5"}} []
[2026-05-15T00:26:13.773071+00:00] main.DEBUG: cache_invalidate:  {"method":"GET","url":"http:/","invalidateInfo":{"identifier":"DB_PDO_MYSQL_DDL_catalog_product_index_eav_5"}} []
[2026-05-15T00:26:13.773474+00:00] main.DEBUG: cache_invalidate:  {"method":"GET","url":"http:/","invalidateInfo":{"identifier":"DB_PDO_MYSQL_DDL_catalog_product_index_eav_outdated_1"}} []
[2026-05-15T00:26:13.773602+00:00] main.DEBUG: cache_invalidate:  {"method":"GET","url":"http:/","invalidateInfo":{"identifier":"DB_PDO_MYSQL_DDL_catalog_product_index_eav_outdated_1"}} []
[2026-05-15T00:26:13.773984+00:00] main.DEBUG: cache_invalidate:  {"method":"GET","url":"http:/","invalidateInfo":{"identifier":"DB_PDO_MYSQL_DDL_catalog_product_index_eav_outdated_2"}} []
[2026-05-15T00:26:13.774111+00:00] main.DEBUG: cache_invalidate:  {"method":"GET","url":"http:/","invalidateInfo":{"identifier":"DB_PDO_MYSQL_DDL_catalog_product_index_eav_outdated_2"}} []
[2026-05-15T00:26:13.774464+00:00] main.DEBUG: cache_invalidate:  {"method":"GET","url":"http:/","invalidateInfo":{"identifier":"DB_PDO_MYSQL_DDL_catalog_product_index_eav_outdated_3"}} []
[2026-05-15T00:26:13.774560+00:00] main.DEBUG: cache_invalidate:  {"method":"GET","url":"http:/","invalidateInfo":{"identifier":"DB_PDO_MYSQL_DDL_catalog_product_index_eav_outdated_3"}} []
[2026-05-15T00:26:13.774907+00:00] main.DEBUG: cache_invalidate:  {"method":"GET","url":"http:/","invalidateInfo":{"identifier":"DB_PDO_MYSQL_DDL_catalog_product_index_eav_outdated_4"}} []
[2026-05-15T00:26:13.775063+00:00] main.DEBUG: cache_invalidate:  {"method":"GET","url":"http:/","invalidateInfo":{"identifier":"DB_PDO_MYSQL_DDL_catalog_product_index_eav_outdated_4"}} []
[2026-05-15T00:26:13.775471+00:00] main.DEBUG: cache_invalidate:  {"method":"GET","url":"http:/","invalidateInfo":{"identifier":"DB_PDO_MYSQL_DDL_catalog_product_index_eav_outdated_5"}} []
[2026-05-15T00:26:13.775567+00:00] main.DEBUG: cache_invalidate:  {"method":"GET","url":"http:/","invalidateInfo":{"identifier":"DB_PDO_MYSQL_DDL_catalog_product_index_eav_outdated_5"}} []
[2026-05-15T00:26:13.775914+00:00] main.DEBUG: cache_invalidate:  {"method":"GET","url":"http:/","invalidateInfo":{"identifier":"DB_PDO_MYSQL_DDL_catalog_product_index_eav_replica_1"}} []
[2026-05-15T00:26:13.776052+00:00] main.DEBUG: cache_invalidate:  {"method":"GET","url":"http:/","invalidateInfo":{"identifier":"DB_PDO_MYSQL_DDL_catalog_product_index_eav_replica_1"}} []
[2026-05-15T00:26:13.776398+00:00] main.DEBUG: cache_invalidate:  {"method":"GET","url":"http:/","invalidateInfo":{"identifier":"DB_PDO_MYSQL_DDL_catalog_product_index_eav_replica_2"}} []
[2026-05-15T00:26:13.776491+00:00] main.DEBUG: cache_invalidate:  {"method":"GET","url":"http:/","invalidateInfo":{"identifier":"DB_PDO_MYSQL_DDL_catalog_product_index_eav_replica_2"}} []
[2026-05-15T00:26:13.776825+00:00] main.DEBUG: cache_invalidate:  {"method":"GET","url":"http:/","invalidateInfo":{"identifier":"DB_PDO_MYSQL_DDL_catalog_product_index_eav_replica_3"}} []
[2026-05-15T00:26:13.776915+00:00] main.DEBUG: cache_invalidate:  {"method":"GET","url":"http:/","invalidateInfo":{"identifier":"DB_PDO_MYSQL_DDL_catalog_product_index_eav_replica_3"}} []
[2026-05-15T00:26:13.777263+00:00] main.DEBUG: cache_invalidate:  {"method":"GET","url":"http:/","invalidateInfo":{"identifier":"DB_PDO_MYSQL_DDL_catalog_product_index_eav_replica_4"}} []
[2026-05-15T00:26:13.777413+00:00] main.DEBUG: cache_invalidate:  {"method":"GET","url":"http:/","invalidateInfo":{"identifier":"DB_PDO_MYSQL_DDL_catalog_product_index_eav_replica_4"}} []
[2026-05-15T00:26:13.777911+00:00] main.DEBUG: cache_invalidate:  {"method":"GET","url":"http:/","invalidateInfo":{"identifier":"DB_PDO_MYSQL_DDL_catalog_product_index_eav_replica_5"}} []
[2026-05-15T00:26:13.778052+00:00] main.DEBUG: cache_invalidate:  {"method":"GET","url":"http:/","invalidateInfo":{"identifier":"DB_PDO_MYSQL_DDL_catalog_product_index_eav_replica_5"}} []
[2026-05-15T00:26:13.825650+00:00] main.DEBUG: cache_invalidate:  {"method":"GET","url":"http:/","invalidateInfo":{"identifier":"DB_PDO_MYSQL_DDL_catalog_product_index_eav_decimal_1"}} []
[2026-05-15T00:26:13.825839+00:00] main.DEBUG: cache_invalidate:  {"method":"GET","url":"http:/","invalidateInfo":{"identifier":"DB_PDO_MYSQL_DDL_catalog_product_index_eav_decimal_1"}} []
[2026-05-15T00:26:13.826338+00:00] main.DEBUG: cache_invalidate:  {"method":"GET","url":"http:/","invalidateInfo":{"identifier":"DB_PDO_MYSQL_DDL_catalog_product_index_eav_decimal_2"}} []
[2026-05-15T00:26:13.826471+00:00] main.DEBUG: cache_invalidate:  {"method":"GET","url":"http:/","invalidateInfo":{"identifier":"DB_PDO_MYSQL_DDL_catalog_product_index_eav_decimal_2"}} []
[2026-05-15T00:26:13.826849+00:00] main.DEBUG: cache_invalidate:  {"method":"GET","url":"http:/","invalidateInfo":{"identifier":"DB_PDO_MYSQL_DDL_catalog_product_index_eav_decimal_3"}} []
[2026-05-15T00:26:13.827001+00:00] main.DEBUG: cache_invalidate:  {"method":"GET","url":"http:/","invalidateInfo":{"identifier":"DB_PDO_MYSQL_DDL_catalog_product_index_eav_decimal_3"}} []
[2026-05-15T00:26:13.827417+00:00] main.DEBUG: cache_invalidate:  {"method":"GET","url":"http:/","invalidateInfo":{"identifier":"DB_PDO_MYSQL_DDL_catalog_product_index_eav_decimal_4"}} []
[2026-05-15T00:26:13.827517+00:00] main.DEBUG: cache_invalidate:  {"method":"GET","url":"http:/","invalidateInfo":{"identifier":"DB_PDO_MYSQL_DDL_catalog_product_index_eav_decimal_4"}} []
[2026-05-15T00:26:13.827863+00:00] main.DEBUG: cache_invalidate:  {"method":"GET","url":"http:/","invalidateInfo":{"identifier":"DB_PDO_MYSQL_DDL_catalog_product_index_eav_decimal_5"}} []
[2026-05-15T00:26:13.828003+00:00] main.DEBUG: cache_invalidate:  {"method":"GET","url":"http:/","invalidateInfo":{"identifier":"DB_PDO_MYSQL_DDL_catalog_product_index_eav_decimal_5"}} []
[2026-05-15T00:26:13.828390+00:00] main.DEBUG: cache_invalidate:  {"method":"GET","url":"http:/","invalidateInfo":{"identifier":"DB_PDO_MYSQL_DDL_catalog_product_index_eav_decimal_outdated_1"}} []
[2026-05-15T00:26:13.828531+00:00] main.DEBUG: cache_invalidate:  {"method":"GET","url":"http:/","invalidateInfo":{"identifier":"DB_PDO_MYSQL_DDL_catalog_product_index_eav_decimal_outdated_1"}} []
[2026-05-15T00:26:13.828924+00:00] main.DEBUG: cache_invalidate:  {"method":"GET","url":"http:/","invalidateInfo":{"identifier":"DB_PDO_MYSQL_DDL_catalog_product_index_eav_decimal_outdated_2"}} []
[2026-05-15T00:26:13.829061+00:00] main.DEBUG: cache_invalidate:  {"method":"GET","url":"http:/","invalidateInfo":{"identifier":"DB_PDO_MYSQL_DDL_catalog_product_index_eav_decimal_outdated_2"}} []
[2026-05-15T00:26:13.829406+00:00] main.DEBUG: cache_invalidate:  {"method":"GET","url":"http:/","invalidateInfo":{"identifier":"DB_PDO_MYSQL_DDL_catalog_product_index_eav_decimal_outdated_3"}} []
[2026-05-15T00:26:13.829497+00:00] main.DEBUG: cache_invalidate:  {"method":"GET","url":"http:/","invalidateInfo":{"identifier":"DB_PDO_MYSQL_DDL_catalog_product_index_eav_decimal_outdated_3"}} []
[2026-05-15T00:26:13.829834+00:00] main.DEBUG: cache_invalidate:  {"method":"GET","url":"http:/","invalidateInfo":{"identifier":"DB_PDO_MYSQL_DDL_catalog_product_index_eav_decimal_outdated_4"}} []
[2026-05-15T00:26:13.829969+00:00] main.DEBUG: cache_invalidate:  {"method":"GET","url":"http:/","invalidateInfo":{"identifier":"DB_PDO_MYSQL_DDL_catalog_product_index_eav_decimal_outdated_4"}} []
[2026-05-15T00:26:13.830398+00:00] main.DEBUG: cache_invalidate:  {"method":"GET","url":"http:/","invalidateInfo":{"identifier":"DB_PDO_MYSQL_DDL_catalog_product_index_eav_decimal_outdated_5"}} []
[2026-05-15T00:26:13.830535+00:00] main.DEBUG: cache_invalidate:  {"method":"GET","url":"http:/","invalidateInfo":{"identifier":"DB_PDO_MYSQL_DDL_catalog_product_index_eav_decimal_outdated_5"}} []
[2026-05-15T00:26:13.830935+00:00] main.DEBUG: cache_invalidate:  {"method":"GET","url":"http:/","invalidateInfo":{"identifier":"DB_PDO_MYSQL_DDL_catalog_product_index_eav_decimal_replica_1"}} []
[2026-05-15T00:26:13.831076+00:00] main.DEBUG: cache_invalidate:  {"method":"GET","url":"http:/","invalidateInfo":{"identifier":"DB_PDO_MYSQL_DDL_catalog_product_index_eav_decimal_replica_1"}} []
[2026-05-15T00:26:13.831425+00:00] main.DEBUG: cache_invalidate:  {"method":"GET","url":"http:/","invalidateInfo":{"identifier":"DB_PDO_MYSQL_DDL_catalog_product_index_eav_decimal_replica_2"}} []
[2026-05-15T00:26:13.831517+00:00] main.DEBUG: cache_invalidate:  {"method":"GET","url":"http:/","invalidateInfo":{"identifier":"DB_PDO_MYSQL_DDL_catalog_product_index_eav_decimal_replica_2"}} []
[2026-05-15T00:26:13.831857+00:00] main.DEBUG: cache_invalidate:  {"method":"GET","url":"http:/","invalidateInfo":{"identifier":"DB_PDO_MYSQL_DDL_catalog_product_index_eav_decimal_replica_3"}} []
[2026-05-15T00:26:13.831995+00:00] main.DEBUG: cache_invalidate:  {"method":"GET","url":"http:/","invalidateInfo":{"identifier":"DB_PDO_MYSQL_DDL_catalog_product_index_eav_decimal_replica_3"}} []
[2026-05-15T00:26:13.832363+00:00] main.DEBUG: cache_invalidate:  {"method":"GET","url":"http:/","invalidateInfo":{"identifier":"DB_PDO_MYSQL_DDL_catalog_product_index_eav_decimal_replica_4"}} []
[2026-05-15T00:26:13.832501+00:00] main.DEBUG: cache_invalidate:  {"method":"GET","url":"http:/","invalidateInfo":{"identifier":"DB_PDO_MYSQL_DDL_catalog_product_index_eav_decimal_replica_4"}} []
[2026-05-15T00:26:13.832998+00:00] main.DEBUG: cache_invalidate:  {"method":"GET","url":"http:/","invalidateInfo":{"identifier":"DB_PDO_MYSQL_DDL_catalog_product_index_eav_decimal_replica_5"}} []
[2026-05-15T00:26:13.833110+00:00] main.DEBUG: cache_invalidate:  {"method":"GET","url":"http:/","invalidateInfo":{"identifier":"DB_PDO_MYSQL_DDL_catalog_product_index_eav_decimal_replica_5"}} []
[2026-05-15T00:26:13.833474+00:00] main.DEBUG: cache_invalidate:  {"method":"GET","url":"http:/","invalidateInfo":{"tags":["cat_c","FPC","MAGE"],"mode":"matchingTag"}} []
[2026-05-15T00:26:13.833576+00:00] main.DEBUG: cache_invalidate:  {"method":"GET","url":"http:/","invalidateInfo":{"tags":["cat_c","FPC"],"mode":"matchingTag"}} []
[2026-05-15T00:26:13.833761+00:00] main.DEBUG: cache_invalidate:  {"method":"GET","url":"http:/","invalidateInfo":{"tags":["cat_p","FPC","MAGE"],"mode":"matchingTag"}} []
[2026-05-15T00:26:13.833852+00:00] main.DEBUG: cache_invalidate:  {"method":"GET","url":"http:/","invalidateInfo":{"tags":["cat_p","FPC"],"mode":"matchingTag"}} []
[2026-05-15T00:26:13.834052+00:00] main.DEBUG: cache_invalidate:  {"method":"GET","url":"http:/","invalidateInfo":{"tags":["cat_c","MAGE"],"mode":"matchingTag"}} []
[2026-05-15T00:26:13.834245+00:00] main.DEBUG: cache_invalidate:  {"method":"GET","url":"http:/","invalidateInfo":{"tags":["cat_p","MAGE"],"mode":"matchingTag"}} []
[2026-05-15T00:26:13.834335+00:00] main.DEBUG: cache_invalidate:  {"method":"GET","url":"http:/","invalidateInfo":{"tags":["cat_c","cat_p"],"mode":"matchingAnyTag"}} []
[2026-05-15T00:26:14.051074+00:00] main.DEBUG: cache_invalidate:  {"method":"GET","url":"http:/","invalidateInfo":{"identifier":"DB_PDO_MYSQL_DDL_catalog_product_index_price_1"}} []
[2026-05-15T00:26:14.051265+00:00] main.DEBUG: cache_invalidate:  {"method":"GET","url":"http:/","invalidateInfo":{"identifier":"DB_PDO_MYSQL_DDL_catalog_product_index_price_1"}} []
[2026-05-15T00:26:14.051926+00:00] main.DEBUG: cache_invalidate:  {"method":"GET","url":"http:/","invalidateInfo":{"identifier":"DB_PDO_MYSQL_DDL_catalog_product_index_price_2"}} []
[2026-05-15T00:26:14.052097+00:00] main.DEBUG: cache_invalidate:  {"method":"GET","url":"http:/","invalidateInfo":{"identifier":"DB_PDO_MYSQL_DDL_catalog_product_index_price_2"}} []
[2026-05-15T00:26:14.052602+00:00] main.DEBUG: cache_invalidate:  {"method":"GET","url":"http:/","invalidateInfo":{"identifier":"DB_PDO_MYSQL_DDL_catalog_product_index_price_3"}} []
[2026-05-15T00:26:14.052719+00:00] main.DEBUG: cache_invalidate:  {"method":"GET","url":"http:/","invalidateInfo":{"identifier":"DB_PDO_MYSQL_DDL_catalog_product_index_price_3"}} []
[2026-05-15T00:26:14.053188+00:00] main.DEBUG: cache_invalidate:  {"method":"GET","url":"http:/","invalidateInfo":{"identifier":"DB_PDO_MYSQL_DDL_catalog_product_index_price_4"}} []
[2026-05-15T00:26:14.053301+00:00] main.DEBUG: cache_invalidate:  {"method":"GET","url":"http:/","invalidateInfo":{"identifier":"DB_PDO_MYSQL_DDL_catalog_product_index_price_4"}} []
[2026-05-15T00:26:14.053772+00:00] main.DEBUG: cache_invalidate:  {"method":"GET","url":"http:/","invalidateInfo":{"identifier":"DB_PDO_MYSQL_DDL_catalog_product_index_price_5"}} []
[2026-05-15T00:26:14.053909+00:00] main.DEBUG: cache_invalidate:  {"method":"GET","url":"http:/","invalidateInfo":{"identifier":"DB_PDO_MYSQL_DDL_catalog_product_index_price_5"}} []
[2026-05-15T00:26:14.054326+00:00] main.DEBUG: cache_invalidate:  {"method":"GET","url":"http:/","invalidateInfo":{"identifier":"DB_PDO_MYSQL_DDL_catalog_product_index_price_outdated_1"}} []
[2026-05-15T00:26:14.054433+00:00] main.DEBUG: cache_invalidate:  {"method":"GET","url":"http:/","invalidateInfo":{"identifier":"DB_PDO_MYSQL_DDL_catalog_product_index_price_outdated_1"}} []
[2026-05-15T00:26:14.054797+00:00] main.DEBUG: cache_invalidate:  {"method":"GET","url":"http:/","invalidateInfo":{"identifier":"DB_PDO_MYSQL_DDL_catalog_product_index_price_outdated_2"}} []
[2026-05-15T00:26:14.054902+00:00] main.DEBUG: cache_invalidate:  {"method":"GET","url":"http:/","invalidateInfo":{"identifier":"DB_PDO_MYSQL_DDL_catalog_product_index_price_outdated_2"}} []
[2026-05-15T00:26:14.055287+00:00] main.DEBUG: cache_invalidate:  {"method":"GET","url":"http:/","invalidateInfo":{"identifier":"DB_PDO_MYSQL_DDL_catalog_product_index_price_outdated_3"}} []
[2026-05-15T00:26:14.055393+00:00] main.DEBUG: cache_invalidate:  {"method":"GET","url":"http:/","invalidateInfo":{"identifier":"DB_PDO_MYSQL_DDL_catalog_product_index_price_outdated_3"}} []
[2026-05-15T00:26:14.055797+00:00] main.DEBUG: cache_invalidate:  {"method":"GET","url":"http:/","invalidateInfo":{"identifier":"DB_PDO_MYSQL_DDL_catalog_product_index_price_outdated_4"}} []
[2026-05-15T00:26:14.055940+00:00] main.DEBUG: cache_invalidate:  {"method":"GET","url":"http:/","invalidateInfo":{"identifier":"DB_PDO_MYSQL_DDL_catalog_product_index_price_outdated_4"}} []
[2026-05-15T00:26:14.056307+00:00] main.DEBUG: cache_invalidate:  {"method":"GET","url":"http:/","invalidateInfo":{"identifier":"DB_PDO_MYSQL_DDL_catalog_product_index_price_outdated_5"}} []
[2026-05-15T00:26:14.056443+00:00] main.DEBUG: cache_invalidate:  {"method":"GET","url":"http:/","invalidateInfo":{"identifier":"DB_PDO_MYSQL_DDL_catalog_product_index_price_outdated_5"}} []
[2026-05-15T00:26:14.056819+00:00] main.DEBUG: cache_invalidate:  {"method":"GET","url":"http:/","invalidateInfo":{"identifier":"DB_PDO_MYSQL_DDL_catalog_product_index_price_replica_1"}} []
[2026-05-15T00:26:14.056909+00:00] main.DEBUG: cache_invalidate:  {"method":"GET","url":"http:/","invalidateInfo":{"identifier":"DB_PDO_MYSQL_DDL_catalog_product_index_price_replica_1"}} []
[2026-05-15T00:26:14.057330+00:00] main.DEBUG: cache_invalidate:  {"method":"GET","url":"http:/","invalidateInfo":{"identifier":"DB_PDO_MYSQL_DDL_catalog_product_index_price_replica_2"}} []
[2026-05-15T00:26:14.057420+00:00] main.DEBUG: cache_invalidate:  {"method":"GET","url":"http:/","invalidateInfo":{"identifier":"DB_PDO_MYSQL_DDL_catalog_product_index_price_replica_2"}} []
[2026-05-15T00:26:14.057820+00:00] main.DEBUG: cache_invalidate:  {"method":"GET","url":"http:/","invalidateInfo":{"identifier":"DB_PDO_MYSQL_DDL_catalog_product_index_price_replica_3"}} []
[2026-05-15T00:26:14.057918+00:00] main.DEBUG: cache_invalidate:  {"method":"GET","url":"http:/","invalidateInfo":{"identifier":"DB_PDO_MYSQL_DDL_catalog_product_index_price_replica_3"}} []
[2026-05-15T00:26:14.058386+00:00] main.DEBUG: cache_invalidate:  {"method":"GET","url":"http:/","invalidateInfo":{"identifier":"DB_PDO_MYSQL_DDL_catalog_product_index_price_replica_4"}} []
[2026-05-15T00:26:14.058515+00:00] main.DEBUG: cache_invalidate:  {"method":"GET","url":"http:/","invalidateInfo":{"identifier":"DB_PDO_MYSQL_DDL_catalog_product_index_price_replica_4"}} []
[2026-05-15T00:26:14.058985+00:00] main.DEBUG: cache_invalidate:  {"method":"GET","url":"http:/","invalidateInfo":{"identifier":"DB_PDO_MYSQL_DDL_catalog_product_index_price_replica_5"}} []
[2026-05-15T00:26:14.059116+00:00] main.DEBUG: cache_invalidate:  {"method":"GET","url":"http:/","invalidateInfo":{"identifier":"DB_PDO_MYSQL_DDL_catalog_product_index_price_replica_5"}} []
[2026-05-15T00:26:14.059516+00:00] main.DEBUG: cache_invalidate:  {"method":"GET","url":"http:/","invalidateInfo":{"tags":["cat_c","FPC","MAGE"],"mode":"matchingTag"}} []
[2026-05-15T00:26:14.059622+00:00] main.DEBUG: cache_invalidate:  {"method":"GET","url":"http:/","invalidateInfo":{"tags":["cat_c","FPC"],"mode":"matchingTag"}} []
[2026-05-15T00:26:14.059822+00:00] main.DEBUG: cache_invalidate:  {"method":"GET","url":"http:/","invalidateInfo":{"tags":["cat_p","FPC","MAGE"],"mode":"matchingTag"}} []
[2026-05-15T00:26:14.059913+00:00] main.DEBUG: cache_invalidate:  {"method":"GET","url":"http:/","invalidateInfo":{"tags":["cat_p","FPC"],"mode":"matchingTag"}} []
[2026-05-15T00:26:14.060171+00:00] main.DEBUG: cache_invalidate:  {"method":"GET","url":"http:/","invalidateInfo":{"tags":["cat_c","MAGE"],"mode":"matchingTag"}} []
[2026-05-15T00:26:14.060360+00:00] main.DEBUG: cache_invalidate:  {"method":"GET","url":"http:/","invalidateInfo":{"tags":["cat_p","MAGE"],"mode":"matchingTag"}} []
[2026-05-15T00:26:14.060497+00:00] main.DEBUG: cache_invalidate:  {"method":"GET","url":"http:/","invalidateInfo":{"tags":["cat_c","cat_p"],"mode":"matchingAnyTag"}} []
[2026-05-15T00:26:14.208823+00:00] main.DEBUG: cache_invalidate:  {"method":"GET","url":"http:/","invalidateInfo":{"identifier":"DB_PDO_MYSQL_DDL_catalogrule_product_1"}} []
[2026-05-15T00:26:14.208992+00:00] main.DEBUG: cache_invalidate:  {"method":"GET","url":"http:/","invalidateInfo":{"identifier":"DB_PDO_MYSQL_DDL_catalogrule_product_1"}} []
[2026-05-15T00:26:14.209464+00:00] main.DEBUG: cache_invalidate:  {"method":"GET","url":"http:/","invalidateInfo":{"identifier":"DB_PDO_MYSQL_DDL_catalogrule_product_2"}} []
[2026-05-15T00:26:14.209564+00:00] main.DEBUG: cache_invalidate:  {"method":"GET","url":"http:/","invalidateInfo":{"identifier":"DB_PDO_MYSQL_DDL_catalogrule_product_2"}} []
[2026-05-15T00:26:14.209923+00:00] main.DEBUG: cache_invalidate:  {"method":"GET","url":"http:/","invalidateInfo":{"identifier":"DB_PDO_MYSQL_DDL_catalogrule_product_3"}} []
[2026-05-15T00:26:14.210065+00:00] main.DEBUG: cache_invalidate:  {"method":"GET","url":"http:/","invalidateInfo":{"identifier":"DB_PDO_MYSQL_DDL_catalogrule_product_3"}} []
[2026-05-15T00:26:14.210420+00:00] main.DEBUG: cache_invalidate:  {"method":"GET","url":"http:/","invalidateInfo":{"identifier":"DB_PDO_MYSQL_DDL_catalogrule_product_4"}} []
[2026-05-15T00:26:14.210561+00:00] main.DEBUG: cache_invalidate:  {"method":"GET","url":"http:/","invalidateInfo":{"identifier":"DB_PDO_MYSQL_DDL_catalogrule_product_4"}} []
[2026-05-15T00:26:14.210968+00:00] main.DEBUG: cache_invalidate:  {"method":"GET","url":"http:/","invalidateInfo":{"identifier":"DB_PDO_MYSQL_DDL_catalogrule_product_5"}} []
[2026-05-15T00:26:14.211126+00:00] main.DEBUG: cache_invalidate:  {"method":"GET","url":"http:/","invalidateInfo":{"identifier":"DB_PDO_MYSQL_DDL_catalogrule_product_5"}} []
[2026-05-15T00:26:14.211539+00:00] main.DEBUG: cache_invalidate:  {"method":"GET","url":"http:/","invalidateInfo":{"identifier":"DB_PDO_MYSQL_DDL_catalogrule_productad952ca6_1"}} []
[2026-05-15T00:26:14.211691+00:00] main.DEBUG: cache_invalidate:  {"method":"GET","url":"http:/","invalidateInfo":{"identifier":"DB_PDO_MYSQL_DDL_catalogrule_productad952ca6_1"}} []
[2026-05-15T00:26:14.212107+00:00] main.DEBUG: cache_invalidate:  {"method":"GET","url":"http:/","invalidateInfo":{"identifier":"DB_PDO_MYSQL_DDL_catalogrule_productad952ca6_2"}} []
[2026-05-15T00:26:14.212248+00:00] main.DEBUG: cache_invalidate:  {"method":"GET","url":"http:/","invalidateInfo":{"identifier":"DB_PDO_MYSQL_DDL_catalogrule_productad952ca6_2"}} []
[2026-05-15T00:26:14.212647+00:00] main.DEBUG: cache_invalidate:  {"method":"GET","url":"http:/","invalidateInfo":{"identifier":"DB_PDO_MYSQL_DDL_catalogrule_productad952ca6_3"}} []
[2026-05-15T00:26:14.212784+00:00] main.DEBUG: cache_invalidate:  {"method":"GET","url":"http:/","invalidateInfo":{"identifier":"DB_PDO_MYSQL_DDL_catalogrule_productad952ca6_3"}} []
[2026-05-15T00:26:14.213238+00:00] main.DEBUG: cache_invalidate:  {"method":"GET","url":"http:/","invalidateInfo":{"identifier":"DB_PDO_MYSQL_DDL_catalogrule_productad952ca6_4"}} []
[2026-05-15T00:26:14.213331+00:00] main.DEBUG: cache_invalidate:  {"method":"GET","url":"http:/","invalidateInfo":{"identifier":"DB_PDO_MYSQL_DDL_catalogrule_productad952ca6_4"}} []
[2026-05-15T00:26:14.213755+00:00] main.DEBUG: cache_invalidate:  {"method":"GET","url":"http:/","invalidateInfo":{"identifier":"DB_PDO_MYSQL_DDL_catalogrule_productad952ca6_5"}} []
[2026-05-15T00:26:14.213890+00:00] main.DEBUG: cache_invalidate:  {"method":"GET","url":"http:/","invalidateInfo":{"identifier":"DB_PDO_MYSQL_DDL_catalogrule_productad952ca6_5"}} []
[2026-05-15T00:26:14.214356+00:00] main.DEBUG: cache_invalidate:  {"method":"GET","url":"http:/","invalidateInfo":{"identifier":"DB_PDO_MYSQL_DDL_catalogrule_product__temp99bee7bf_1"}} []
[2026-05-15T00:26:14.214452+00:00] main.DEBUG: cache_invalidate:  {"method":"GET","url":"http:/","invalidateInfo":{"identifier":"DB_PDO_MYSQL_DDL_catalogrule_product__temp99bee7bf_1"}} []
[2026-05-15T00:26:14.214838+00:00] main.DEBUG: cache_invalidate:  {"method":"GET","url":"http:/","invalidateInfo":{"identifier":"DB_PDO_MYSQL_DDL_catalogrule_product__temp99bee7bf_2"}} []
[2026-05-15T00:26:14.214932+00:00] main.DEBUG: cache_invalidate:  {"method":"GET","url":"http:/","invalidateInfo":{"identifier":"DB_PDO_MYSQL_DDL_catalogrule_product__temp99bee7bf_2"}} []
[2026-05-15T00:26:14.215274+00:00] main.DEBUG: cache_invalidate:  {"method":"GET","url":"http:/","invalidateInfo":{"identifier":"DB_PDO_MYSQL_DDL_catalogrule_product__temp99bee7bf_3"}} []
[2026-05-15T00:26:14.215364+00:00] main.DEBUG: cache_invalidate:  {"method":"GET","url":"http:/","invalidateInfo":{"identifier":"DB_PDO_MYSQL_DDL_catalogrule_product__temp99bee7bf_3"}} []
[2026-05-15T00:26:14.215709+00:00] main.DEBUG: cache_invalidate:  {"method":"GET","url":"http:/","invalidateInfo":{"identifier":"DB_PDO_MYSQL_DDL_catalogrule_product__temp99bee7bf_4"}} []
[2026-05-15T00:26:14.215795+00:00] main.DEBUG: cache_invalidate:  {"method":"GET","url":"http:/","invalidateInfo":{"identifier":"DB_PDO_MYSQL_DDL_catalogrule_product__temp99bee7bf_4"}} []
[2026-05-15T00:26:14.216134+00:00] main.DEBUG: cache_invalidate:  {"method":"GET","url":"http:/","invalidateInfo":{"identifier":"DB_PDO_MYSQL_DDL_catalogrule_product__temp99bee7bf_5"}} []
[2026-05-15T00:26:14.216224+00:00] main.DEBUG: cache_invalidate:  {"method":"GET","url":"http:/","invalidateInfo":{"identifier":"DB_PDO_MYSQL_DDL_catalogrule_product__temp99bee7bf_5"}} []
[2026-05-15T00:26:14.216630+00:00] main.DEBUG: cache_invalidate:  {"method":"GET","url":"http:/","invalidateInfo":{"identifier":"DB_PDO_MYSQL_DDL_catalogrule_product_price_1"}} []
[2026-05-15T00:26:14.216716+00:00] main.DEBUG: cache_invalidate:  {"method":"GET","url":"http:/","invalidateInfo":{"identifier":"DB_PDO_MYSQL_DDL_catalogrule_product_price_1"}} []
[2026-05-15T00:26:14.217032+00:00] main.DEBUG: cache_invalidate:  {"method":"GET","url":"http:/","invalidateInfo":{"identifier":"DB_PDO_MYSQL_DDL_catalogrule_product_price_2"}} []
[2026-05-15T00:26:14.217132+00:00] main.DEBUG: cache_invalidate:  {"method":"GET","url":"http:/","invalidateInfo":{"identifier":"DB_PDO_MYSQL_DDL_catalogrule_product_price_2"}} []
[2026-05-15T00:26:14.217539+00:00] main.DEBUG: cache_invalidate:  {"method":"GET","url":"http:/","invalidateInfo":{"identifier":"DB_PDO_MYSQL_DDL_catalogrule_product_price_3"}} []
[2026-05-15T00:26:14.217625+00:00] main.DEBUG: cache_invalidate:  {"method":"GET","url":"http:/","invalidateInfo":{"identifier":"DB_PDO_MYSQL_DDL_catalogrule_product_price_3"}} []
[2026-05-15T00:26:14.217971+00:00] main.DEBUG: cache_invalidate:  {"method":"GET","url":"http:/","invalidateInfo":{"identifier":"DB_PDO_MYSQL_DDL_catalogrule_product_price_4"}} []
[2026-05-15T00:26:14.218075+00:00] main.DEBUG: cache_invalidate:  {"method":"GET","url":"http:/","invalidateInfo":{"identifier":"DB_PDO_MYSQL_DDL_catalogrule_product_price_4"}} []
[2026-05-15T00:26:14.218431+00:00] main.DEBUG: cache_invalidate:  {"method":"GET","url":"http:/","invalidateInfo":{"identifier":"DB_PDO_MYSQL_DDL_catalogrule_product_price_5"}} []
[2026-05-15T00:26:14.218516+00:00] main.DEBUG: cache_invalidate:  {"method":"GET","url":"http:/","invalidateInfo":{"identifier":"DB_PDO_MYSQL_DDL_catalogrule_product_price_5"}} []
[2026-05-15T00:26:14.218891+00:00] main.DEBUG: cache_invalidate:  {"method":"GET","url":"http:/","invalidateInfo":{"identifier":"DB_PDO_MYSQL_DDL_catalogrule_product_pricedeeede55_1"}} []
[2026-05-15T00:26:14.218976+00:00] main.DEBUG: cache_invalidate:  {"method":"GET","url":"http:/","invalidateInfo":{"identifier":"DB_PDO_MYSQL_DDL_catalogrule_product_pricedeeede55_1"}} []
[2026-05-15T00:26:14.219280+00:00] main.DEBUG: cache_invalidate:  {"method":"GET","url":"http:/","invalidateInfo":{"identifier":"DB_PDO_MYSQL_DDL_catalogrule_product_pricedeeede55_2"}} []
[2026-05-15T00:26:14.219366+00:00] main.DEBUG: cache_invalidate:  {"method":"GET","url":"http:/","invalidateInfo":{"identifier":"DB_PDO_MYSQL_DDL_catalogrule_product_pricedeeede55_2"}} []
[2026-05-15T00:26:14.219647+00:00] main.DEBUG: cache_invalidate:  {"method":"GET","url":"http:/","invalidateInfo":{"identifier":"DB_PDO_MYSQL_DDL_catalogrule_product_pricedeeede55_3"}} []
[2026-05-15T00:26:14.219732+00:00] main.DEBUG: cache_invalidate:  {"method":"GET","url":"http:/","invalidateInfo":{"identifier":"DB_PDO_MYSQL_DDL_catalogrule_product_pricedeeede55_3"}} []
[2026-05-15T00:26:14.220035+00:00] main.DEBUG: cache_invalidate:  {"method":"GET","url":"http:/","invalidateInfo":{"identifier":"DB_PDO_MYSQL_DDL_catalogrule_product_pricedeeede55_4"}} []
[2026-05-15T00:26:14.220119+00:00] main.DEBUG: cache_invalidate:  {"method":"GET","url":"http:/","invalidateInfo":{"identifier":"DB_PDO_MYSQL_DDL_catalogrule_product_pricedeeede55_4"}} []
[2026-05-15T00:26:14.220495+00:00] main.DEBUG: cache_invalidate:  {"method":"GET","url":"http:/","invalidateInfo":{"identifier":"DB_PDO_MYSQL_DDL_catalogrule_product_pricedeeede55_5"}} []
[2026-05-15T00:26:14.220579+00:00] main.DEBUG: cache_invalidate:  {"method":"GET","url":"http:/","invalidateInfo":{"identifier":"DB_PDO_MYSQL_DDL_catalogrule_product_pricedeeede55_5"}} []
[2026-05-15T00:26:14.220940+00:00] main.DEBUG: cache_invalidate:  {"method":"GET","url":"http:/","invalidateInfo":{"identifier":"DB_PDO_MYSQL_DDL_catalogrule_product_price__temp5321641a_1"}} []
[2026-05-15T00:26:14.221087+00:00] main.DEBUG: cache_invalidate:  {"method":"GET","url":"http:/","invalidateInfo":{"identifier":"DB_PDO_MYSQL_DDL_catalogrule_product_price__temp5321641a_1"}} []
[2026-05-15T00:26:14.221485+00:00] main.DEBUG: cache_invalidate:  {"method":"GET","url":"http:/","invalidateInfo":{"identifier":"DB_PDO_MYSQL_DDL_catalogrule_product_price__temp5321641a_2"}} []
[2026-05-15T00:26:14.221571+00:00] main.DEBUG: cache_invalidate:  {"method":"GET","url":"http:/","invalidateInfo":{"identifier":"DB_PDO_MYSQL_DDL_catalogrule_product_price__temp5321641a_2"}} []
[2026-05-15T00:26:14.221930+00:00] main.DEBUG: cache_invalidate:  {"method":"GET","url":"http:/","invalidateInfo":{"identifier":"DB_PDO_MYSQL_DDL_catalogrule_product_price__temp5321641a_3"}} []
[2026-05-15T00:26:14.222041+00:00] main.DEBUG: cache_invalidate:  {"method":"GET","url":"http:/","invalidateInfo":{"identifier":"DB_PDO_MYSQL_DDL_catalogrule_product_price__temp5321641a_3"}} []
[2026-05-15T00:26:14.222427+00:00] main.DEBUG: cache_invalidate:  {"method":"GET","url":"http:/","invalidateInfo":{"identifier":"DB_PDO_MYSQL_DDL_catalogrule_product_price__temp5321641a_4"}} []
[2026-05-15T00:26:14.222512+00:00] main.DEBUG: cache_invalidate:  {"method":"GET","url":"http:/","invalidateInfo":{"identifier":"DB_PDO_MYSQL_DDL_catalogrule_product_price__temp5321641a_4"}} []
[2026-05-15T00:26:14.222802+00:00] main.DEBUG: cache_invalidate:  {"method":"GET","url":"http:/","invalidateInfo":{"identifier":"DB_PDO_MYSQL_DDL_catalogrule_product_price__temp5321641a_5"}} []
[2026-05-15T00:26:14.222886+00:00] main.DEBUG: cache_invalidate:  {"method":"GET","url":"http:/","invalidateInfo":{"identifier":"DB_PDO_MYSQL_DDL_catalogrule_product_price__temp5321641a_5"}} []
[2026-05-15T00:26:14.223213+00:00] main.DEBUG: cache_invalidate:  {"method":"GET","url":"http:/","invalidateInfo":{"identifier":"DB_PDO_MYSQL_DDL_catalogrule_group_website_1"}} []
[2026-05-15T00:26:14.223299+00:00] main.DEBUG: cache_invalidate:  {"method":"GET","url":"http:/","invalidateInfo":{"identifier":"DB_PDO_MYSQL_DDL_catalogrule_group_website_1"}} []
[2026-05-15T00:26:14.223591+00:00] main.DEBUG: cache_invalidate:  {"method":"GET","url":"http:/","invalidateInfo":{"identifier":"DB_PDO_MYSQL_DDL_catalogrule_group_website_2"}} []
[2026-05-15T00:26:14.223723+00:00] main.DEBUG: cache_invalidate:  {"method":"GET","url":"http:/","invalidateInfo":{"identifier":"DB_PDO_MYSQL_DDL_catalogrule_group_website_2"}} []
[2026-05-15T00:26:14.224136+00:00] main.DEBUG: cache_invalidate:  {"method":"GET","url":"http:/","invalidateInfo":{"identifier":"DB_PDO_MYSQL_DDL_catalogrule_group_website_3"}} []
[2026-05-15T00:26:14.224258+00:00] main.DEBUG: cache_invalidate:  {"method":"GET","url":"http:/","invalidateInfo":{"identifier":"DB_PDO_MYSQL_DDL_catalogrule_group_website_3"}} []
[2026-05-15T00:26:14.224650+00:00] main.DEBUG: cache_invalidate:  {"method":"GET","url":"http:/","invalidateInfo":{"identifier":"DB_PDO_MYSQL_DDL_catalogrule_group_website_4"}} []
[2026-05-15T00:26:14.224753+00:00] main.DEBUG: cache_invalidate:  {"method":"GET","url":"http:/","invalidateInfo":{"identifier":"DB_PDO_MYSQL_DDL_catalogrule_group_website_4"}} []
[2026-05-15T00:26:14.225132+00:00] main.DEBUG: cache_invalidate:  {"method":"GET","url":"http:/","invalidateInfo":{"identifier":"DB_PDO_MYSQL_DDL_catalogrule_group_website_5"}} []
[2026-05-15T00:26:14.225270+00:00] main.DEBUG: cache_invalidate:  {"method":"GET","url":"http:/","invalidateInfo":{"identifier":"DB_PDO_MYSQL_DDL_catalogrule_group_website_5"}} []
[2026-05-15T00:26:14.225724+00:00] main.DEBUG: cache_invalidate:  {"method":"GET","url":"http:/","invalidateInfo":{"identifier":"DB_PDO_MYSQL_DDL_catalogrule_group_website467c43be_1"}} []
[2026-05-15T00:26:14.225893+00:00] main.DEBUG: cache_invalidate:  {"method":"GET","url":"http:/","invalidateInfo":{"identifier":"DB_PDO_MYSQL_DDL_catalogrule_group_website467c43be_1"}} []
[2026-05-15T00:26:14.226440+00:00] main.DEBUG: cache_invalidate:  {"method":"GET","url":"http:/","invalidateInfo":{"identifier":"DB_PDO_MYSQL_DDL_catalogrule_group_website467c43be_2"}} []
[2026-05-15T00:26:14.226611+00:00] main.DEBUG: cache_invalidate:  {"method":"GET","url":"http:/","invalidateInfo":{"identifier":"DB_PDO_MYSQL_DDL_catalogrule_group_website467c43be_2"}} []
[2026-05-15T00:26:14.227026+00:00] main.DEBUG: cache_invalidate:  {"method":"GET","url":"http:/","invalidateInfo":{"identifier":"DB_PDO_MYSQL_DDL_catalogrule_group_website467c43be_3"}} []
[2026-05-15T00:26:14.227175+00:00] main.DEBUG: cache_invalidate:  {"method":"GET","url":"http:/","invalidateInfo":{"identifier":"DB_PDO_MYSQL_DDL_catalogrule_group_website467c43be_3"}} []
[2026-05-15T00:26:14.227517+00:00] main.DEBUG: cache_invalidate:  {"method":"GET","url":"http:/","invalidateInfo":{"identifier":"DB_PDO_MYSQL_DDL_catalogrule_group_website467c43be_4"}} []
[2026-05-15T00:26:14.227618+00:00] main.DEBUG: cache_invalidate:  {"method":"GET","url":"http:/","invalidateInfo":{"identifier":"DB_PDO_MYSQL_DDL_catalogrule_group_website467c43be_4"}} []
[2026-05-15T00:26:14.227911+00:00] main.DEBUG: cache_invalidate:  {"method":"GET","url":"http:/","invalidateInfo":{"identifier":"DB_PDO_MYSQL_DDL_catalogrule_group_website467c43be_5"}} []
[2026-05-15T00:26:14.227997+00:00] main.DEBUG: cache_invalidate:  {"method":"GET","url":"http:/","invalidateInfo":{"identifier":"DB_PDO_MYSQL_DDL_catalogrule_group_website467c43be_5"}} []
[2026-05-15T00:26:14.228408+00:00] main.DEBUG: cache_invalidate:  {"method":"GET","url":"http:/","invalidateInfo":{"identifier":"DB_PDO_MYSQL_DDL_catalogrule_group_website__temp73fa5061_1"}} []
[2026-05-15T00:26:14.228550+00:00] main.DEBUG: cache_invalidate:  {"method":"GET","url":"http:/","invalidateInfo":{"identifier":"DB_PDO_MYSQL_DDL_catalogrule_group_website__temp73fa5061_1"}} []
[2026-05-15T00:26:14.228950+00:00] main.DEBUG: cache_invalidate:  {"method":"GET","url":"http:/","invalidateInfo":{"identifier":"DB_PDO_MYSQL_DDL_catalogrule_group_website__temp73fa5061_2"}} []
[2026-05-15T00:26:14.229086+00:00] main.DEBUG: cache_invalidate:  {"method":"GET","url":"http:/","invalidateInfo":{"identifier":"DB_PDO_MYSQL_DDL_catalogrule_group_website__temp73fa5061_2"}} []
[2026-05-15T00:26:14.229443+00:00] main.DEBUG: cache_invalidate:  {"method":"GET","url":"http:/","invalidateInfo":{"identifier":"DB_PDO_MYSQL_DDL_catalogrule_group_website__temp73fa5061_3"}} []
[2026-05-15T00:26:14.229649+00:00] main.DEBUG: cache_invalidate:  {"method":"GET","url":"http:/","invalidateInfo":{"identifier":"DB_PDO_MYSQL_DDL_catalogrule_group_website__temp73fa5061_3"}} []
[2026-05-15T00:26:14.230070+00:00] main.DEBUG: cache_invalidate:  {"method":"GET","url":"http:/","invalidateInfo":{"identifier":"DB_PDO_MYSQL_DDL_catalogrule_group_website__temp73fa5061_4"}} []
[2026-05-15T00:26:14.230210+00:00] main.DEBUG: cache_invalidate:  {"method":"GET","url":"http:/","invalidateInfo":{"identifier":"DB_PDO_MYSQL_DDL_catalogrule_group_website__temp73fa5061_4"}} []
[2026-05-15T00:26:14.230606+00:00] main.DEBUG: cache_invalidate:  {"method":"GET","url":"http:/","invalidateInfo":{"identifier":"DB_PDO_MYSQL_DDL_catalogrule_group_website__temp73fa5061_5"}} []
[2026-05-15T00:26:14.230744+00:00] main.DEBUG: cache_invalidate:  {"method":"GET","url":"http:/","invalidateInfo":{"identifier":"DB_PDO_MYSQL_DDL_catalogrule_group_website__temp73fa5061_5"}} []
[2026-05-15T00:26:14.240667+00:00] main.DEBUG: cache_invalidate:  {"method":"GET","url":"http:/","invalidateInfo":{"identifier":"DB_PDO_MYSQL_DDL_catalogrule_productad952ca6_1"}} []
[2026-05-15T00:26:14.240835+00:00] main.DEBUG: cache_invalidate:  {"method":"GET","url":"http:/","invalidateInfo":{"identifier":"DB_PDO_MYSQL_DDL_catalogrule_productad952ca6_1"}} []
[2026-05-15T00:26:14.241231+00:00] main.DEBUG: cache_invalidate:  {"method":"GET","url":"http:/","invalidateInfo":{"identifier":"DB_PDO_MYSQL_DDL_catalogrule_productad952ca6_2"}} []
[2026-05-15T00:26:14.241394+00:00] main.DEBUG: cache_invalidate:  {"method":"GET","url":"http:/","invalidateInfo":{"identifier":"DB_PDO_MYSQL_DDL_catalogrule_productad952ca6_2"}} []
[2026-05-15T00:26:14.241797+00:00] main.DEBUG: cache_invalidate:  {"method":"GET","url":"http:/","invalidateInfo":{"identifier":"DB_PDO_MYSQL_DDL_catalogrule_productad952ca6_3"}} []
[2026-05-15T00:26:14.241938+00:00] main.DEBUG: cache_invalidate:  {"method":"GET","url":"http:/","invalidateInfo":{"identifier":"DB_PDO_MYSQL_DDL_catalogrule_productad952ca6_3"}} []
[2026-05-15T00:26:14.242360+00:00] main.DEBUG: cache_invalidate:  {"method":"GET","url":"http:/","invalidateInfo":{"identifier":"DB_PDO_MYSQL_DDL_catalogrule_productad952ca6_4"}} []
[2026-05-15T00:26:14.242502+00:00] main.DEBUG: cache_invalidate:  {"method":"GET","url":"http:/","invalidateInfo":{"identifier":"DB_PDO_MYSQL_DDL_catalogrule_productad952ca6_4"}} []
[2026-05-15T00:26:14.242894+00:00] main.DEBUG: cache_invalidate:  {"method":"GET","url":"http:/","invalidateInfo":{"identifier":"DB_PDO_MYSQL_DDL_catalogrule_productad952ca6_5"}} []
[2026-05-15T00:26:14.243063+00:00] main.DEBUG: cache_invalidate:  {"method":"GET","url":"http:/","invalidateInfo":{"identifier":"DB_PDO_MYSQL_DDL_catalogrule_productad952ca6_5"}} []
[2026-05-15T00:26:14.253784+00:00] main.DEBUG: cache_invalidate:  {"method":"GET","url":"http:/","invalidateInfo":{"identifier":"DB_PDO_MYSQL_DDL_catalogrule_product_pricedeeede55_1"}} []
[2026-05-15T00:26:14.254063+00:00] main.DEBUG: cache_invalidate:  {"method":"GET","url":"http:/","invalidateInfo":{"identifier":"DB_PDO_MYSQL_DDL_catalogrule_product_pricedeeede55_1"}} []
[2026-05-15T00:26:14.254584+00:00] main.DEBUG: cache_invalidate:  {"method":"GET","url":"http:/","invalidateInfo":{"identifier":"DB_PDO_MYSQL_DDL_catalogrule_product_pricedeeede55_2"}} []
[2026-05-15T00:26:14.254757+00:00] main.DEBUG: cache_invalidate:  {"method":"GET","url":"http:/","invalidateInfo":{"identifier":"DB_PDO_MYSQL_DDL_catalogrule_product_pricedeeede55_2"}} []
[2026-05-15T00:26:14.255173+00:00] main.DEBUG: cache_invalidate:  {"method":"GET","url":"http:/","invalidateInfo":{"identifier":"DB_PDO_MYSQL_DDL_catalogrule_product_pricedeeede55_3"}} []
[2026-05-15T00:26:14.255273+00:00] main.DEBUG: cache_invalidate:  {"method":"GET","url":"http:/","invalidateInfo":{"identifier":"DB_PDO_MYSQL_DDL_catalogrule_product_pricedeeede55_3"}} []
[2026-05-15T00:26:14.255625+00:00] main.DEBUG: cache_invalidate:  {"method":"GET","url":"http:/","invalidateInfo":{"identifier":"DB_PDO_MYSQL_DDL_catalogrule_product_pricedeeede55_4"}} []
[2026-05-15T00:26:14.255765+00:00] main.DEBUG: cache_invalidate:  {"method":"GET","url":"http:/","invalidateInfo":{"identifier":"DB_PDO_MYSQL_DDL_catalogrule_product_pricedeeede55_4"}} []
[2026-05-15T00:26:14.256178+00:00] main.DEBUG: cache_invalidate:  {"method":"GET","url":"http:/","invalidateInfo":{"identifier":"DB_PDO_MYSQL_DDL_catalogrule_product_pricedeeede55_5"}} []
[2026-05-15T00:26:14.256330+00:00] main.DEBUG: cache_invalidate:  {"method":"GET","url":"http:/","invalidateInfo":{"identifier":"DB_PDO_MYSQL_DDL_catalogrule_product_pricedeeede55_5"}} []
[2026-05-15T00:26:14.266435+00:00] main.DEBUG: cache_invalidate:  {"method":"GET","url":"http:/","invalidateInfo":{"identifier":"DB_PDO_MYSQL_DDL_catalogrule_group_website467c43be_1"}} []
[2026-05-15T00:26:14.266658+00:00] main.DEBUG: cache_invalidate:  {"method":"GET","url":"http:/","invalidateInfo":{"identifier":"DB_PDO_MYSQL_DDL_catalogrule_group_website467c43be_1"}} []
[2026-05-15T00:26:14.267133+00:00] main.DEBUG: cache_invalidate:  {"method":"GET","url":"http:/","invalidateInfo":{"identifier":"DB_PDO_MYSQL_DDL_catalogrule_group_website467c43be_2"}} []
[2026-05-15T00:26:14.267241+00:00] main.DEBUG: cache_invalidate:  {"method":"GET","url":"http:/","invalidateInfo":{"identifier":"DB_PDO_MYSQL_DDL_catalogrule_group_website467c43be_2"}} []
[2026-05-15T00:26:14.267607+00:00] main.DEBUG: cache_invalidate:  {"method":"GET","url":"http:/","invalidateInfo":{"identifier":"DB_PDO_MYSQL_DDL_catalogrule_group_website467c43be_3"}} []
[2026-05-15T00:26:14.267749+00:00] main.DEBUG: cache_invalidate:  {"method":"GET","url":"http:/","invalidateInfo":{"identifier":"DB_PDO_MYSQL_DDL_catalogrule_group_website467c43be_3"}} []
[2026-05-15T00:26:14.268158+00:00] main.DEBUG: cache_invalidate:  {"method":"GET","url":"http:/","invalidateInfo":{"identifier":"DB_PDO_MYSQL_DDL_catalogrule_group_website467c43be_4"}} []
[2026-05-15T00:26:14.268312+00:00] main.DEBUG: cache_invalidate:  {"method":"GET","url":"http:/","invalidateInfo":{"identifier":"DB_PDO_MYSQL_DDL_catalogrule_group_website467c43be_4"}} []
[2026-05-15T00:26:14.268709+00:00] main.DEBUG: cache_invalidate:  {"method":"GET","url":"http:/","invalidateInfo":{"identifier":"DB_PDO_MYSQL_DDL_catalogrule_group_website467c43be_5"}} []
[2026-05-15T00:26:14.268848+00:00] main.DEBUG: cache_invalidate:  {"method":"GET","url":"http:/","invalidateInfo":{"identifier":"DB_PDO_MYSQL_DDL_catalogrule_group_website467c43be_5"}} []
[2026-05-15T00:26:14.309163+00:00] main.DEBUG: cache_invalidate:  {"method":"GET","url":"http:/","invalidateInfo":{"tags":["cat_c","FPC","MAGE"],"mode":"matchingTag"}} []
[2026-05-15T00:26:14.309351+00:00] main.DEBUG: cache_invalidate:  {"method":"GET","url":"http:/","invalidateInfo":{"tags":["cat_c","FPC"],"mode":"matchingTag"}} []
[2026-05-15T00:26:14.309646+00:00] main.DEBUG: cache_invalidate:  {"method":"GET","url":"http:/","invalidateInfo":{"tags":["cat_p","FPC","MAGE"],"mode":"matchingTag"}} []
[2026-05-15T00:26:14.309751+00:00] main.DEBUG: cache_invalidate:  {"method":"GET","url":"http:/","invalidateInfo":{"tags":["cat_p","FPC"],"mode":"matchingTag"}} []
[2026-05-15T00:26:14.309942+00:00] main.DEBUG: cache_invalidate:  {"method":"GET","url":"http:/","invalidateInfo":{"tags":["BLOCK_HTML","FPC","MAGE"],"mode":"matchingTag"}} []
[2026-05-15T00:26:14.310070+00:00] main.DEBUG: cache_invalidate:  {"method":"GET","url":"http:/","invalidateInfo":{"tags":["BLOCK_HTML","FPC"],"mode":"matchingTag"}} []
[2026-05-15T00:26:14.310382+00:00] main.DEBUG: cache_invalidate:  {"method":"GET","url":"http:/","invalidateInfo":{"tags":["cat_c","MAGE"],"mode":"matchingTag"}} []
[2026-05-15T00:26:14.310634+00:00] main.DEBUG: cache_invalidate:  {"method":"GET","url":"http:/","invalidateInfo":{"tags":["cat_p","MAGE"],"mode":"matchingTag"}} []
[2026-05-15T00:26:14.310904+00:00] main.DEBUG: cache_invalidate:  {"method":"GET","url":"http:/","invalidateInfo":{"tags":["BLOCK_HTML","MAGE"],"mode":"matchingTag"}} []
[2026-05-15T00:26:14.311054+00:00] main.DEBUG: cache_invalidate:  {"method":"GET","url":"http:/","invalidateInfo":{"tags":["cat_c","cat_p","BLOCK_HTML"],"mode":"matchingAnyTag"}} []
[2026-05-15T00:26:15.992250+00:00] main.INFO: {"feed":"salesOrders","operation":"full reindex(legacy)","status":"Initialize","elapsed":"276 ms","pid":"1","caller":"\/app\/bin\/magento setup:install --backend-frontname=admin --db-host=db --db-name=magento2 --db-user=magento2"} [] []
[2026-05-15T00:26:16.015995+00:00] main.DEBUG: cache_invalidate:  {"method":"GET","url":"http:/","invalidateInfo":{"identifier":"DB_PDO_MYSQL_DDL_sales_data_exporter_orders_index_sequence_1"}} []
[2026-05-15T00:26:16.016241+00:00] main.DEBUG: cache_invalidate:  {"method":"GET","url":"http:/","invalidateInfo":{"identifier":"DB_PDO_MYSQL_DDL_sales_data_exporter_orders_index_sequence_1"}} []
[2026-05-15T00:26:16.016724+00:00] main.DEBUG: cache_invalidate:  {"method":"GET","url":"http:/","invalidateInfo":{"identifier":"DB_PDO_MYSQL_DDL_sales_data_exporter_orders_index_sequence_2"}} []
[2026-05-15T00:26:16.016884+00:00] main.DEBUG: cache_invalidate:  {"method":"GET","url":"http:/","invalidateInfo":{"identifier":"DB_PDO_MYSQL_DDL_sales_data_exporter_orders_index_sequence_2"}} []
[2026-05-15T00:26:16.017302+00:00] main.DEBUG: cache_invalidate:  {"method":"GET","url":"http:/","invalidateInfo":{"identifier":"DB_PDO_MYSQL_DDL_sales_data_exporter_orders_index_sequence_3"}} []
[2026-05-15T00:26:16.017451+00:00] main.DEBUG: cache_invalidate:  {"method":"GET","url":"http:/","invalidateInfo":{"identifier":"DB_PDO_MYSQL_DDL_sales_data_exporter_orders_index_sequence_3"}} []
[2026-05-15T00:26:16.017875+00:00] main.DEBUG: cache_invalidate:  {"method":"GET","url":"http:/","invalidateInfo":{"identifier":"DB_PDO_MYSQL_DDL_sales_data_exporter_orders_index_sequence_4"}} []
[2026-05-15T00:26:16.018047+00:00] main.DEBUG: cache_invalidate:  {"method":"GET","url":"http:/","invalidateInfo":{"identifier":"DB_PDO_MYSQL_DDL_sales_data_exporter_orders_index_sequence_4"}} []
[2026-05-15T00:26:16.018464+00:00] main.DEBUG: cache_invalidate:  {"method":"GET","url":"http:/","invalidateInfo":{"identifier":"DB_PDO_MYSQL_DDL_sales_data_exporter_orders_index_sequence_5"}} []
[2026-05-15T00:26:16.018618+00:00] main.DEBUG: cache_invalidate:  {"method":"GET","url":"http:/","invalidateInfo":{"identifier":"DB_PDO_MYSQL_DDL_sales_data_exporter_orders_index_sequence_5"}} []
[2026-05-15T00:26:16.031735+00:00] main.DEBUG: cache_invalidate:  {"method":"GET","url":"http:/","invalidateInfo":{"identifier":"DB_PDO_MYSQL_DDL_sales_data_exporter_orders_index_sequence_1"}} []
[2026-05-15T00:26:16.031963+00:00] main.DEBUG: cache_invalidate:  {"method":"GET","url":"http:/","invalidateInfo":{"identifier":"DB_PDO_MYSQL_DDL_sales_data_exporter_orders_index_sequence_1"}} []
[2026-05-15T00:26:16.032608+00:00] main.DEBUG: cache_invalidate:  {"method":"GET","url":"http:/","invalidateInfo":{"identifier":"DB_PDO_MYSQL_DDL_sales_data_exporter_orders_index_sequence_2"}} []
[2026-05-15T00:26:16.032805+00:00] main.DEBUG: cache_invalidate:  {"method":"GET","url":"http:/","invalidateInfo":{"identifier":"DB_PDO_MYSQL_DDL_sales_data_exporter_orders_index_sequence_2"}} []
[2026-05-15T00:26:16.033346+00:00] main.DEBUG: cache_invalidate:  {"method":"GET","url":"http:/","invalidateInfo":{"identifier":"DB_PDO_MYSQL_DDL_sales_data_exporter_orders_index_sequence_3"}} []
[2026-05-15T00:26:16.033503+00:00] main.DEBUG: cache_invalidate:  {"method":"GET","url":"http:/","invalidateInfo":{"identifier":"DB_PDO_MYSQL_DDL_sales_data_exporter_orders_index_sequence_3"}} []
[2026-05-15T00:26:16.033948+00:00] main.DEBUG: cache_invalidate:  {"method":"GET","url":"http:/","invalidateInfo":{"identifier":"DB_PDO_MYSQL_DDL_sales_data_exporter_orders_index_sequence_4"}} []
[2026-05-15T00:26:16.034106+00:00] main.DEBUG: cache_invalidate:  {"method":"GET","url":"http:/","invalidateInfo":{"identifier":"DB_PDO_MYSQL_DDL_sales_data_exporter_orders_index_sequence_4"}} []
[2026-05-15T00:26:16.034513+00:00] main.DEBUG: cache_invalidate:  {"method":"GET","url":"http:/","invalidateInfo":{"identifier":"DB_PDO_MYSQL_DDL_sales_data_exporter_orders_index_sequence_5"}} []
[2026-05-15T00:26:16.034664+00:00] main.DEBUG: cache_invalidate:  {"method":"GET","url":"http:/","invalidateInfo":{"identifier":"DB_PDO_MYSQL_DDL_sales_data_exporter_orders_index_sequence_5"}} []
[2026-05-15T00:26:16.036736+00:00] main.INFO: {"feed":"salesOrders","operation":"full reindex(legacy)","status":"Creating batch table `sales_data_exporter_orders_index_batches`. Start position: 0","elapsed":"321 ms","pid":"1","caller":"\/app\/bin\/magento setup:install --backend-frontname=admin --db-host=db --db-name=magento2 --db-user=magento2"} [] []
[2026-05-15T00:26:16.043554+00:00] main.DEBUG: cache_invalidate:  {"method":"GET","url":"http:/","invalidateInfo":{"identifier":"DB_PDO_MYSQL_DDL_sales_data_exporter_orders_index_batches_1"}} []
[2026-05-15T00:26:16.043781+00:00] main.DEBUG: cache_invalidate:  {"method":"GET","url":"http:/","invalidateInfo":{"identifier":"DB_PDO_MYSQL_DDL_sales_data_exporter_orders_index_batches_1"}} []
[2026-05-15T00:26:16.044364+00:00] main.DEBUG: cache_invalidate:  {"method":"GET","url":"http:/","invalidateInfo":{"identifier":"DB_PDO_MYSQL_DDL_sales_data_exporter_orders_index_batches_2"}} []
[2026-05-15T00:26:16.044536+00:00] main.DEBUG: cache_invalidate:  {"method":"GET","url":"http:/","invalidateInfo":{"identifier":"DB_PDO_MYSQL_DDL_sales_data_exporter_orders_index_batches_2"}} []
[2026-05-15T00:26:16.044956+00:00] main.DEBUG: cache_invalidate:  {"method":"GET","url":"http:/","invalidateInfo":{"identifier":"DB_PDO_MYSQL_DDL_sales_data_exporter_orders_index_batches_3"}} []
[2026-05-15T00:26:16.045127+00:00] main.DEBUG: cache_invalidate:  {"method":"GET","url":"http:/","invalidateInfo":{"identifier":"DB_PDO_MYSQL_DDL_sales_data_exporter_orders_index_batches_3"}} []
[2026-05-15T00:26:16.045531+00:00] main.DEBUG: cache_invalidate:  {"method":"GET","url":"http:/","invalidateInfo":{"identifier":"DB_PDO_MYSQL_DDL_sales_data_exporter_orders_index_batches_4"}} []
[2026-05-15T00:26:16.045685+00:00] main.DEBUG: cache_invalidate:  {"method":"GET","url":"http:/","invalidateInfo":{"identifier":"DB_PDO_MYSQL_DDL_sales_data_exporter_orders_index_batches_4"}} []
[2026-05-15T00:26:16.046102+00:00] main.DEBUG: cache_invalidate:  {"method":"GET","url":"http:/","invalidateInfo":{"identifier":"DB_PDO_MYSQL_DDL_sales_data_exporter_orders_index_batches_5"}} []
[2026-05-15T00:26:16.046258+00:00] main.DEBUG: cache_invalidate:  {"method":"GET","url":"http:/","invalidateInfo":{"identifier":"DB_PDO_MYSQL_DDL_sales_data_exporter_orders_index_batches_5"}} []
[2026-05-15T00:26:16.060833+00:00] main.DEBUG: cache_invalidate:  {"method":"GET","url":"http:/","invalidateInfo":{"identifier":"DB_PDO_MYSQL_DDL_sales_data_exporter_orders_index_batches_1"}} []
[2026-05-15T00:26:16.061083+00:00] main.DEBUG: cache_invalidate:  {"method":"GET","url":"http:/","invalidateInfo":{"identifier":"DB_PDO_MYSQL_DDL_sales_data_exporter_orders_index_batches_1"}} []
[2026-05-15T00:26:16.061559+00:00] main.DEBUG: cache_invalidate:  {"method":"GET","url":"http:/","invalidateInfo":{"identifier":"DB_PDO_MYSQL_DDL_sales_data_exporter_orders_index_batches_2"}} []
[2026-05-15T00:26:16.061730+00:00] main.DEBUG: cache_invalidate:  {"method":"GET","url":"http:/","invalidateInfo":{"identifier":"DB_PDO_MYSQL_DDL_sales_data_exporter_orders_index_batches_2"}} []
[2026-05-15T00:26:16.062144+00:00] main.DEBUG: cache_invalidate:  {"method":"GET","url":"http:/","invalidateInfo":{"identifier":"DB_PDO_MYSQL_DDL_sales_data_exporter_orders_index_batches_3"}} []
[2026-05-15T00:26:16.062296+00:00] main.DEBUG: cache_invalidate:  {"method":"GET","url":"http:/","invalidateInfo":{"identifier":"DB_PDO_MYSQL_DDL_sales_data_exporter_orders_index_batches_3"}} []
[2026-05-15T00:26:16.062771+00:00] main.DEBUG: cache_invalidate:  {"method":"GET","url":"http:/","invalidateInfo":{"identifier":"DB_PDO_MYSQL_DDL_sales_data_exporter_orders_index_batches_4"}} []
[2026-05-15T00:26:16.062954+00:00] main.DEBUG: cache_invalidate:  {"method":"GET","url":"http:/","invalidateInfo":{"identifier":"DB_PDO_MYSQL_DDL_sales_data_exporter_orders_index_batches_4"}} []
[2026-05-15T00:26:16.063422+00:00] main.DEBUG: cache_invalidate:  {"method":"GET","url":"http:/","invalidateInfo":{"identifier":"DB_PDO_MYSQL_DDL_sales_data_exporter_orders_index_batches_5"}} []
[2026-05-15T00:26:16.063553+00:00] main.DEBUG: cache_invalidate:  {"method":"GET","url":"http:/","invalidateInfo":{"identifier":"DB_PDO_MYSQL_DDL_sales_data_exporter_orders_index_batches_5"}} []
[2026-05-15T00:26:16.067338+00:00] main.INFO: {"feed":"salesOrders","operation":"full reindex(legacy)","status":"Batch table `sales_data_exporter_orders_index_batches` created. Total Items: 0, batches: ~0","elapsed":"351 ms","pid":"1","caller":"\/app\/bin\/magento setup:install --backend-frontname=admin --db-host=db --db-name=magento2 --db-user=magento2"} [] []
[2026-05-15T00:26:16.067675+00:00] main.INFO: {"feed":"salesOrders","operation":"full reindex(legacy)","status":"skipping - no items to sync. Are there any items in source table `sales_order`?","elapsed":"352 ms","pid":"1","caller":"\/app\/bin\/magento setup:install --backend-frontname=admin --db-host=db --db-name=magento2 --db-user=magento2"} [] []
[2026-05-15T00:26:16.071350+00:00] main.INFO: {"feed":"salesOrders","operation":"full reindex(legacy)","status":"Complete","elapsed":"356 ms","pid":"1","caller":"\/app\/bin\/magento setup:install --backend-frontname=admin --db-host=db --db-name=magento2 --db-user=magento2"} [] []
[2026-05-15T00:26:16.086967+00:00] main.INFO: {"feed":"salesOrderStatuses","operation":"full reindex(legacy)","status":"Initialize","elapsed":"466 ms","pid":"1","caller":"\/app\/bin\/magento setup:install --backend-frontname=admin --db-host=db --db-name=magento2 --db-user=magento2"} [] []
[2026-05-15T00:26:16.108115+00:00] main.DEBUG: cache_invalidate:  {"method":"GET","url":"http:/","invalidateInfo":{"identifier":"DB_PDO_MYSQL_DDL_sales_data_exporter_order_statuses_index_sequence_1"}} []
[2026-05-15T00:26:16.108337+00:00] main.DEBUG: cache_invalidate:  {"method":"GET","url":"http:/","invalidateInfo":{"identifier":"DB_PDO_MYSQL_DDL_sales_data_exporter_order_statuses_index_sequence_1"}} []
[2026-05-15T00:26:16.108900+00:00] main.DEBUG: cache_invalidate:  {"method":"GET","url":"http:/","invalidateInfo":{"identifier":"DB_PDO_MYSQL_DDL_sales_data_exporter_order_statuses_index_sequence_2"}} []
[2026-05-15T00:26:16.109068+00:00] main.DEBUG: cache_invalidate:  {"method":"GET","url":"http:/","invalidateInfo":{"identifier":"DB_PDO_MYSQL_DDL_sales_data_exporter_order_statuses_index_sequence_2"}} []
[2026-05-15T00:26:16.109456+00:00] main.DEBUG: cache_invalidate:  {"method":"GET","url":"http:/","invalidateInfo":{"identifier":"DB_PDO_MYSQL_DDL_sales_data_exporter_order_statuses_index_sequence_3"}} []
[2026-05-15T00:26:16.109619+00:00] main.DEBUG: cache_invalidate:  {"method":"GET","url":"http:/","invalidateInfo":{"identifier":"DB_PDO_MYSQL_DDL_sales_data_exporter_order_statuses_index_sequence_3"}} []
[2026-05-15T00:26:16.110031+00:00] main.DEBUG: cache_invalidate:  {"method":"GET","url":"http:/","invalidateInfo":{"identifier":"DB_PDO_MYSQL_DDL_sales_data_exporter_order_statuses_index_sequence_4"}} []
[2026-05-15T00:26:16.110179+00:00] main.DEBUG: cache_invalidate:  {"method":"GET","url":"http:/","invalidateInfo":{"identifier":"DB_PDO_MYSQL_DDL_sales_data_exporter_order_statuses_index_sequence_4"}} []
[2026-05-15T00:26:16.110554+00:00] main.DEBUG: cache_invalidate:  {"method":"GET","url":"http:/","invalidateInfo":{"identifier":"DB_PDO_MYSQL_DDL_sales_data_exporter_order_statuses_index_sequence_5"}} []
[2026-05-15T00:26:16.110699+00:00] main.DEBUG: cache_invalidate:  {"method":"GET","url":"http:/","invalidateInfo":{"identifier":"DB_PDO_MYSQL_DDL_sales_data_exporter_order_statuses_index_sequence_5"}} []
[2026-05-15T00:26:16.122983+00:00] main.DEBUG: cache_invalidate:  {"method":"GET","url":"http:/","invalidateInfo":{"identifier":"DB_PDO_MYSQL_DDL_sales_data_exporter_order_statuses_index_sequence_1"}} []
[2026-05-15T00:26:16.123245+00:00] main.DEBUG: cache_invalidate:  {"method":"GET","url":"http:/","invalidateInfo":{"identifier":"DB_PDO_MYSQL_DDL_sales_data_exporter_order_statuses_index_sequence_1"}} []
[2026-05-15T00:26:16.123808+00:00] main.DEBUG: cache_invalidate:  {"method":"GET","url":"http:/","invalidateInfo":{"identifier":"DB_PDO_MYSQL_DDL_sales_data_exporter_order_statuses_index_sequence_2"}} []
[2026-05-15T00:26:16.123986+00:00] main.DEBUG: cache_invalidate:  {"method":"GET","url":"http:/","invalidateInfo":{"identifier":"DB_PDO_MYSQL_DDL_sales_data_exporter_order_statuses_index_sequence_2"}} []
[2026-05-15T00:26:16.124517+00:00] main.DEBUG: cache_invalidate:  {"method":"GET","url":"http:/","invalidateInfo":{"identifier":"DB_PDO_MYSQL_DDL_sales_data_exporter_order_statuses_index_sequence_3"}} []
[2026-05-15T00:26:16.124678+00:00] main.DEBUG: cache_invalidate:  {"method":"GET","url":"http:/","invalidateInfo":{"identifier":"DB_PDO_MYSQL_DDL_sales_data_exporter_order_statuses_index_sequence_3"}} []
[2026-05-15T00:26:16.125160+00:00] main.DEBUG: cache_invalidate:  {"method":"GET","url":"http:/","invalidateInfo":{"identifier":"DB_PDO_MYSQL_DDL_sales_data_exporter_order_statuses_index_sequence_4"}} []
[2026-05-15T00:26:16.125358+00:00] main.DEBUG: cache_invalidate:  {"method":"GET","url":"http:/","invalidateInfo":{"identifier":"DB_PDO_MYSQL_DDL_sales_data_exporter_order_statuses_index_sequence_4"}} []
[2026-05-15T00:26:16.125815+00:00] main.DEBUG: cache_invalidate:  {"method":"GET","url":"http:/","invalidateInfo":{"identifier":"DB_PDO_MYSQL_DDL_sales_data_exporter_order_statuses_index_sequence_5"}} []
[2026-05-15T00:26:16.125974+00:00] main.DEBUG: cache_invalidate:  {"method":"GET","url":"http:/","invalidateInfo":{"identifier":"DB_PDO_MYSQL_DDL_sales_data_exporter_order_statuses_index_sequence_5"}} []
[2026-05-15T00:26:16.126702+00:00] main.INFO: {"feed":"salesOrderStatuses","operation":"full reindex(legacy)","status":"Creating batch table `sales_data_exporter_order_statuses_index_batches`. Start position: ","elapsed":"506 ms","pid":"1","caller":"\/app\/bin\/magento setup:install --backend-frontname=admin --db-host=db --db-name=magento2 --db-user=magento2"} [] []
[2026-05-15T00:26:16.132253+00:00] main.DEBUG: cache_invalidate:  {"method":"GET","url":"http:/","invalidateInfo":{"identifier":"DB_PDO_MYSQL_DDL_sales_data_exporter_order_statuses_index_batches_1"}} []
[2026-05-15T00:26:16.132489+00:00] main.DEBUG: cache_invalidate:  {"method":"GET","url":"http:/","invalidateInfo":{"identifier":"DB_PDO_MYSQL_DDL_sales_data_exporter_order_statuses_index_batches_1"}} []
[2026-05-15T00:26:16.132999+00:00] main.DEBUG: cache_invalidate:  {"method":"GET","url":"http:/","invalidateInfo":{"identifier":"DB_PDO_MYSQL_DDL_sales_data_exporter_order_statuses_index_batches_2"}} []
[2026-05-15T00:26:16.133210+00:00] main.DEBUG: cache_invalidate:  {"method":"GET","url":"http:/","invalidateInfo":{"identifier":"DB_PDO_MYSQL_DDL_sales_data_exporter_order_statuses_index_batches_2"}} []
[2026-05-15T00:26:16.133680+00:00] main.DEBUG: cache_invalidate:  {"method":"GET","url":"http:/","invalidateInfo":{"identifier":"DB_PDO_MYSQL_DDL_sales_data_exporter_order_statuses_index_batches_3"}} []
[2026-05-15T00:26:16.133859+00:00] main.DEBUG: cache_invalidate:  {"method":"GET","url":"http:/","invalidateInfo":{"identifier":"DB_PDO_MYSQL_DDL_sales_data_exporter_order_statuses_index_batches_3"}} []
[2026-05-15T00:26:16.134365+00:00] main.DEBUG: cache_invalidate:  {"method":"GET","url":"http:/","invalidateInfo":{"identifier":"DB_PDO_MYSQL_DDL_sales_data_exporter_order_statuses_index_batches_4"}} []
[2026-05-15T00:26:16.134540+00:00] main.DEBUG: cache_invalidate:  {"method":"GET","url":"http:/","invalidateInfo":{"identifier":"DB_PDO_MYSQL_DDL_sales_data_exporter_order_statuses_index_batches_4"}} []
[2026-05-15T00:26:16.134941+00:00] main.DEBUG: cache_invalidate:  {"method":"GET","url":"http:/","invalidateInfo":{"identifier":"DB_PDO_MYSQL_DDL_sales_data_exporter_order_statuses_index_batches_5"}} []
[2026-05-15T00:26:16.135117+00:00] main.DEBUG: cache_invalidate:  {"method":"GET","url":"http:/","invalidateInfo":{"identifier":"DB_PDO_MYSQL_DDL_sales_data_exporter_order_statuses_index_batches_5"}} []
[2026-05-15T00:26:16.152196+00:00] main.DEBUG: cache_invalidate:  {"method":"GET","url":"http:/","invalidateInfo":{"identifier":"DB_PDO_MYSQL_DDL_sales_data_exporter_order_statuses_index_batches_1"}} []
[2026-05-15T00:26:16.152431+00:00] main.DEBUG: cache_invalidate:  {"method":"GET","url":"http:/","invalidateInfo":{"identifier":"DB_PDO_MYSQL_DDL_sales_data_exporter_order_statuses_index_batches_1"}} []
[2026-05-15T00:26:16.152962+00:00] main.DEBUG: cache_invalidate:  {"method":"GET","url":"http:/","invalidateInfo":{"identifier":"DB_PDO_MYSQL_DDL_sales_data_exporter_order_statuses_index_batches_2"}} []
[2026-05-15T00:26:16.153192+00:00] main.DEBUG: cache_invalidate:  {"method":"GET","url":"http:/","invalidateInfo":{"identifier":"DB_PDO_MYSQL_DDL_sales_data_exporter_order_statuses_index_batches_2"}} []
[2026-05-15T00:26:16.153748+00:00] main.DEBUG: cache_invalidate:  {"method":"GET","url":"http:/","invalidateInfo":{"identifier":"DB_PDO_MYSQL_DDL_sales_data_exporter_order_statuses_index_batches_3"}} []
[2026-05-15T00:26:16.153928+00:00] main.DEBUG: cache_invalidate:  {"method":"GET","url":"http:/","invalidateInfo":{"identifier":"DB_PDO_MYSQL_DDL_sales_data_exporter_order_statuses_index_batches_3"}} []
[2026-05-15T00:26:16.154434+00:00] main.DEBUG: cache_invalidate:  {"method":"GET","url":"http:/","invalidateInfo":{"identifier":"DB_PDO_MYSQL_DDL_sales_data_exporter_order_statuses_index_batches_4"}} []
[2026-05-15T00:26:16.154605+00:00] main.DEBUG: cache_invalidate:  {"method":"GET","url":"http:/","invalidateInfo":{"identifier":"DB_PDO_MYSQL_DDL_sales_data_exporter_order_statuses_index_batches_4"}} []
[2026-05-15T00:26:16.155051+00:00] main.DEBUG: cache_invalidate:  {"method":"GET","url":"http:/","invalidateInfo":{"identifier":"DB_PDO_MYSQL_DDL_sales_data_exporter_order_statuses_index_batches_5"}} []
[2026-05-15T00:26:16.155213+00:00] main.DEBUG: cache_invalidate:  {"method":"GET","url":"http:/","invalidateInfo":{"identifier":"DB_PDO_MYSQL_DDL_sales_data_exporter_order_statuses_index_batches_5"}} []
[2026-05-15T00:26:16.159949+00:00] main.INFO: {"feed":"salesOrderStatuses","operation":"full reindex(legacy)","status":"Batch table `sales_data_exporter_order_statuses_index_batches` created. Total Items: 12, batches: ~0","elapsed":"539 ms","pid":"1","caller":"\/app\/bin\/magento setup:install --backend-frontname=admin --db-host=db --db-name=magento2 --db-user=magento2"} [] []
[2026-05-15T00:26:16.160264+00:00] main.INFO: {"feed":"salesOrderStatuses","operation":"full reindex(legacy)","status":"start processing `12` items in `1` threads with `100` batch size","elapsed":"539 ms","pid":"1","caller":"\/app\/bin\/magento setup:install --backend-frontname=admin --db-host=db --db-name=magento2 --db-user=magento2"} [] []
[2026-05-15T00:26:16.181748+00:00] main.INFO: {"feed":"salesOrderStatuses","operation":"full reindex(legacy)","status":"Progress 1\/1, processed 12, synced 12","elapsed":"561 ms","pid":"1","caller":"\/app\/bin\/magento setup:install --backend-frontname=admin --db-host=db --db-name=magento2 --db-user=magento2"} [] []
[2026-05-15T00:26:16.187818+00:00] main.INFO: {"feed":"salesOrderStatuses","operation":"full reindex(legacy)","status":"Complete","elapsed":"567 ms","pid":"1","caller":"\/app\/bin\/magento setup:install --backend-frontname=admin --db-host=db --db-name=magento2 --db-user=magento2"} [] []
[2026-05-15T00:26:16.208168+00:00] main.INFO: {"feed":"stores","operation":"full reindex(legacy)","status":"Initialize","elapsed":"708 ms","pid":"1","caller":"\/app\/bin\/magento setup:install --backend-frontname=admin --db-host=db --db-name=magento2 --db-user=magento2"} [] []
[2026-05-15T00:26:16.228983+00:00] main.DEBUG: cache_invalidate:  {"method":"GET","url":"http:/","invalidateInfo":{"identifier":"DB_PDO_MYSQL_DDL_stores_data_exporter_index_sequence_1"}} []
[2026-05-15T00:26:16.229179+00:00] main.DEBUG: cache_invalidate:  {"method":"GET","url":"http:/","invalidateInfo":{"identifier":"DB_PDO_MYSQL_DDL_stores_data_exporter_index_sequence_1"}} []
[2026-05-15T00:26:16.229689+00:00] main.DEBUG: cache_invalidate:  {"method":"GET","url":"http:/","invalidateInfo":{"identifier":"DB_PDO_MYSQL_DDL_stores_data_exporter_index_sequence_2"}} []
[2026-05-15T00:26:16.229815+00:00] main.DEBUG: cache_invalidate:  {"method":"GET","url":"http:/","invalidateInfo":{"identifier":"DB_PDO_MYSQL_DDL_stores_data_exporter_index_sequence_2"}} []
[2026-05-15T00:26:16.230210+00:00] main.DEBUG: cache_invalidate:  {"method":"GET","url":"http:/","invalidateInfo":{"identifier":"DB_PDO_MYSQL_DDL_stores_data_exporter_index_sequence_3"}} []
[2026-05-15T00:26:16.230314+00:00] main.DEBUG: cache_invalidate:  {"method":"GET","url":"http:/","invalidateInfo":{"identifier":"DB_PDO_MYSQL_DDL_stores_data_exporter_index_sequence_3"}} []
[2026-05-15T00:26:16.230705+00:00] main.DEBUG: cache_invalidate:  {"method":"GET","url":"http:/","invalidateInfo":{"identifier":"DB_PDO_MYSQL_DDL_stores_data_exporter_index_sequence_4"}} []
[2026-05-15T00:26:16.230876+00:00] main.DEBUG: cache_invalidate:  {"method":"GET","url":"http:/","invalidateInfo":{"identifier":"DB_PDO_MYSQL_DDL_stores_data_exporter_index_sequence_4"}} []
[2026-05-15T00:26:16.231300+00:00] main.DEBUG: cache_invalidate:  {"method":"GET","url":"http:/","invalidateInfo":{"identifier":"DB_PDO_MYSQL_DDL_stores_data_exporter_index_sequence_5"}} []
[2026-05-15T00:26:16.231408+00:00] main.DEBUG: cache_invalidate:  {"method":"GET","url":"http:/","invalidateInfo":{"identifier":"DB_PDO_MYSQL_DDL_stores_data_exporter_index_sequence_5"}} []
[2026-05-15T00:26:16.244539+00:00] main.DEBUG: cache_invalidate:  {"method":"GET","url":"http:/","invalidateInfo":{"identifier":"DB_PDO_MYSQL_DDL_stores_data_exporter_index_sequence_1"}} []
[2026-05-15T00:26:16.244728+00:00] main.DEBUG: cache_invalidate:  {"method":"GET","url":"http:/","invalidateInfo":{"identifier":"DB_PDO_MYSQL_DDL_stores_data_exporter_index_sequence_1"}} []
[2026-05-15T00:26:16.245184+00:00] main.DEBUG: cache_invalidate:  {"method":"GET","url":"http:/","invalidateInfo":{"identifier":"DB_PDO_MYSQL_DDL_stores_data_exporter_index_sequence_2"}} []
[2026-05-15T00:26:16.245340+00:00] main.DEBUG: cache_invalidate:  {"method":"GET","url":"http:/","invalidateInfo":{"identifier":"DB_PDO_MYSQL_DDL_stores_data_exporter_index_sequence_2"}} []
[2026-05-15T00:26:16.245765+00:00] main.DEBUG: cache_invalidate:  {"method":"GET","url":"http:/","invalidateInfo":{"identifier":"DB_PDO_MYSQL_DDL_stores_data_exporter_index_sequence_3"}} []
[2026-05-15T00:26:16.245931+00:00] main.DEBUG: cache_invalidate:  {"method":"GET","url":"http:/","invalidateInfo":{"identifier":"DB_PDO_MYSQL_DDL_stores_data_exporter_index_sequence_3"}} []
[2026-05-15T00:26:16.246467+00:00] main.DEBUG: cache_invalidate:  {"method":"GET","url":"http:/","invalidateInfo":{"identifier":"DB_PDO_MYSQL_DDL_stores_data_exporter_index_sequence_4"}} []
[2026-05-15T00:26:16.246672+00:00] main.DEBUG: cache_invalidate:  {"method":"GET","url":"http:/","invalidateInfo":{"identifier":"DB_PDO_MYSQL_DDL_stores_data_exporter_index_sequence_4"}} []
[2026-05-15T00:26:16.247214+00:00] main.DEBUG: cache_invalidate:  {"method":"GET","url":"http:/","invalidateInfo":{"identifier":"DB_PDO_MYSQL_DDL_stores_data_exporter_index_sequence_5"}} []
[2026-05-15T00:26:16.247386+00:00] main.DEBUG: cache_invalidate:  {"method":"GET","url":"http:/","invalidateInfo":{"identifier":"DB_PDO_MYSQL_DDL_stores_data_exporter_index_sequence_5"}} []
[2026-05-15T00:26:16.248519+00:00] main.INFO: {"feed":"stores","operation":"full reindex(legacy)","status":"Creating batch table `stores_data_exporter_index_batches`. Start position: 0","elapsed":"749 ms","pid":"1","caller":"\/app\/bin\/magento setup:install --backend-frontname=admin --db-host=db --db-name=magento2 --db-user=magento2"} [] []
[2026-05-15T00:26:16.256856+00:00] main.DEBUG: cache_invalidate:  {"method":"GET","url":"http:/","invalidateInfo":{"identifier":"DB_PDO_MYSQL_DDL_stores_data_exporter_index_batches_1"}} []
[2026-05-15T00:26:16.257060+00:00] main.DEBUG: cache_invalidate:  {"method":"GET","url":"http:/","invalidateInfo":{"identifier":"DB_PDO_MYSQL_DDL_stores_data_exporter_index_batches_1"}} []
[2026-05-15T00:26:16.257714+00:00] main.DEBUG: cache_invalidate:  {"method":"GET","url":"http:/","invalidateInfo":{"identifier":"DB_PDO_MYSQL_DDL_stores_data_exporter_index_batches_2"}} []
[2026-05-15T00:26:16.257861+00:00] main.DEBUG: cache_invalidate:  {"method":"GET","url":"http:/","invalidateInfo":{"identifier":"DB_PDO_MYSQL_DDL_stores_data_exporter_index_batches_2"}} []
[2026-05-15T00:26:16.258313+00:00] main.DEBUG: cache_invalidate:  {"method":"GET","url":"http:/","invalidateInfo":{"identifier":"DB_PDO_MYSQL_DDL_stores_data_exporter_index_batches_3"}} []
[2026-05-15T00:26:16.258432+00:00] main.DEBUG: cache_invalidate:  {"method":"GET","url":"http:/","invalidateInfo":{"identifier":"DB_PDO_MYSQL_DDL_stores_data_exporter_index_batches_3"}} []
[2026-05-15T00:26:16.258778+00:00] main.DEBUG: cache_invalidate:  {"method":"GET","url":"http:/","invalidateInfo":{"identifier":"DB_PDO_MYSQL_DDL_stores_data_exporter_index_batches_4"}} []
[2026-05-15T00:26:16.258888+00:00] main.DEBUG: cache_invalidate:  {"method":"GET","url":"http:/","invalidateInfo":{"identifier":"DB_PDO_MYSQL_DDL_stores_data_exporter_index_batches_4"}} []
[2026-05-15T00:26:16.259311+00:00] main.DEBUG: cache_invalidate:  {"method":"GET","url":"http:/","invalidateInfo":{"identifier":"DB_PDO_MYSQL_DDL_stores_data_exporter_index_batches_5"}} []
[2026-05-15T00:26:16.259420+00:00] main.DEBUG: cache_invalidate:  {"method":"GET","url":"http:/","invalidateInfo":{"identifier":"DB_PDO_MYSQL_DDL_stores_data_exporter_index_batches_5"}} []
[2026-05-15T00:26:16.274822+00:00] main.DEBUG: cache_invalidate:  {"method":"GET","url":"http:/","invalidateInfo":{"identifier":"DB_PDO_MYSQL_DDL_stores_data_exporter_index_batches_1"}} []
[2026-05-15T00:26:16.275024+00:00] main.DEBUG: cache_invalidate:  {"method":"GET","url":"http:/","invalidateInfo":{"identifier":"DB_PDO_MYSQL_DDL_stores_data_exporter_index_batches_1"}} []
[2026-05-15T00:26:16.275490+00:00] main.DEBUG: cache_invalidate:  {"method":"GET","url":"http:/","invalidateInfo":{"identifier":"DB_PDO_MYSQL_DDL_stores_data_exporter_index_batches_2"}} []
[2026-05-15T00:26:16.275620+00:00] main.DEBUG: cache_invalidate:  {"method":"GET","url":"http:/","invalidateInfo":{"identifier":"DB_PDO_MYSQL_DDL_stores_data_exporter_index_batches_2"}} []
[2026-05-15T00:26:16.276065+00:00] main.DEBUG: cache_invalidate:  {"method":"GET","url":"http:/","invalidateInfo":{"identifier":"DB_PDO_MYSQL_DDL_stores_data_exporter_index_batches_3"}} []
[2026-05-15T00:26:16.276209+00:00] main.DEBUG: cache_invalidate:  {"method":"GET","url":"http:/","invalidateInfo":{"identifier":"DB_PDO_MYSQL_DDL_stores_data_exporter_index_batches_3"}} []
[2026-05-15T00:26:16.276744+00:00] main.DEBUG: cache_invalidate:  {"method":"GET","url":"http:/","invalidateInfo":{"identifier":"DB_PDO_MYSQL_DDL_stores_data_exporter_index_batches_4"}} []
[2026-05-15T00:26:16.276900+00:00] main.DEBUG: cache_invalidate:  {"method":"GET","url":"http:/","invalidateInfo":{"identifier":"DB_PDO_MYSQL_DDL_stores_data_exporter_index_batches_4"}} []
[2026-05-15T00:26:16.277483+00:00] main.DEBUG: cache_invalidate:  {"method":"GET","url":"http:/","invalidateInfo":{"identifier":"DB_PDO_MYSQL_DDL_stores_data_exporter_index_batches_5"}} []
[2026-05-15T00:26:16.277625+00:00] main.DEBUG: cache_invalidate:  {"method":"GET","url":"http:/","invalidateInfo":{"identifier":"DB_PDO_MYSQL_DDL_stores_data_exporter_index_batches_5"}} []
[2026-05-15T00:26:16.280804+00:00] main.INFO: {"feed":"stores","operation":"full reindex(legacy)","status":"Batch table `stores_data_exporter_index_batches` created. Total Items: 1, batches: ~0","elapsed":"781 ms","pid":"1","caller":"\/app\/bin\/magento setup:install --backend-frontname=admin --db-host=db --db-name=magento2 --db-user=magento2"} [] []
[2026-05-15T00:26:16.281112+00:00] main.INFO: {"feed":"stores","operation":"full reindex(legacy)","status":"start processing `1` items in `1` threads with `100` batch size","elapsed":"781 ms","pid":"1","caller":"\/app\/bin\/magento setup:install --backend-frontname=admin --db-host=db --db-name=magento2 --db-user=magento2"} [] []
[2026-05-15T00:26:16.289633+00:00] main.INFO: {"feed":"stores","operation":"full reindex(legacy)","status":"Progress 1\/1, processed 1, synced 1","elapsed":"790 ms","pid":"1","caller":"\/app\/bin\/magento setup:install --backend-frontname=admin --db-host=db --db-name=magento2 --db-user=magento2"} [] []
[2026-05-15T00:26:16.291794+00:00] main.INFO: {"feed":"stores","operation":"full reindex(legacy)","status":"Complete","elapsed":"792 ms","pid":"1","caller":"\/app\/bin\/magento setup:install --backend-frontname=admin --db-host=db --db-name=magento2 --db-user=magento2"} [] []
[2026-05-15T00:27:07.518481+00:00] main.DEBUG: cache_invalidate:  {"method":"GET","url":"http:/","invalidateInfo":{"tags":["FPC","MAGE"],"mode":"matchingTag"}} []
[2026-05-15T00:27:07.519126+00:00] main.DEBUG: cache_invalidate:  {"method":"GET","url":"http:/","invalidateInfo":{"tags":["FPC"],"mode":"matchingTag"}} []
[2026-05-15T00:27:07.540139+00:00] main.DEBUG: cache_invalidate:  {"method":"GET","url":"http:/","invalidateInfo":{"tags":["MAGE"],"mode":"matchingTag"}} []
[2026-05-15T00:27:07.540495+00:00] main.DEBUG: cache_invalidate:  {"method":"GET","url":"http:/","invalidateInfo":{"tags":[],"mode":"all"},"trace":"Exception: full purge of cache storage triggered in /app/vendor/magento/framework/Cache/InvalidateLogger.php:52
Stack trace:
#0 /app/vendor/magento/framework/Cache/Frontend/Decorator/Logger.php(62): Magento\\Framework\\Cache\\InvalidateLogger->execute(Array)
#1 /app/vendor/magento/framework/Cache/Frontend/Decorator/Logger.php(50): Magento\\Framework\\Cache\\Frontend\\Decorator\\Logger->log(Array)
#2 /app/vendor/magento/framework/Cache/Frontend/Decorator/Bare.php(92): Magento\\Framework\\Cache\\Frontend\\Decorator\\Logger->clean('all', Array)
#3 /app/vendor/magento/framework/App/Cache/Type/AccessProxy.php(110): Magento\\Framework\\Cache\\Frontend\\Decorator\\Bare->clean('all', Array)
#4 /app/vendor/magento/framework/App/Cache/Manager.php(111): Magento\\Framework\\App\\Cache\\Type\\AccessProxy->clean()
#5 /app/vendor/magento/module-backend/Console/Command/CacheFlushCommand.php(39): Magento\\Framework\\App\\Cache\\Manager->flush(Array)
#6 /app/vendor/magento/module-backend/Console/Command/AbstractCacheTypeManageCommand.php(64): Magento\\Backend\\Console\\Command\\CacheFlushCommand->performAction(Array)
#7 /app/vendor/symfony/console/Command/Command.php(341): Magento\\Backend\\Console\\Command\\AbstractCacheTypeManageCommand->execute(Object(Symfony\\Component\\Console\\Input\\ArgvInput), Object(Symfony\\Component\\Console\\Output\\ConsoleOutput))
#8 /app/vendor/magento/framework/Interception/Interceptor.php(58): Symfony\\Component\\Console\\Command\\Command->run(Object(Symfony\\Component\\Console\\Input\\ArgvInput), Object(Symfony\\Component\\Console\\Output\\ConsoleOutput))
#9 /app/vendor/magento/framework/Interception/Interceptor.php(138): Magento\\Backend\\Console\\Command\\CacheFlushCommand\\Interceptor->___callParent('run', Array)
#10 /app/vendor/magento/framework/Interception/Interceptor.php(153): Magento\\Backend\\Console\\Command\\CacheFlushCommand\\Interceptor->{closure:Magento\\Framework\\Interception\\Interceptor::___callPlugins():104}(Object(Symfony\\Component\\Console\\Input\\ArgvInput), Object(Symfony\\Component\\Console\\Output\\ConsoleOutput))
#11 /app/generated/code/Magento/Backend/Console/Command/CacheFlushCommand/Interceptor.php(77): Magento\\Backend\\Console\\Command\\CacheFlushCommand\\Interceptor->___callPlugins('run', Array, Array)
#12 /app/vendor/symfony/console/Application.php(1094): Magento\\Backend\\Console\\Command\\CacheFlushCommand\\Interceptor->run(Object(Symfony\\Component\\Console\\Input\\ArgvInput), Object(Symfony\\Component\\Console\\Output\\ConsoleOutput))
#13 /app/vendor/symfony/console/Application.php(356): Symfony\\Component\\Console\\Application->doRunCommand(Object(Magento\\Backend\\Console\\Command\\CacheFlushCommand\\Interceptor), Object(Symfony\\Component\\Console\\Input\\ArgvInput), Object(Symfony\\Component\\Console\\Output\\ConsoleOutput))
#14 /app/vendor/magento/framework/Console/Cli.php(137): Symfony\\Component\\Console\\Application->doRun(Object(Symfony\\Component\\Console\\Input\\ArgvInput), Object(Symfony\\Component\\Console\\Output\\ConsoleOutput))
#15 /app/vendor/symfony/console/Application.php(195): Magento\\Framework\\Console\\Cli->doRun(Object(Symfony\\Component\\Console\\Input\\ArgvInput), Object(Symfony\\Component\\Console\\Output\\ConsoleOutput))
#16 /app/bin/magento(23): Symfony\\Component\\Console\\Application->run()
#17 {main}"} []
[2026-05-15T00:27:07.542740+00:00] main.DEBUG: cache_invalidate:  {"method":"GET","url":"http:/","invalidateInfo":{"tags":["MAGE"],"mode":"matchingTag"}} []
[2026-05-15T00:27:07.542937+00:00] main.DEBUG: cache_invalidate:  {"method":"GET","url":"http:/","invalidateInfo":{"tags":[],"mode":"all"},"trace":"Exception: full purge of cache storage triggered in /app/vendor/magento/framework/Cache/InvalidateLogger.php:52
Stack trace:
#0 /app/vendor/magento/framework/Cache/Frontend/Decorator/Logger.php(62): Magento\\Framework\\Cache\\InvalidateLogger->execute(Array)
#1 /app/vendor/magento/framework/Cache/Frontend/Decorator/Logger.php(50): Magento\\Framework\\Cache\\Frontend\\Decorator\\Logger->log(Array)
#2 /app/vendor/magento/framework/Cache/Frontend/Decorator/Bare.php(92): Magento\\Framework\\Cache\\Frontend\\Decorator\\Logger->clean('all', Array)
#3 /app/vendor/magento/framework/App/Cache/Type/AccessProxy.php(110): Magento\\Framework\\Cache\\Frontend\\Decorator\\Bare->clean('all', Array)
#4 /app/vendor/magento/framework/App/Cache/Manager.php(111): Magento\\Framework\\App\\Cache\\Type\\AccessProxy->clean()
#5 /app/vendor/magento/module-backend/Console/Command/CacheFlushCommand.php(39): Magento\\Framework\\App\\Cache\\Manager->flush(Array)
#6 /app/vendor/magento/module-backend/Console/Command/AbstractCacheTypeManageCommand.php(64): Magento\\Backend\\Console\\Command\\CacheFlushCommand->performAction(Array)
#7 /app/vendor/symfony/console/Command/Command.php(341): Magento\\Backend\\Console\\Command\\AbstractCacheTypeManageCommand->execute(Object(Symfony\\Component\\Console\\Input\\ArgvInput), Object(Symfony\\Component\\Console\\Output\\ConsoleOutput))
#8 /app/vendor/magento/framework/Interception/Interceptor.php(58): Symfony\\Component\\Console\\Command\\Command->run(Object(Symfony\\Component\\Console\\Input\\ArgvInput), Object(Symfony\\Component\\Console\\Output\\ConsoleOutput))
#9 /app/vendor/magento/framework/Interception/Interceptor.php(138): Magento\\Backend\\Console\\Command\\CacheFlushCommand\\Interceptor->___callParent('run', Array)
#10 /app/vendor/magento/framework/Interception/Interceptor.php(153): Magento\\Backend\\Console\\Command\\CacheFlushCommand\\Interceptor->{closure:Magento\\Framework\\Interception\\Interceptor::___callPlugins():104}(Object(Symfony\\Component\\Console\\Input\\ArgvInput), Object(Symfony\\Component\\Console\\Output\\ConsoleOutput))
#11 /app/generated/code/Magento/Backend/Console/Command/CacheFlushCommand/Interceptor.php(77): Magento\\Backend\\Console\\Command\\CacheFlushCommand\\Interceptor->___callPlugins('run', Array, Array)
#12 /app/vendor/symfony/console/Application.php(1094): Magento\\Backend\\Console\\Command\\CacheFlushCommand\\Interceptor->run(Object(Symfony\\Component\\Console\\Input\\ArgvInput), Object(Symfony\\Component\\Console\\Output\\ConsoleOutput))
#13 /app/vendor/symfony/console/Application.php(356): Symfony\\Component\\Console\\Application->doRunCommand(Object(Magento\\Backend\\Console\\Command\\CacheFlushCommand\\Interceptor), Object(Symfony\\Component\\Console\\Input\\ArgvInput), Object(Symfony\\Component\\Console\\Output\\ConsoleOutput))
#14 /app/vendor/magento/framework/Console/Cli.php(137): Symfony\\Component\\Console\\Application->doRun(Object(Symfony\\Component\\Console\\Input\\ArgvInput), Object(Symfony\\Component\\Console\\Output\\ConsoleOutput))
#15 /app/vendor/symfony/console/Application.php(195): Magento\\Framework\\Console\\Cli->doRun(Object(Symfony\\Component\\Console\\Input\\ArgvInput), Object(Symfony\\Component\\Console\\Output\\ConsoleOutput))
#16 /app/bin/magento(23): Symfony\\Component\\Console\\Application->run()
#17 {main}"} []
[2026-05-15T00:27:07.544894+00:00] main.DEBUG: cache_invalidate:  {"method":"GET","url":"http:/","invalidateInfo":{"tags":["MAGE"],"mode":"matchingTag"}} []
[2026-05-15T00:27:07.545118+00:00] main.DEBUG: cache_invalidate:  {"method":"GET","url":"http:/","invalidateInfo":{"tags":[],"mode":"all"},"trace":"Exception: full purge of cache storage triggered in /app/vendor/magento/framework/Cache/InvalidateLogger.php:52
Stack trace:
#0 /app/vendor/magento/framework/Cache/Frontend/Decorator/Logger.php(62): Magento\\Framework\\Cache\\InvalidateLogger->execute(Array)
#1 /app/vendor/magento/framework/Cache/Frontend/Decorator/Logger.php(50): Magento\\Framework\\Cache\\Frontend\\Decorator\\Logger->log(Array)
#2 /app/vendor/magento/framework/Cache/Frontend/Decorator/Bare.php(92): Magento\\Framework\\Cache\\Frontend\\Decorator\\Logger->clean('all', Array)
#3 /app/vendor/magento/framework/App/Cache/Type/AccessProxy.php(110): Magento\\Framework\\Cache\\Frontend\\Decorator\\Bare->clean('all', Array)
#4 /app/vendor/magento/framework/App/Cache/Manager.php(111): Magento\\Framework\\App\\Cache\\Type\\AccessProxy->clean()
#5 /app/vendor/magento/module-backend/Console/Command/CacheFlushCommand.php(39): Magento\\Framework\\App\\Cache\\Manager->flush(Array)
#6 /app/vendor/magento/module-backend/Console/Command/AbstractCacheTypeManageCommand.php(64): Magento\\Backend\\Console\\Command\\CacheFlushCommand->performAction(Array)
#7 /app/vendor/symfony/console/Command/Command.php(341): Magento\\Backend\\Console\\Command\\AbstractCacheTypeManageCommand->execute(Object(Symfony\\Component\\Console\\Input\\ArgvInput), Object(Symfony\\Component\\Console\\Output\\ConsoleOutput))
#8 /app/vendor/magento/framework/Interception/Interceptor.php(58): Symfony\\Component\\Console\\Command\\Command->run(Object(Symfony\\Component\\Console\\Input\\ArgvInput), Object(Symfony\\Component\\Console\\Output\\ConsoleOutput))
#9 /app/vendor/magento/framework/Interception/Interceptor.php(138): Magento\\Backend\\Console\\Command\\CacheFlushCommand\\Interceptor->___callParent('run', Array)
#10 /app/vendor/magento/framework/Interception/Interceptor.php(153): Magento\\Backend\\Console\\Command\\CacheFlushCommand\\Interceptor->{closure:Magento\\Framework\\Interception\\Interceptor::___callPlugins():104}(Object(Symfony\\Component\\Console\\Input\\ArgvInput), Object(Symfony\\Component\\Console\\Output\\ConsoleOutput))
#11 /app/generated/code/Magento/Backend/Console/Command/CacheFlushCommand/Interceptor.php(77): Magento\\Backend\\Console\\Command\\CacheFlushCommand\\Interceptor->___callPlugins('run', Array, Array)
#12 /app/vendor/symfony/console/Application.php(1094): Magento\\Backend\\Console\\Command\\CacheFlushCommand\\Interceptor->run(Object(Symfony\\Component\\Console\\Input\\ArgvInput), Object(Symfony\\Component\\Console\\Output\\ConsoleOutput))
#13 /app/vendor/symfony/console/Application.php(356): Symfony\\Component\\Console\\Application->doRunCommand(Object(Magento\\Backend\\Console\\Command\\CacheFlushCommand\\Interceptor), Object(Symfony\\Component\\Console\\Input\\ArgvInput), Object(Symfony\\Component\\Console\\Output\\ConsoleOutput))
#14 /app/vendor/magento/framework/Console/Cli.php(137): Symfony\\Component\\Console\\Application->doRun(Object(Symfony\\Component\\Console\\Input\\ArgvInput), Object(Symfony\\Component\\Console\\Output\\ConsoleOutput))
#15 /app/vendor/symfony/console/Application.php(195): Magento\\Framework\\Console\\Cli->doRun(Object(Symfony\\Component\\Console\\Input\\ArgvInput), Object(Symfony\\Component\\Console\\Output\\ConsoleOutput))
#16 /app/bin/magento(23): Symfony\\Component\\Console\\Application->run()
#17 {main}"} []
[2026-05-15T00:27:07.547224+00:00] main.DEBUG: cache_invalidate:  {"method":"GET","url":"http:/","invalidateInfo":{"tags":["MAGE"],"mode":"matchingTag"}} []
[2026-05-15T00:27:07.547409+00:00] main.DEBUG: cache_invalidate:  {"method":"GET","url":"http:/","invalidateInfo":{"tags":[],"mode":"all"},"trace":"Exception: full purge of cache storage triggered in /app/vendor/magento/framework/Cache/InvalidateLogger.php:52
Stack trace:
#0 /app/vendor/magento/framework/Cache/Frontend/Decorator/Logger.php(62): Magento\\Framework\\Cache\\InvalidateLogger->execute(Array)
#1 /app/vendor/magento/framework/Cache/Frontend/Decorator/Logger.php(50): Magento\\Framework\\Cache\\Frontend\\Decorator\\Logger->log(Array)
#2 /app/vendor/magento/framework/Cache/Frontend/Decorator/Bare.php(92): Magento\\Framework\\Cache\\Frontend\\Decorator\\Logger->clean('all', Array)
#3 /app/vendor/magento/framework/App/Cache/Type/AccessProxy.php(110): Magento\\Framework\\Cache\\Frontend\\Decorator\\Bare->clean('all', Array)
#4 /app/vendor/magento/framework/App/Cache/Manager.php(111): Magento\\Framework\\App\\Cache\\Type\\AccessProxy->clean()
#5 /app/vendor/magento/module-backend/Console/Command/CacheFlushCommand.php(39): Magento\\Framework\\App\\Cache\\Manager->flush(Array)
#6 /app/vendor/magento/module-backend/Console/Command/AbstractCacheTypeManageCommand.php(64): Magento\\Backend\\Console\\Command\\CacheFlushCommand->performAction(Array)
#7 /app/vendor/symfony/console/Command/Command.php(341): Magento\\Backend\\Console\\Command\\AbstractCacheTypeManageCommand->execute(Object(Symfony\\Component\\Console\\Input\\ArgvInput), Object(Symfony\\Component\\Console\\Output\\ConsoleOutput))
#8 /app/vendor/magento/framework/Interception/Interceptor.php(58): Symfony\\Component\\Console\\Command\\Command->run(Object(Symfony\\Component\\Console\\Input\\ArgvInput), Object(Symfony\\Component\\Console\\Output\\ConsoleOutput))
#9 /app/vendor/magento/framework/Interception/Interceptor.php(138): Magento\\Backend\\Console\\Command\\CacheFlushCommand\\Interceptor->___callParent('run', Array)
#10 /app/vendor/magento/framework/Interception/Interceptor.php(153): Magento\\Backend\\Console\\Command\\CacheFlushCommand\\Interceptor->{closure:Magento\\Framework\\Interception\\Interceptor::___callPlugins():104}(Object(Symfony\\Component\\Console\\Input\\ArgvInput), Object(Symfony\\Component\\Console\\Output\\ConsoleOutput))
#11 /app/generated/code/Magento/Backend/Console/Command/CacheFlushCommand/Interceptor.php(77): Magento\\Backend\\Console\\Command\\CacheFlushCommand\\Interceptor->___callPlugins('run', Array, Array)
#12 /app/vendor/symfony/console/Application.php(1094): Magento\\Backend\\Console\\Command\\CacheFlushCommand\\Interceptor->run(Object(Symfony\\Component\\Console\\Input\\ArgvInput), Object(Symfony\\Component\\Console\\Output\\ConsoleOutput))
#13 /app/vendor/symfony/console/Application.php(356): Symfony\\Component\\Console\\Application->doRunCommand(Object(Magento\\Backend\\Console\\Command\\CacheFlushCommand\\Interceptor), Object(Symfony\\Component\\Console\\Input\\ArgvInput), Object(Symfony\\Component\\Console\\Output\\ConsoleOutput))
#14 /app/vendor/magento/framework/Console/Cli.php(137): Symfony\\Component\\Console\\Application->doRun(Object(Symfony\\Component\\Console\\Input\\ArgvInput), Object(Symfony\\Component\\Console\\Output\\ConsoleOutput))
#15 /app/vendor/symfony/console/Application.php(195): Magento\\Framework\\Console\\Cli->doRun(Object(Symfony\\Component\\Console\\Input\\ArgvInput), Object(Symfony\\Component\\Console\\Output\\ConsoleOutput))
#16 /app/bin/magento(23): Symfony\\Component\\Console\\Application->run()
#17 {main}"} []
[2026-05-15T00:27:07.549331+00:00] main.DEBUG: cache_invalidate:  {"method":"GET","url":"http:/","invalidateInfo":{"tags":["MAGE"],"mode":"matchingTag"}} []
[2026-05-15T00:27:07.549591+00:00] main.DEBUG: cache_invalidate:  {"method":"GET","url":"http:/","invalidateInfo":{"tags":[],"mode":"all"},"trace":"Exception: full purge of cache storage triggered in /app/vendor/magento/framework/Cache/InvalidateLogger.php:52
Stack trace:
#0 /app/vendor/magento/framework/Cache/Frontend/Decorator/Logger.php(62): Magento\\Framework\\Cache\\InvalidateLogger->execute(Array)
#1 /app/vendor/magento/framework/Cache/Frontend/Decorator/Logger.php(50): Magento\\Framework\\Cache\\Frontend\\Decorator\\Logger->log(Array)
#2 /app/vendor/magento/framework/Cache/Frontend/Decorator/Bare.php(92): Magento\\Framework\\Cache\\Frontend\\Decorator\\Logger->clean('all', Array)
#3 /app/vendor/magento/framework/App/Cache/Type/AccessProxy.php(110): Magento\\Framework\\Cache\\Frontend\\Decorator\\Bare->clean('all', Array)
#4 /app/vendor/magento/framework/App/Cache/Manager.php(111): Magento\\Framework\\App\\Cache\\Type\\AccessProxy->clean()
#5 /app/vendor/magento/module-backend/Console/Command/CacheFlushCommand.php(39): Magento\\Framework\\App\\Cache\\Manager->flush(Array)
#6 /app/vendor/magento/module-backend/Console/Command/AbstractCacheTypeManageCommand.php(64): Magento\\Backend\\Console\\Command\\CacheFlushCommand->performAction(Array)
#7 /app/vendor/symfony/console/Command/Command.php(341): Magento\\Backend\\Console\\Command\\AbstractCacheTypeManageCommand->execute(Object(Symfony\\Component\\Console\\Input\\ArgvInput), Object(Symfony\\Component\\Console\\Output\\ConsoleOutput))
#8 /app/vendor/magento/framework/Interception/Interceptor.php(58): Symfony\\Component\\Console\\Command\\Command->run(Object(Symfony\\Component\\Console\\Input\\ArgvInput), Object(Symfony\\Component\\Console\\Output\\ConsoleOutput))
#9 /app/vendor/magento/framework/Interception/Interceptor.php(138): Magento\\Backend\\Console\\Command\\CacheFlushCommand\\Interceptor->___callParent('run', Array)
#10 /app/vendor/magento/framework/Interception/Interceptor.php(153): Magento\\Backend\\Console\\Command\\CacheFlushCommand\\Interceptor->{closure:Magento\\Framework\\Interception\\Interceptor::___callPlugins():104}(Object(Symfony\\Component\\Console\\Input\\ArgvInput), Object(Symfony\\Component\\Console\\Output\\ConsoleOutput))
#11 /app/generated/code/Magento/Backend/Console/Command/CacheFlushCommand/Interceptor.php(77): Magento\\Backend\\Console\\Command\\CacheFlushCommand\\Interceptor->___callPlugins('run', Array, Array)
#12 /app/vendor/symfony/console/Application.php(1094): Magento\\Backend\\Console\\Command\\CacheFlushCommand\\Interceptor->run(Object(Symfony\\Component\\Console\\Input\\ArgvInput), Object(Symfony\\Component\\Console\\Output\\ConsoleOutput))
#13 /app/vendor/symfony/console/Application.php(356): Symfony\\Component\\Console\\Application->doRunCommand(Object(Magento\\Backend\\Console\\Command\\CacheFlushCommand\\Interceptor), Object(Symfony\\Component\\Console\\Input\\ArgvInput), Object(Symfony\\Component\\Console\\Output\\ConsoleOutput))
#14 /app/vendor/magento/framework/Console/Cli.php(137): Symfony\\Component\\Console\\Application->doRun(Object(Symfony\\Component\\Console\\Input\\ArgvInput), Object(Symfony\\Component\\Console\\Output\\ConsoleOutput))
#15 /app/vendor/symfony/console/Application.php(195): Magento\\Framework\\Console\\Cli->doRun(Object(Symfony\\Component\\Console\\Input\\ArgvInput), Object(Symfony\\Component\\Console\\Output\\ConsoleOutput))
#16 /app/bin/magento(23): Symfony\\Component\\Console\\Application->run()
#17 {main}"} []
[2026-05-15T00:27:07.551889+00:00] main.DEBUG: cache_invalidate:  {"method":"GET","url":"http:/","invalidateInfo":{"tags":["MAGE"],"mode":"matchingTag"}} []
[2026-05-15T00:27:07.552132+00:00] main.DEBUG: cache_invalidate:  {"method":"GET","url":"http:/","invalidateInfo":{"tags":[],"mode":"all"},"trace":"Exception: full purge of cache storage triggered in /app/vendor/magento/framework/Cache/InvalidateLogger.php:52
Stack trace:
#0 /app/vendor/magento/framework/Cache/Frontend/Decorator/Logger.php(62): Magento\\Framework\\Cache\\InvalidateLogger->execute(Array)
#1 /app/vendor/magento/framework/Cache/Frontend/Decorator/Logger.php(50): Magento\\Framework\\Cache\\Frontend\\Decorator\\Logger->log(Array)
#2 /app/vendor/magento/framework/Cache/Frontend/Decorator/Bare.php(92): Magento\\Framework\\Cache\\Frontend\\Decorator\\Logger->clean('all', Array)
#3 /app/vendor/magento/framework/App/Cache/Type/AccessProxy.php(110): Magento\\Framework\\Cache\\Frontend\\Decorator\\Bare->clean('all', Array)
#4 /app/vendor/magento/framework/App/Cache/Manager.php(111): Magento\\Framework\\App\\Cache\\Type\\AccessProxy->clean()
#5 /app/vendor/magento/module-backend/Console/Command/CacheFlushCommand.php(39): Magento\\Framework\\App\\Cache\\Manager->flush(Array)
#6 /app/vendor/magento/module-backend/Console/Command/AbstractCacheTypeManageCommand.php(64): Magento\\Backend\\Console\\Command\\CacheFlushCommand->performAction(Array)
#7 /app/vendor/symfony/console/Command/Command.php(341): Magento\\Backend\\Console\\Command\\AbstractCacheTypeManageCommand->execute(Object(Symfony\\Component\\Console\\Input\\ArgvInput), Object(Symfony\\Component\\Console\\Output\\ConsoleOutput))
#8 /app/vendor/magento/framework/Interception/Interceptor.php(58): Symfony\\Component\\Console\\Command\\Command->run(Object(Symfony\\Component\\Console\\Input\\ArgvInput), Object(Symfony\\Component\\Console\\Output\\ConsoleOutput))
#9 /app/vendor/magento/framework/Interception/Interceptor.php(138): Magento\\Backend\\Console\\Command\\CacheFlushCommand\\Interceptor->___callParent('run', Array)
#10 /app/vendor/magento/framework/Interception/Interceptor.php(153): Magento\\Backend\\Console\\Command\\CacheFlushCommand\\Interceptor->{closure:Magento\\Framework\\Interception\\Interceptor::___callPlugins():104}(Object(Symfony\\Component\\Console\\Input\\ArgvInput), Object(Symfony\\Component\\Console\\Output\\ConsoleOutput))
#11 /app/generated/code/Magento/Backend/Console/Command/CacheFlushCommand/Interceptor.php(77): Magento\\Backend\\Console\\Command\\CacheFlushCommand\\Interceptor->___callPlugins('run', Array, Array)
#12 /app/vendor/symfony/console/Application.php(1094): Magento\\Backend\\Console\\Command\\CacheFlushCommand\\Interceptor->run(Object(Symfony\\Component\\Console\\Input\\ArgvInput), Object(Symfony\\Component\\Console\\Output\\ConsoleOutput))
#13 /app/vendor/symfony/console/Application.php(356): Symfony\\Component\\Console\\Application->doRunCommand(Object(Magento\\Backend\\Console\\Command\\CacheFlushCommand\\Interceptor), Object(Symfony\\Component\\Console\\Input\\ArgvInput), Object(Symfony\\Component\\Console\\Output\\ConsoleOutput))
#14 /app/vendor/magento/framework/Console/Cli.php(137): Symfony\\Component\\Console\\Application->doRun(Object(Symfony\\Component\\Console\\Input\\ArgvInput), Object(Symfony\\Component\\Console\\Output\\ConsoleOutput))
#15 /app/vendor/symfony/console/Application.php(195): Magento\\Framework\\Console\\Cli->doRun(Object(Symfony\\Component\\Console\\Input\\ArgvInput), Object(Symfony\\Component\\Console\\Output\\ConsoleOutput))
#16 /app/bin/magento(23): Symfony\\Component\\Console\\Application->run()
#17 {main}"} []
[2026-05-15T00:27:07.554070+00:00] main.DEBUG: cache_invalidate:  {"method":"GET","url":"http:/","invalidateInfo":{"tags":["MAGE"],"mode":"matchingTag"}} []
[2026-05-15T00:27:07.554242+00:00] main.DEBUG: cache_invalidate:  {"method":"GET","url":"http:/","invalidateInfo":{"tags":[],"mode":"all"},"trace":"Exception: full purge of cache storage triggered in /app/vendor/magento/framework/Cache/InvalidateLogger.php:52
Stack trace:
#0 /app/vendor/magento/framework/Cache/Frontend/Decorator/Logger.php(62): Magento\\Framework\\Cache\\InvalidateLogger->execute(Array)
#1 /app/vendor/magento/framework/Cache/Frontend/Decorator/Logger.php(50): Magento\\Framework\\Cache\\Frontend\\Decorator\\Logger->log(Array)
#2 /app/vendor/magento/framework/Cache/Frontend/Decorator/Bare.php(92): Magento\\Framework\\Cache\\Frontend\\Decorator\\Logger->clean('all', Array)
#3 /app/vendor/magento/framework/App/Cache/Type/AccessProxy.php(110): Magento\\Framework\\Cache\\Frontend\\Decorator\\Bare->clean('all', Array)
#4 /app/vendor/magento/framework/App/Cache/Manager.php(111): Magento\\Framework\\App\\Cache\\Type\\AccessProxy->clean()
#5 /app/vendor/magento/module-backend/Console/Command/CacheFlushCommand.php(39): Magento\\Framework\\App\\Cache\\Manager->flush(Array)
#6 /app/vendor/magento/module-backend/Console/Command/AbstractCacheTypeManageCommand.php(64): Magento\\Backend\\Console\\Command\\CacheFlushCommand->performAction(Array)
#7 /app/vendor/symfony/console/Command/Command.php(341): Magento\\Backend\\Console\\Command\\AbstractCacheTypeManageCommand->execute(Object(Symfony\\Component\\Console\\Input\\ArgvInput), Object(Symfony\\Component\\Console\\Output\\ConsoleOutput))
#8 /app/vendor/magento/framework/Interception/Interceptor.php(58): Symfony\\Component\\Console\\Command\\Command->run(Object(Symfony\\Component\\Console\\Input\\ArgvInput), Object(Symfony\\Component\\Console\\Output\\ConsoleOutput))
#9 /app/vendor/magento/framework/Interception/Interceptor.php(138): Magento\\Backend\\Console\\Command\\CacheFlushCommand\\Interceptor->___callParent('run', Array)
#10 /app/vendor/magento/framework/Interception/Interceptor.php(153): Magento\\Backend\\Console\\Command\\CacheFlushCommand\\Interceptor->{closure:Magento\\Framework\\Interception\\Interceptor::___callPlugins():104}(Object(Symfony\\Component\\Console\\Input\\ArgvInput), Object(Symfony\\Component\\Console\\Output\\ConsoleOutput))
#11 /app/generated/code/Magento/Backend/Console/Command/CacheFlushCommand/Interceptor.php(77): Magento\\Backend\\Console\\Command\\CacheFlushCommand\\Interceptor->___callPlugins('run', Array, Array)
#12 /app/vendor/symfony/console/Application.php(1094): Magento\\Backend\\Console\\Command\\CacheFlushCommand\\Interceptor->run(Object(Symfony\\Component\\Console\\Input\\ArgvInput), Object(Symfony\\Component\\Console\\Output\\ConsoleOutput))
#13 /app/vendor/symfony/console/Application.php(356): Symfony\\Component\\Console\\Application->doRunCommand(Object(Magento\\Backend\\Console\\Command\\CacheFlushCommand\\Interceptor), Object(Symfony\\Component\\Console\\Input\\ArgvInput), Object(Symfony\\Component\\Console\\Output\\ConsoleOutput))
#14 /app/vendor/magento/framework/Console/Cli.php(137): Symfony\\Component\\Console\\Application->doRun(Object(Symfony\\Component\\Console\\Input\\ArgvInput), Object(Symfony\\Component\\Console\\Output\\ConsoleOutput))
#15 /app/vendor/symfony/console/Application.php(195): Magento\\Framework\\Console\\Cli->doRun(Object(Symfony\\Component\\Console\\Input\\ArgvInput), Object(Symfony\\Component\\Console\\Output\\ConsoleOutput))
#16 /app/bin/magento(23): Symfony\\Component\\Console\\Application->run()
#17 {main}"} []
[2026-05-15T00:27:07.556536+00:00] main.DEBUG: cache_invalidate:  {"method":"GET","url":"http:/","invalidateInfo":{"tags":["MAGE"],"mode":"matchingTag"}} []
[2026-05-15T00:27:07.556746+00:00] main.DEBUG: cache_invalidate:  {"method":"GET","url":"http:/","invalidateInfo":{"tags":[],"mode":"all"},"trace":"Exception: full purge of cache storage triggered in /app/vendor/magento/framework/Cache/InvalidateLogger.php:52
Stack trace:
#0 /app/vendor/magento/framework/Cache/Frontend/Decorator/Logger.php(62): Magento\\Framework\\Cache\\InvalidateLogger->execute(Array)
#1 /app/vendor/magento/framework/Cache/Frontend/Decorator/Logger.php(50): Magento\\Framework\\Cache\\Frontend\\Decorator\\Logger->log(Array)
#2 /app/vendor/magento/framework/Cache/Frontend/Decorator/Bare.php(92): Magento\\Framework\\Cache\\Frontend\\Decorator\\Logger->clean('all', Array)
#3 /app/vendor/magento/framework/App/Cache/Type/AccessProxy.php(110): Magento\\Framework\\Cache\\Frontend\\Decorator\\Bare->clean('all', Array)
#4 /app/vendor/magento/framework/App/Cache/Manager.php(111): Magento\\Framework\\App\\Cache\\Type\\AccessProxy->clean()
#5 /app/vendor/magento/module-backend/Console/Command/CacheFlushCommand.php(39): Magento\\Framework\\App\\Cache\\Manager->flush(Array)
#6 /app/vendor/magento/module-backend/Console/Command/AbstractCacheTypeManageCommand.php(64): Magento\\Backend\\Console\\Command\\CacheFlushCommand->performAction(Array)
#7 /app/vendor/symfony/console/Command/Command.php(341): Magento\\Backend\\Console\\Command\\AbstractCacheTypeManageCommand->execute(Object(Symfony\\Component\\Console\\Input\\ArgvInput), Object(Symfony\\Component\\Console\\Output\\ConsoleOutput))
#8 /app/vendor/magento/framework/Interception/Interceptor.php(58): Symfony\\Component\\Console\\Command\\Command->run(Object(Symfony\\Component\\Console\\Input\\ArgvInput), Object(Symfony\\Component\\Console\\Output\\ConsoleOutput))
#9 /app/vendor/magento/framework/Interception/Interceptor.php(138): Magento\\Backend\\Console\\Command\\CacheFlushCommand\\Interceptor->___callParent('run', Array)
#10 /app/vendor/magento/framework/Interception/Interceptor.php(153): Magento\\Backend\\Console\\Command\\CacheFlushCommand\\Interceptor->{closure:Magento\\Framework\\Interception\\Interceptor::___callPlugins():104}(Object(Symfony\\Component\\Console\\Input\\ArgvInput), Object(Symfony\\Component\\Console\\Output\\ConsoleOutput))
#11 /app/generated/code/Magento/Backend/Console/Command/CacheFlushCommand/Interceptor.php(77): Magento\\Backend\\Console\\Command\\CacheFlushCommand\\Interceptor->___callPlugins('run', Array, Array)
#12 /app/vendor/symfony/console/Application.php(1094): Magento\\Backend\\Console\\Command\\CacheFlushCommand\\Interceptor->run(Object(Symfony\\Component\\Console\\Input\\ArgvInput), Object(Symfony\\Component\\Console\\Output\\ConsoleOutput))
#13 /app/vendor/symfony/console/Application.php(356): Symfony\\Component\\Console\\Application->doRunCommand(Object(Magento\\Backend\\Console\\Command\\CacheFlushCommand\\Interceptor), Object(Symfony\\Component\\Console\\Input\\ArgvInput), Object(Symfony\\Component\\Console\\Output\\ConsoleOutput))
#14 /app/vendor/magento/framework/Console/Cli.php(137): Symfony\\Component\\Console\\Application->doRun(Object(Symfony\\Component\\Console\\Input\\ArgvInput), Object(Symfony\\Component\\Console\\Output\\ConsoleOutput))
#15 /app/vendor/symfony/console/Application.php(195): Magento\\Framework\\Console\\Cli->doRun(Object(Symfony\\Component\\Console\\Input\\ArgvInput), Object(Symfony\\Component\\Console\\Output\\ConsoleOutput))
#16 /app/bin/magento(23): Symfony\\Component\\Console\\Application->run()
#17 {main}"} []
[2026-05-15T00:27:07.558676+00:00] main.DEBUG: cache_invalidate:  {"method":"GET","url":"http:/","invalidateInfo":{"tags":["MAGE"],"mode":"matchingTag"}} []
[2026-05-15T00:27:07.558952+00:00] main.DEBUG: cache_invalidate:  {"method":"GET","url":"http:/","invalidateInfo":{"tags":[],"mode":"all"},"trace":"Exception: full purge of cache storage triggered in /app/vendor/magento/framework/Cache/InvalidateLogger.php:52
Stack trace:
#0 /app/vendor/magento/framework/Cache/Frontend/Decorator/Logger.php(62): Magento\\Framework\\Cache\\InvalidateLogger->execute(Array)
#1 /app/vendor/magento/framework/Cache/Frontend/Decorator/Logger.php(50): Magento\\Framework\\Cache\\Frontend\\Decorator\\Logger->log(Array)
#2 /app/vendor/magento/framework/Cache/Frontend/Decorator/Bare.php(92): Magento\\Framework\\Cache\\Frontend\\Decorator\\Logger->clean('all', Array)
#3 /app/vendor/magento/framework/App/Cache/Type/AccessProxy.php(110): Magento\\Framework\\Cache\\Frontend\\Decorator\\Bare->clean('all', Array)
#4 /app/vendor/magento/framework/App/Cache/Manager.php(111): Magento\\Framework\\App\\Cache\\Type\\AccessProxy->clean()
#5 /app/vendor/magento/module-backend/Console/Command/CacheFlushCommand.php(39): Magento\\Framework\\App\\Cache\\Manager->flush(Array)
#6 /app/vendor/magento/module-backend/Console/Command/AbstractCacheTypeManageCommand.php(64): Magento\\Backend\\Console\\Command\\CacheFlushCommand->performAction(Array)
#7 /app/vendor/symfony/console/Command/Command.php(341): Magento\\Backend\\Console\\Command\\AbstractCacheTypeManageCommand->execute(Object(Symfony\\Component\\Console\\Input\\ArgvInput), Object(Symfony\\Component\\Console\\Output\\ConsoleOutput))
#8 /app/vendor/magento/framework/Interception/Interceptor.php(58): Symfony\\Component\\Console\\Command\\Command->run(Object(Symfony\\Component\\Console\\Input\\ArgvInput), Object(Symfony\\Component\\Console\\Output\\ConsoleOutput))
#9 /app/vendor/magento/framework/Interception/Interceptor.php(138): Magento\\Backend\\Console\\Command\\CacheFlushCommand\\Interceptor->___callParent('run', Array)
#10 /app/vendor/magento/framework/Interception/Interceptor.php(153): Magento\\Backend\\Console\\Command\\CacheFlushCommand\\Interceptor->{closure:Magento\\Framework\\Interception\\Interceptor::___callPlugins():104}(Object(Symfony\\Component\\Console\\Input\\ArgvInput), Object(Symfony\\Component\\Console\\Output\\ConsoleOutput))
#11 /app/generated/code/Magento/Backend/Console/Command/CacheFlushCommand/Interceptor.php(77): Magento\\Backend\\Console\\Command\\CacheFlushCommand\\Interceptor->___callPlugins('run', Array, Array)
#12 /app/vendor/symfony/console/Application.php(1094): Magento\\Backend\\Console\\Command\\CacheFlushCommand\\Interceptor->run(Object(Symfony\\Component\\Console\\Input\\ArgvInput), Object(Symfony\\Component\\Console\\Output\\ConsoleOutput))
#13 /app/vendor/symfony/console/Application.php(356): Symfony\\Component\\Console\\Application->doRunCommand(Object(Magento\\Backend\\Console\\Command\\CacheFlushCommand\\Interceptor), Object(Symfony\\Component\\Console\\Input\\ArgvInput), Object(Symfony\\Component\\Console\\Output\\ConsoleOutput))
#14 /app/vendor/magento/framework/Console/Cli.php(137): Symfony\\Component\\Console\\Application->doRun(Object(Symfony\\Component\\Console\\Input\\ArgvInput), Object(Symfony\\Component\\Console\\Output\\ConsoleOutput))
#15 /app/vendor/symfony/console/Application.php(195): Magento\\Framework\\Console\\Cli->doRun(Object(Symfony\\Component\\Console\\Input\\ArgvInput), Object(Symfony\\Component\\Console\\Output\\ConsoleOutput))
#16 /app/bin/magento(23): Symfony\\Component\\Console\\Application->run()
#17 {main}"} []
[2026-05-15T00:27:07.561227+00:00] main.DEBUG: cache_invalidate:  {"method":"GET","url":"http:/","invalidateInfo":{"tags":["MAGE"],"mode":"matchingTag"}} []
[2026-05-15T00:27:07.561415+00:00] main.DEBUG: cache_invalidate:  {"method":"GET","url":"http:/","invalidateInfo":{"tags":[],"mode":"all"},"trace":"Exception: full purge of cache storage triggered in /app/vendor/magento/framework/Cache/InvalidateLogger.php:52
Stack trace:
#0 /app/vendor/magento/framework/Cache/Frontend/Decorator/Logger.php(62): Magento\\Framework\\Cache\\InvalidateLogger->execute(Array)
#1 /app/vendor/magento/framework/Cache/Frontend/Decorator/Logger.php(50): Magento\\Framework\\Cache\\Frontend\\Decorator\\Logger->log(Array)
#2 /app/vendor/magento/framework/Cache/Frontend/Decorator/Bare.php(92): Magento\\Framework\\Cache\\Frontend\\Decorator\\Logger->clean('all', Array)
#3 /app/vendor/magento/framework/App/Cache/Type/AccessProxy.php(110): Magento\\Framework\\Cache\\Frontend\\Decorator\\Bare->clean('all', Array)
#4 /app/vendor/magento/framework/App/Cache/Manager.php(111): Magento\\Framework\\App\\Cache\\Type\\AccessProxy->clean()
#5 /app/vendor/magento/module-backend/Console/Command/CacheFlushCommand.php(39): Magento\\Framework\\App\\Cache\\Manager->flush(Array)
#6 /app/vendor/magento/module-backend/Console/Command/AbstractCacheTypeManageCommand.php(64): Magento\\Backend\\Console\\Command\\CacheFlushCommand->performAction(Array)
#7 /app/vendor/symfony/console/Command/Command.php(341): Magento\\Backend\\Console\\Command\\AbstractCacheTypeManageCommand->execute(Object(Symfony\\Component\\Console\\Input\\ArgvInput), Object(Symfony\\Component\\Console\\Output\\ConsoleOutput))
#8 /app/vendor/magento/framework/Interception/Interceptor.php(58): Symfony\\Component\\Console\\Command\\Command->run(Object(Symfony\\Component\\Console\\Input\\ArgvInput), Object(Symfony\\Component\\Console\\Output\\ConsoleOutput))
#9 /app/vendor/magento/framework/Interception/Interceptor.php(138): Magento\\Backend\\Console\\Command\\CacheFlushCommand\\Interceptor->___callParent('run', Array)
#10 /app/vendor/magento/framework/Interception/Interceptor.php(153): Magento\\Backend\\Console\\Command\\CacheFlushCommand\\Interceptor->{closure:Magento\\Framework\\Interception\\Interceptor::___callPlugins():104}(Object(Symfony\\Component\\Console\\Input\\ArgvInput), Object(Symfony\\Component\\Console\\Output\\ConsoleOutput))
#11 /app/generated/code/Magento/Backend/Console/Command/CacheFlushCommand/Interceptor.php(77): Magento\\Backend\\Console\\Command\\CacheFlushCommand\\Interceptor->___callPlugins('run', Array, Array)
#12 /app/vendor/symfony/console/Application.php(1094): Magento\\Backend\\Console\\Command\\CacheFlushCommand\\Interceptor->run(Object(Symfony\\Component\\Console\\Input\\ArgvInput), Object(Symfony\\Component\\Console\\Output\\ConsoleOutput))
#13 /app/vendor/symfony/console/Application.php(356): Symfony\\Component\\Console\\Application->doRunCommand(Object(Magento\\Backend\\Console\\Command\\CacheFlushCommand\\Interceptor), Object(Symfony\\Component\\Console\\Input\\ArgvInput), Object(Symfony\\Component\\Console\\Output\\ConsoleOutput))
#14 /app/vendor/magento/framework/Console/Cli.php(137): Symfony\\Component\\Console\\Application->doRun(Object(Symfony\\Component\\Console\\Input\\ArgvInput), Object(Symfony\\Component\\Console\\Output\\ConsoleOutput))
#15 /app/vendor/symfony/console/Application.php(195): Magento\\Framework\\Console\\Cli->doRun(Object(Symfony\\Component\\Console\\Input\\ArgvInput), Object(Symfony\\Component\\Console\\Output\\ConsoleOutput))
#16 /app/bin/magento(23): Symfony\\Component\\Console\\Application->run()
#17 {main}"} []
[2026-05-15T00:27:07.563270+00:00] main.DEBUG: cache_invalidate:  {"method":"GET","url":"http:/","invalidateInfo":{"tags":["MAGE"],"mode":"matchingTag"}} []
[2026-05-15T00:27:07.563451+00:00] main.DEBUG: cache_invalidate:  {"method":"GET","url":"http:/","invalidateInfo":{"tags":[],"mode":"all"},"trace":"Exception: full purge of cache storage triggered in /app/vendor/magento/framework/Cache/InvalidateLogger.php:52
Stack trace:
#0 /app/vendor/magento/framework/Cache/Frontend/Decorator/Logger.php(62): Magento\\Framework\\Cache\\InvalidateLogger->execute(Array)
#1 /app/vendor/magento/framework/Cache/Frontend/Decorator/Logger.php(50): Magento\\Framework\\Cache\\Frontend\\Decorator\\Logger->log(Array)
#2 /app/vendor/magento/framework/Cache/Frontend/Decorator/Bare.php(92): Magento\\Framework\\Cache\\Frontend\\Decorator\\Logger->clean('all', Array)
#3 /app/vendor/magento/framework/App/Cache/Type/AccessProxy.php(110): Magento\\Framework\\Cache\\Frontend\\Decorator\\Bare->clean('all', Array)
#4 /app/vendor/magento/framework/App/Cache/Manager.php(111): Magento\\Framework\\App\\Cache\\Type\\AccessProxy->clean()
#5 /app/vendor/magento/module-backend/Console/Command/CacheFlushCommand.php(39): Magento\\Framework\\App\\Cache\\Manager->flush(Array)
#6 /app/vendor/magento/module-backend/Console/Command/AbstractCacheTypeManageCommand.php(64): Magento\\Backend\\Console\\Command\\CacheFlushCommand->performAction(Array)
#7 /app/vendor/symfony/console/Command/Command.php(341): Magento\\Backend\\Console\\Command\\AbstractCacheTypeManageCommand->execute(Object(Symfony\\Component\\Console\\Input\\ArgvInput), Object(Symfony\\Component\\Console\\Output\\ConsoleOutput))
#8 /app/vendor/magento/framework/Interception/Interceptor.php(58): Symfony\\Component\\Console\\Command\\Command->run(Object(Symfony\\Component\\Console\\Input\\ArgvInput), Object(Symfony\\Component\\Console\\Output\\ConsoleOutput))
#9 /app/vendor/magento/framework/Interception/Interceptor.php(138): Magento\\Backend\\Console\\Command\\CacheFlushCommand\\Interceptor->___callParent('run', Array)
#10 /app/vendor/magento/framework/Interception/Interceptor.php(153): Magento\\Backend\\Console\\Command\\CacheFlushCommand\\Interceptor->{closure:Magento\\Framework\\Interception\\Interceptor::___callPlugins():104}(Object(Symfony\\Component\\Console\\Input\\ArgvInput), Object(Symfony\\Component\\Console\\Output\\ConsoleOutput))
#11 /app/generated/code/Magento/Backend/Console/Command/CacheFlushCommand/Interceptor.php(77): Magento\\Backend\\Console\\Command\\CacheFlushCommand\\Interceptor->___callPlugins('run', Array, Array)
#12 /app/vendor/symfony/console/Application.php(1094): Magento\\Backend\\Console\\Command\\CacheFlushCommand\\Interceptor->run(Object(Symfony\\Component\\Console\\Input\\ArgvInput), Object(Symfony\\Component\\Console\\Output\\ConsoleOutput))
#13 /app/vendor/symfony/console/Application.php(356): Symfony\\Component\\Console\\Application->doRunCommand(Object(Magento\\Backend\\Console\\Command\\CacheFlushCommand\\Interceptor), Object(Symfony\\Component\\Console\\Input\\ArgvInput), Object(Symfony\\Component\\Console\\Output\\ConsoleOutput))
#14 /app/vendor/magento/framework/Console/Cli.php(137): Symfony\\Component\\Console\\Application->doRun(Object(Symfony\\Component\\Console\\Input\\ArgvInput), Object(Symfony\\Component\\Console\\Output\\ConsoleOutput))
#15 /app/vendor/symfony/console/Application.php(195): Magento\\Framework\\Console\\Cli->doRun(Object(Symfony\\Component\\Console\\Input\\ArgvInput), Object(Symfony\\Component\\Console\\Output\\ConsoleOutput))
#16 /app/bin/magento(23): Symfony\\Component\\Console\\Application->run()
#17 {main}"} []
[2026-05-15T00:27:07.565631+00:00] main.DEBUG: cache_invalidate:  {"method":"GET","url":"http:/","invalidateInfo":{"tags":["MAGE"],"mode":"matchingTag"}} []
[2026-05-15T00:27:07.565874+00:00] main.DEBUG: cache_invalidate:  {"method":"GET","url":"http:/","invalidateInfo":{"tags":[],"mode":"all"},"trace":"Exception: full purge of cache storage triggered in /app/vendor/magento/framework/Cache/InvalidateLogger.php:52
Stack trace:
#0 /app/vendor/magento/framework/Cache/Frontend/Decorator/Logger.php(62): Magento\\Framework\\Cache\\InvalidateLogger->execute(Array)
#1 /app/vendor/magento/framework/Cache/Frontend/Decorator/Logger.php(50): Magento\\Framework\\Cache\\Frontend\\Decorator\\Logger->log(Array)
#2 /app/vendor/magento/framework/Cache/Frontend/Decorator/Bare.php(92): Magento\\Framework\\Cache\\Frontend\\Decorator\\Logger->clean('all', Array)
#3 /app/vendor/magento/framework/App/Cache/Type/AccessProxy.php(110): Magento\\Framework\\Cache\\Frontend\\Decorator\\Bare->clean('all', Array)
#4 /app/vendor/magento/framework/App/Cache/Manager.php(111): Magento\\Framework\\App\\Cache\\Type\\AccessProxy->clean()
#5 /app/vendor/magento/module-backend/Console/Command/CacheFlushCommand.php(39): Magento\\Framework\\App\\Cache\\Manager->flush(Array)
#6 /app/vendor/magento/module-backend/Console/Command/AbstractCacheTypeManageCommand.php(64): Magento\\Backend\\Console\\Command\\CacheFlushCommand->performAction(Array)
#7 /app/vendor/symfony/console/Command/Command.php(341): Magento\\Backend\\Console\\Command\\AbstractCacheTypeManageCommand->execute(Object(Symfony\\Component\\Console\\Input\\ArgvInput), Object(Symfony\\Component\\Console\\Output\\ConsoleOutput))
#8 /app/vendor/magento/framework/Interception/Interceptor.php(58): Symfony\\Component\\Console\\Command\\Command->run(Object(Symfony\\Component\\Console\\Input\\ArgvInput), Object(Symfony\\Component\\Console\\Output\\ConsoleOutput))
#9 /app/vendor/magento/framework/Interception/Interceptor.php(138): Magento\\Backend\\Console\\Command\\CacheFlushCommand\\Interceptor->___callParent('run', Array)
#10 /app/vendor/magento/framework/Interception/Interceptor.php(153): Magento\\Backend\\Console\\Command\\CacheFlushCommand\\Interceptor->{closure:Magento\\Framework\\Interception\\Interceptor::___callPlugins():104}(Object(Symfony\\Component\\Console\\Input\\ArgvInput), Object(Symfony\\Component\\Console\\Output\\ConsoleOutput))
#11 /app/generated/code/Magento/Backend/Console/Command/CacheFlushCommand/Interceptor.php(77): Magento\\Backend\\Console\\Command\\CacheFlushCommand\\Interceptor->___callPlugins('run', Array, Array)
#12 /app/vendor/symfony/console/Application.php(1094): Magento\\Backend\\Console\\Command\\CacheFlushCommand\\Interceptor->run(Object(Symfony\\Component\\Console\\Input\\ArgvInput), Object(Symfony\\Component\\Console\\Output\\ConsoleOutput))
#13 /app/vendor/symfony/console/Application.php(356): Symfony\\Component\\Console\\Application->doRunCommand(Object(Magento\\Backend\\Console\\Command\\CacheFlushCommand\\Interceptor), Object(Symfony\\Component\\Console\\Input\\ArgvInput), Object(Symfony\\Component\\Console\\Output\\ConsoleOutput))
#14 /app/vendor/magento/framework/Console/Cli.php(137): Symfony\\Component\\Console\\Application->doRun(Object(Symfony\\Component\\Console\\Input\\ArgvInput), Object(Symfony\\Component\\Console\\Output\\ConsoleOutput))
#15 /app/vendor/symfony/console/Application.php(195): Magento\\Framework\\Console\\Cli->doRun(Object(Symfony\\Component\\Console\\Input\\ArgvInput), Object(Symfony\\Component\\Console\\Output\\ConsoleOutput))
#16 /app/bin/magento(23): Symfony\\Component\\Console\\Application->run()
#17 {main}"} []
[2026-05-15T00:27:07.566289+00:00] main.DEBUG: cache_invalidate:  {"method":"GET","url":"http:/","invalidateInfo":{"tags":["MAGE"],"mode":"matchingTag"}} []
[2026-05-15T00:27:07.566477+00:00] main.DEBUG: cache_invalidate:  {"method":"GET","url":"http:/","invalidateInfo":{"tags":[],"mode":"all"},"trace":"Exception: full purge of cache storage triggered in /app/vendor/magento/framework/Cache/InvalidateLogger.php:52
Stack trace:
#0 /app/vendor/magento/framework/Cache/Frontend/Decorator/Logger.php(62): Magento\\Framework\\Cache\\InvalidateLogger->execute(Array)
#1 /app/vendor/magento/framework/Cache/Frontend/Decorator/Logger.php(50): Magento\\Framework\\Cache\\Frontend\\Decorator\\Logger->log(Array)
#2 /app/vendor/magento/framework/Cache/Frontend/Decorator/Bare.php(92): Magento\\Framework\\Cache\\Frontend\\Decorator\\Logger->clean('all', Array)
#3 /app/vendor/magento/framework/App/Cache/Type/AccessProxy.php(110): Magento\\Framework\\Cache\\Frontend\\Decorator\\Bare->clean('all', Array)
#4 /app/vendor/magento/framework/App/Cache/Manager.php(111): Magento\\Framework\\App\\Cache\\Type\\AccessProxy->clean()
#5 /app/vendor/magento/module-backend/Console/Command/CacheFlushCommand.php(39): Magento\\Framework\\App\\Cache\\Manager->flush(Array)
#6 /app/vendor/magento/module-backend/Console/Command/AbstractCacheTypeManageCommand.php(64): Magento\\Backend\\Console\\Command\\CacheFlushCommand->performAction(Array)
#7 /app/vendor/symfony/console/Command/Command.php(341): Magento\\Backend\\Console\\Command\\AbstractCacheTypeManageCommand->execute(Object(Symfony\\Component\\Console\\Input\\ArgvInput), Object(Symfony\\Component\\Console\\Output\\ConsoleOutput))
#8 /app/vendor/magento/framework/Interception/Interceptor.php(58): Symfony\\Component\\Console\\Command\\Command->run(Object(Symfony\\Component\\Console\\Input\\ArgvInput), Object(Symfony\\Component\\Console\\Output\\ConsoleOutput))
#9 /app/vendor/magento/framework/Interception/Interceptor.php(138): Magento\\Backend\\Console\\Command\\CacheFlushCommand\\Interceptor->___callParent('run', Array)
#10 /app/vendor/magento/framework/Interception/Interceptor.php(153): Magento\\Backend\\Console\\Command\\CacheFlushCommand\\Interceptor->{closure:Magento\\Framework\\Interception\\Interceptor::___callPlugins():104}(Object(Symfony\\Component\\Console\\Input\\ArgvInput), Object(Symfony\\Component\\Console\\Output\\ConsoleOutput))
#11 /app/generated/code/Magento/Backend/Console/Command/CacheFlushCommand/Interceptor.php(77): Magento\\Backend\\Console\\Command\\CacheFlushCommand\\Interceptor->___callPlugins('run', Array, Array)
#12 /app/vendor/symfony/console/Application.php(1094): Magento\\Backend\\Console\\Command\\CacheFlushCommand\\Interceptor->run(Object(Symfony\\Component\\Console\\Input\\ArgvInput), Object(Symfony\\Component\\Console\\Output\\ConsoleOutput))
#13 /app/vendor/symfony/console/Application.php(356): Symfony\\Component\\Console\\Application->doRunCommand(Object(Magento\\Backend\\Console\\Command\\CacheFlushCommand\\Interceptor), Object(Symfony\\Component\\Console\\Input\\ArgvInput), Object(Symfony\\Component\\Console\\Output\\ConsoleOutput))
#14 /app/vendor/magento/framework/Console/Cli.php(137): Symfony\\Component\\Console\\Application->doRun(Object(Symfony\\Component\\Console\\Input\\ArgvInput), Object(Symfony\\Component\\Console\\Output\\ConsoleOutput))
#15 /app/vendor/symfony/console/Application.php(195): Magento\\Framework\\Console\\Cli->doRun(Object(Symfony\\Component\\Console\\Input\\ArgvInput), Object(Symfony\\Component\\Console\\Output\\ConsoleOutput))
#16 /app/bin/magento(23): Symfony\\Component\\Console\\Application->run()
#17 {main}"} []
[2026-05-15T00:27:07.569155+00:00] main.DEBUG: cache_invalidate:  {"method":"GET","url":"http:/","invalidateInfo":{"tags":["MAGE"],"mode":"matchingTag"}} []
[2026-05-15T00:27:07.569401+00:00] main.DEBUG: cache_invalidate:  {"method":"GET","url":"http:/","invalidateInfo":{"tags":[],"mode":"all"},"trace":"Exception: full purge of cache storage triggered in /app/vendor/magento/framework/Cache/InvalidateLogger.php:52
Stack trace:
#0 /app/vendor/magento/framework/Cache/Frontend/Decorator/Logger.php(62): Magento\\Framework\\Cache\\InvalidateLogger->execute(Array)
#1 /app/vendor/magento/framework/Cache/Frontend/Decorator/Logger.php(50): Magento\\Framework\\Cache\\Frontend\\Decorator\\Logger->log(Array)
#2 /app/vendor/magento/framework/Cache/Frontend/Decorator/Bare.php(92): Magento\\Framework\\Cache\\Frontend\\Decorator\\Logger->clean('all', Array)
#3 /app/vendor/magento/framework/App/Cache/Type/AccessProxy.php(110): Magento\\Framework\\Cache\\Frontend\\Decorator\\Bare->clean('all', Array)
#4 /app/vendor/magento/framework/App/Cache/Manager.php(111): Magento\\Framework\\App\\Cache\\Type\\AccessProxy->clean()
#5 /app/vendor/magento/module-backend/Console/Command/CacheFlushCommand.php(39): Magento\\Framework\\App\\Cache\\Manager->flush(Array)
#6 /app/vendor/magento/module-backend/Console/Command/AbstractCacheTypeManageCommand.php(64): Magento\\Backend\\Console\\Command\\CacheFlushCommand->performAction(Array)
#7 /app/vendor/symfony/console/Command/Command.php(341): Magento\\Backend\\Console\\Command\\AbstractCacheTypeManageCommand->execute(Object(Symfony\\Component\\Console\\Input\\ArgvInput), Object(Symfony\\Component\\Console\\Output\\ConsoleOutput))
#8 /app/vendor/magento/framework/Interception/Interceptor.php(58): Symfony\\Component\\Console\\Command\\Command->run(Object(Symfony\\Component\\Console\\Input\\ArgvInput), Object(Symfony\\Component\\Console\\Output\\ConsoleOutput))
#9 /app/vendor/magento/framework/Interception/Interceptor.php(138): Magento\\Backend\\Console\\Command\\CacheFlushCommand\\Interceptor->___callParent('run', Array)
#10 /app/vendor/magento/framework/Interception/Interceptor.php(153): Magento\\Backend\\Console\\Command\\CacheFlushCommand\\Interceptor->{closure:Magento\\Framework\\Interception\\Interceptor::___callPlugins():104}(Object(Symfony\\Component\\Console\\Input\\ArgvInput), Object(Symfony\\Component\\Console\\Output\\ConsoleOutput))
#11 /app/generated/code/Magento/Backend/Console/Command/CacheFlushCommand/Interceptor.php(77): Magento\\Backend\\Console\\Command\\CacheFlushCommand\\Interceptor->___callPlugins('run', Array, Array)
#12 /app/vendor/symfony/console/Application.php(1094): Magento\\Backend\\Console\\Command\\CacheFlushCommand\\Interceptor->run(Object(Symfony\\Component\\Console\\Input\\ArgvInput), Object(Symfony\\Component\\Console\\Output\\ConsoleOutput))
#13 /app/vendor/symfony/console/Application.php(356): Symfony\\Component\\Console\\Application->doRunCommand(Object(Magento\\Backend\\Console\\Command\\CacheFlushCommand\\Interceptor), Object(Symfony\\Component\\Console\\Input\\ArgvInput), Object(Symfony\\Component\\Console\\Output\\ConsoleOutput))
#14 /app/vendor/magento/framework/Console/Cli.php(137): Symfony\\Component\\Console\\Application->doRun(Object(Symfony\\Component\\Console\\Input\\ArgvInput), Object(Symfony\\Component\\Console\\Output\\ConsoleOutput))
#15 /app/vendor/symfony/console/Application.php(195): Magento\\Framework\\Console\\Cli->doRun(Object(Symfony\\Component\\Console\\Input\\ArgvInput), Object(Symfony\\Component\\Console\\Output\\ConsoleOutput))
#16 /app/bin/magento(23): Symfony\\Component\\Console\\Application->run()
#17 {main}"} []
[2026-05-15T00:27:07.571504+00:00] main.DEBUG: cache_invalidate:  {"method":"GET","url":"http:/","invalidateInfo":{"tags":["MAGE"],"mode":"matchingTag"}} []
[2026-05-15T00:27:07.571692+00:00] main.DEBUG: cache_invalidate:  {"method":"GET","url":"http:/","invalidateInfo":{"tags":[],"mode":"all"},"trace":"Exception: full purge of cache storage triggered in /app/vendor/magento/framework/Cache/InvalidateLogger.php:52
Stack trace:
#0 /app/vendor/magento/framework/Cache/Frontend/Decorator/Logger.php(62): Magento\\Framework\\Cache\\InvalidateLogger->execute(Array)
#1 /app/vendor/magento/framework/Cache/Frontend/Decorator/Logger.php(50): Magento\\Framework\\Cache\\Frontend\\Decorator\\Logger->log(Array)
#2 /app/vendor/magento/framework/Cache/Frontend/Decorator/Bare.php(92): Magento\\Framework\\Cache\\Frontend\\Decorator\\Logger->clean('all', Array)
#3 /app/vendor/magento/framework/App/Cache/Type/AccessProxy.php(110): Magento\\Framework\\Cache\\Frontend\\Decorator\\Bare->clean('all', Array)
#4 /app/vendor/magento/framework/App/Cache/Manager.php(111): Magento\\Framework\\App\\Cache\\Type\\AccessProxy->clean()
#5 /app/vendor/magento/module-backend/Console/Command/CacheFlushCommand.php(39): Magento\\Framework\\App\\Cache\\Manager->flush(Array)
#6 /app/vendor/magento/module-backend/Console/Command/AbstractCacheTypeManageCommand.php(64): Magento\\Backend\\Console\\Command\\CacheFlushCommand->performAction(Array)
#7 /app/vendor/symfony/console/Command/Command.php(341): Magento\\Backend\\Console\\Command\\AbstractCacheTypeManageCommand->execute(Object(Symfony\\Component\\Console\\Input\\ArgvInput), Object(Symfony\\Component\\Console\\Output\\ConsoleOutput))
#8 /app/vendor/magento/framework/Interception/Interceptor.php(58): Symfony\\Component\\Console\\Command\\Command->run(Object(Symfony\\Component\\Console\\Input\\ArgvInput), Object(Symfony\\Component\\Console\\Output\\ConsoleOutput))
#9 /app/vendor/magento/framework/Interception/Interceptor.php(138): Magento\\Backend\\Console\\Command\\CacheFlushCommand\\Interceptor->___callParent('run', Array)
#10 /app/vendor/magento/framework/Interception/Interceptor.php(153): Magento\\Backend\\Console\\Command\\CacheFlushCommand\\Interceptor->{closure:Magento\\Framework\\Interception\\Interceptor::___callPlugins():104}(Object(Symfony\\Component\\Console\\Input\\ArgvInput), Object(Symfony\\Component\\Console\\Output\\ConsoleOutput))
#11 /app/generated/code/Magento/Backend/Console/Command/CacheFlushCommand/Interceptor.php(77): Magento\\Backend\\Console\\Command\\CacheFlushCommand\\Interceptor->___callPlugins('run', Array, Array)
#12 /app/vendor/symfony/console/Application.php(1094): Magento\\Backend\\Console\\Command\\CacheFlushCommand\\Interceptor->run(Object(Symfony\\Component\\Console\\Input\\ArgvInput), Object(Symfony\\Component\\Console\\Output\\ConsoleOutput))
#13 /app/vendor/symfony/console/Application.php(356): Symfony\\Component\\Console\\Application->doRunCommand(Object(Magento\\Backend\\Console\\Command\\CacheFlushCommand\\Interceptor), Object(Symfony\\Component\\Console\\Input\\ArgvInput), Object(Symfony\\Component\\Console\\Output\\ConsoleOutput))
#14 /app/vendor/magento/framework/Console/Cli.php(137): Symfony\\Component\\Console\\Application->doRun(Object(Symfony\\Component\\Console\\Input\\ArgvInput), Object(Symfony\\Component\\Console\\Output\\ConsoleOutput))
#15 /app/vendor/symfony/console/Application.php(195): Magento\\Framework\\Console\\Cli->doRun(Object(Symfony\\Component\\Console\\Input\\ArgvInput), Object(Symfony\\Component\\Console\\Output\\ConsoleOutput))
#16 /app/bin/magento(23): Symfony\\Component\\Console\\Application->run()
#17 {main}"} []
[2026-05-15T00:53:19.438671+00:00] main.INFO: Broken reference: the 'catalog.compare.sidebar' element cannot be added as child to 'sidebar.additional', because the latter doesn't exist [] []
[2026-05-15T00:53:19.438682+00:00] main.INFO: Broken reference: the 'catalog.compare.sidebar' element cannot be added as child to 'sidebar.additional', because the latter doesn't exist [] []
[2026-05-15T00:53:19.438677+00:00] main.INFO: Broken reference: the 'catalog.compare.sidebar' element cannot be added as child to 'sidebar.additional', because the latter doesn't exist [] []
[2026-05-15T00:53:19.438649+00:00] main.INFO: Broken reference: the 'catalog.compare.sidebar' element cannot be added as child to 'sidebar.additional', because the latter doesn't exist [] []
[2026-05-15T00:53:19.501052+00:00] main.INFO: Broken reference: the 'sale.reorder.sidebar' element cannot be added as child to 'sidebar.additional', because the latter doesn't exist [] []
[2026-05-15T00:53:19.501052+00:00] main.INFO: Broken reference: the 'sale.reorder.sidebar' element cannot be added as child to 'sidebar.additional', because the latter doesn't exist [] []
[2026-05-15T00:53:19.501074+00:00] main.INFO: Broken reference: the 'sale.reorder.sidebar' element cannot be added as child to 'sidebar.additional', because the latter doesn't exist [] []
[2026-05-15T00:53:19.501235+00:00] main.INFO: Broken reference: the 'sale.reorder.sidebar' element cannot be added as child to 'sidebar.additional', because the latter doesn't exist [] []
[2026-05-15T00:53:19.502067+00:00] main.INFO: Broken reference: the 'wishlist_sidebar' element cannot be added as child to 'sidebar.additional', because the latter doesn't exist [] []
[2026-05-15T00:53:19.502064+00:00] main.INFO: Broken reference: the 'wishlist_sidebar' element cannot be added as child to 'sidebar.additional', because the latter doesn't exist [] []
[2026-05-15T00:53:19.502075+00:00] main.INFO: Broken reference: the 'wishlist_sidebar' element cannot be added as child to 'sidebar.additional', because the latter doesn't exist [] []
[2026-05-15T00:53:19.502165+00:00] main.INFO: Broken reference: the 'wishlist_sidebar' element cannot be added as child to 'sidebar.additional', because the latter doesn't exist [] []
[2026-05-15T00:53:19.502523+00:00] main.INFO: Broken reference: the 'paypal.partner.right.logo' element cannot be added as child to 'sidebar.additional', because the latter doesn't exist [] []
[2026-05-15T00:53:19.502523+00:00] main.INFO: Broken reference: the 'paypal.partner.right.logo' element cannot be added as child to 'sidebar.additional', because the latter doesn't exist [] []
[2026-05-15T00:53:19.502534+00:00] main.INFO: Broken reference: the 'paypal.partner.right.logo' element cannot be added as child to 'sidebar.additional', because the latter doesn't exist [] []
[2026-05-15T00:53:19.502594+00:00] main.INFO: Broken reference: the 'paypal.partner.right.logo' element cannot be added as child to 'sidebar.additional', because the latter doesn't exist [] []
[2026-05-15T00:53:19.502871+00:00] main.INFO: Broken reference: the 'bml.right.logo' element cannot be added as child to 'sidebar.additional', because the latter doesn't exist [] []
[2026-05-15T00:53:19.502861+00:00] main.INFO: Broken reference: the 'bml.right.logo' element cannot be added as child to 'sidebar.additional', because the latter doesn't exist [] []
[2026-05-15T00:53:19.503205+00:00] main.INFO: Broken reference: the 'sidebar.container.paylater' element cannot be added as child to 'sidebar.additional', because the latter doesn't exist [] []
[2026-05-15T00:53:19.503241+00:00] main.INFO: Broken reference: the 'sidebar.container.paylater' element cannot be added as child to 'sidebar.additional', because the latter doesn't exist [] []
[2026-05-15T00:53:19.502861+00:00] main.INFO: Broken reference: the 'bml.right.logo' element cannot be added as child to 'sidebar.additional', because the latter doesn't exist [] []
[2026-05-15T00:53:19.503628+00:00] main.INFO: Broken reference: the 'sidebar.container.paylater' element cannot be added as child to 'sidebar.additional', because the latter doesn't exist [] []
[2026-05-15T00:53:19.502913+00:00] main.INFO: Broken reference: the 'bml.right.logo' element cannot be added as child to 'sidebar.additional', because the latter doesn't exist [] []
[2026-05-15T00:53:19.504502+00:00] main.INFO: Broken reference: the 'sidebar.container.paylater' element cannot be added as child to 'sidebar.additional', because the latter doesn't exist [] []
[2026-05-15T00:53:20.984580+00:00] main.INFO: Broken reference: the 'catalog.compare.sidebar' element cannot be added as child to 'sidebar.additional', because the latter doesn't exist [] []
[2026-05-15T00:53:20.985567+00:00] main.INFO: Broken reference: the 'sale.reorder.sidebar' element cannot be added as child to 'sidebar.additional', because the latter doesn't exist [] []
[2026-05-15T00:53:20.986288+00:00] main.INFO: Broken reference: the 'wishlist_sidebar' element cannot be added as child to 'sidebar.additional', because the latter doesn't exist [] []
[2026-05-15T00:53:20.986620+00:00] main.INFO: Broken reference: the 'paypal.partner.right.logo' element cannot be added as child to 'sidebar.additional', because the latter doesn't exist [] []
[2026-05-15T00:53:20.986833+00:00] main.INFO: Broken reference: the 'bml.right.logo' element cannot be added as child to 'sidebar.additional', because the latter doesn't exist [] []
[2026-05-15T00:53:20.987134+00:00] main.INFO: Broken reference: the 'sidebar.container.paylater' element cannot be added as child to 'sidebar.additional', because the latter doesn't exist [] []
[2026-05-15T00:53:42.417199+00:00] main.INFO: Broken reference: the 'tracking' element cannot be added as child to 'header', because the latter doesn't exist [] []
[2026-05-15T00:53:42.417829+00:00] main.INFO: Broken reference: the 'notification_area' element cannot be added as child to 'notifications', because the latter doesn't exist [] []
[2026-05-15T00:53:42.418107+00:00] main.INFO: Broken reference: the 'unread_system_messages' element cannot be added as child to 'notifications', because the latter doesn't exist [] []
[2026-05-15T00:53:42.418366+00:00] main.INFO: Broken reference: the 'notification_window' element cannot be added as child to 'notifications', because the latter doesn't exist [] []
[2026-05-15T00:53:42.418658+00:00] main.INFO: Broken reference: the 'notification.messages' element cannot be added as child to 'header', because the latter doesn't exist [] []
[2026-05-15T00:53:42.418966+00:00] main.INFO: Broken reference: the 'global_notices' element cannot be added as child to 'global.notices', because the latter doesn't exist [] []
[2026-05-15T00:53:42.419258+00:00] main.INFO: Broken reference: the 'logo' element cannot be added as child to 'header', because the latter doesn't exist [] []
[2026-05-15T00:53:42.419548+00:00] main.INFO: Broken reference: the 'global.search' element cannot be added as child to 'header', because the latter doesn't exist [] []
[2026-05-15T00:53:42.419833+00:00] main.INFO: Broken reference: the 'user' element cannot be added as child to 'header', because the latter doesn't exist [] []
[2026-05-15T00:53:42.420134+00:00] main.INFO: Broken reference: the 'menu' element cannot be added as child to 'page.menu', because the latter doesn't exist [] []
[2026-05-15T00:53:42.420426+00:00] main.INFO: Broken reference: the 'breadcrumbs' element cannot be added as child to 'page.breadcrumbs', because the latter doesn't exist [] []
[2026-05-15T00:53:42.420706+00:00] main.INFO: Broken reference: the 'formkey' element cannot be added as child to 'page.formkey', because the latter doesn't exist [] []
[2026-05-15T00:53:42.420985+00:00] main.INFO: Broken reference: the 'page.title' element cannot be added as child to 'main.top', because the latter doesn't exist [] []
[2026-05-15T00:53:42.421278+00:00] main.INFO: Broken reference: the 'messages' element cannot be added as child to 'page.messages', because the latter doesn't exist [] []
[2026-05-15T00:53:42.421572+00:00] main.INFO: Broken reference: the 'page.actions.toolbar' element cannot be added as child to 'page.main.actions', because the latter doesn't exist [] []
[2026-05-15T00:53:42.421971+00:00] main.INFO: Broken reference: the 'legal' element cannot be added as child to 'footer', because the latter doesn't exist [] []
[2026-05-15T00:53:42.422502+00:00] main.INFO: Broken reference: the 'header.inner.left' element cannot be added as child to 'header', because the latter doesn't exist [] []
[2026-05-15T00:53:42.422842+00:00] main.INFO: Broken reference: the 'header.inner.right' element cannot be added as child to 'header', because the latter doesn't exist [] []
[2026-05-15T00:53:42.423292+00:00] main.INFO: Broken reference: the 'user' tries to reorder itself towards '', but their parents are different: 'header' and '' respectively. [] []
[2026-05-15T00:53:42.423601+00:00] main.INFO: Broken reference: the 'notification.messages' tries to reorder itself towards 'user', but their parents are different: 'header' and '' respectively. [] []
[2026-05-15T00:53:42.423910+00:00] main.INFO: Broken reference: the 'logo' tries to reorder itself towards '', but their parents are different: 'header' and '' respectively. [] []
[2026-05-15T00:53:42.424229+00:00] main.INFO: Broken reference: the 'global.search' tries to reorder itself towards 'logo', but their parents are different: 'header' and '' respectively. [] []
[2026-05-15T00:53:42.424523+00:00] main.INFO: Broken reference: the 'page.actions.toolbar' tries to reorder itself towards '', but their parents are different: 'page.main.actions' and '' respectively. [] []
[2026-05-15T00:53:42.424889+00:00] main.INFO: Broken reference: the 'header.inner.left' tries to reorder itself towards '', but their parents are different: 'header' and '' respectively. [] []
[2026-05-15T00:53:42.425200+00:00] main.INFO: Broken reference: the 'header.inner.right' tries to reorder itself towards 'header.inner.left', but their parents are different: 'header' and '' respectively. [] []
[2026-05-15T00:53:42.425527+00:00] main.INFO: Broken reference: the 'notification.messages' tries to reorder itself towards 'user', but their parents are different: 'header.inner.right' and '' respectively. [] []
[2026-05-15T00:54:19.060888+00:00] main.DEBUG: cache_invalidate:  {"method":"POST","url":"https://magento2.docker/index.php/admin/admin/index/index/key/8646144b53d27d85f5a89fe2c8b83718e8e92f75981b7adec63213ccb1e523e5/","invalidateInfo":{"tags":["BACKEND_MAINMENU","MAGE"],"mode":"matchingTag"}} []
[2026-05-15T00:54:19.061437+00:00] main.DEBUG: cache_invalidate:  {"method":"POST","url":"https://magento2.docker/index.php/admin/admin/index/index/key/8646144b53d27d85f5a89fe2c8b83718e8e92f75981b7adec63213ccb1e523e5/","invalidateInfo":{"tags":["BACKEND_MAINMENU"],"mode":"matchingAnyTag"}} []
[2026-05-15T00:54:19.838661+00:00] main.DEBUG: cache_invalidate:  {"method":"POST","url":"https://magento2.docker/index.php/admin/admin/index/index/key/8646144b53d27d85f5a89fe2c8b83718e8e92f75981b7adec63213ccb1e523e5/","invalidateInfo":{"tags":["PB_EDITOR_CONFIG","CONFIG","MAGE"],"mode":"matchingTag"}} []
[2026-05-15T00:54:19.838932+00:00] main.DEBUG: cache_invalidate:  {"method":"POST","url":"https://magento2.docker/index.php/admin/admin/index/index/key/8646144b53d27d85f5a89fe2c8b83718e8e92f75981b7adec63213ccb1e523e5/","invalidateInfo":{"tags":["PB_EDITOR_CONFIG","CONFIG"],"mode":"matchingTag"}} []
[2026-05-15T00:54:19.910953+00:00] main.DEBUG: Item Magento_Backend::system_currency was removed [] []
[2026-05-15T00:54:19.960579+00:00] main.DEBUG: Add of item with id Magento_AdminNotification::system_adminnotification was processed [] []
[2026-05-15T00:54:19.960855+00:00] main.DEBUG: Add of item with id Magento_Theme::design_config was processed [] []
[2026-05-15T00:54:19.961060+00:00] main.DEBUG: Add of item with id Magento_Theme::system_design_theme was processed [] []
[2026-05-15T00:54:19.961234+00:00] main.DEBUG: Add of item with id Magento_Backend::system_design_schedule was processed [] []
[2026-05-15T00:54:19.961429+00:00] main.DEBUG: Add of item with id Magento_Backend::system_store was processed [] []
[2026-05-15T00:54:19.961564+00:00] main.DEBUG: Add of item with id Magento_Backend::dashboard was processed [] []
[2026-05-15T00:54:19.961708+00:00] main.DEBUG: Add of item with id Magento_Backend::system was processed [] []
[2026-05-15T00:54:19.961931+00:00] main.DEBUG: Add of item with id Magento_Backend::system_tools was processed [] []
[2026-05-15T00:54:19.962144+00:00] main.DEBUG: Add of item with id Magento_Backend::system_design was processed [] []
[2026-05-15T00:54:19.962308+00:00] main.DEBUG: Add of item with id Magento_Backend::system_convert was processed [] []
[2026-05-15T00:54:19.962491+00:00] main.DEBUG: Add of item with id Magento_Backend::system_cache was processed [] []
[2026-05-15T00:54:19.962615+00:00] main.DEBUG: Add of item with id Magento_Backend::marketing was processed [] []
[2026-05-15T00:54:19.962794+00:00] main.DEBUG: Add of item with id Magento_Backend::marketing_communications was processed [] []
[2026-05-15T00:54:19.962918+00:00] main.DEBUG: Add of item with id Magento_Backend::marketing_seo was processed [] []
[2026-05-15T00:54:19.963092+00:00] main.DEBUG: Add of item with id Magento_Backend::marketing_user_content was processed [] []
[2026-05-15T00:54:19.963258+00:00] main.DEBUG: Add of item with id Magento_Backend::content was processed [] []
[2026-05-15T00:54:19.963419+00:00] main.DEBUG: Add of item with id Magento_Backend::content_elements was processed [] []
[2026-05-15T00:54:19.963581+00:00] main.DEBUG: Add of item with id Magento_Backend::stores was processed [] []
[2026-05-15T00:54:19.963781+00:00] main.DEBUG: Add of item with id Magento_Backend::stores_settings was processed [] []
[2026-05-15T00:54:19.963903+00:00] main.DEBUG: Add of item with id Magento_Backend::stores_attributes was processed [] []
[2026-05-15T00:54:19.964076+00:00] main.DEBUG: Add of item with id Magento_Backend::other_settings was processed [] []
[2026-05-15T00:54:19.964240+00:00] main.DEBUG: Add of item with id Magento_Backend::system_other_settings was processed [] []
[2026-05-15T00:54:19.964401+00:00] main.DEBUG: Add of item with id Magento_Config::system_config was processed [] []
[2026-05-15T00:54:19.964563+00:00] main.DEBUG: Add of item with id Magento_User::system_acl was processed [] []
[2026-05-15T00:54:19.964766+00:00] main.DEBUG: Add of item with id Magento_User::system_acl_users was processed [] []
[2026-05-15T00:54:19.964920+00:00] main.DEBUG: Add of item with id Magento_User::system_acl_roles was processed [] []
[2026-05-15T00:54:19.965087+00:00] main.DEBUG: Add of item with id Magento_User::system_acl_locks was processed [] []
[2026-05-15T00:54:19.965284+00:00] main.DEBUG: Add of item with id Magento_Backup::system_tools_backup was processed [] []
[2026-05-15T00:54:19.965486+00:00] main.DEBUG: Add of item with id Magento_Customer::customer was processed [] []
[2026-05-15T00:54:19.965746+00:00] main.DEBUG: Add of item with id Magento_Customer::customer_manage was processed [] []
[2026-05-15T00:54:19.966020+00:00] main.DEBUG: Add of item with id Magento_Customer::customer_online was processed [] []
[2026-05-15T00:54:19.966259+00:00] main.DEBUG: Add of item with id Magento_Customer::customer_group was processed [] []
[2026-05-15T00:54:19.966478+00:00] main.DEBUG: Add of item with id Magento_Indexer::system_index was processed [] []
[2026-05-15T00:54:19.966664+00:00] main.DEBUG: Add of item with id Magento_Variable::system_variable was processed [] []
[2026-05-15T00:54:19.966882+00:00] main.DEBUG: Add of item with id Magento_Cms::cms_page was processed [] []
[2026-05-15T00:54:19.967071+00:00] main.DEBUG: Add of item with id Magento_Cms::cms_block was processed [] []
[2026-05-15T00:54:19.967237+00:00] main.DEBUG: Add of item with id Magento_Integration::system_extensions was processed [] []
[2026-05-15T00:54:19.967469+00:00] main.DEBUG: Add of item with id Magento_Integration::system_integrations was processed [] []
[2026-05-15T00:54:19.967664+00:00] main.DEBUG: Add of item with id Magento_Catalog::catalog was processed [] []
[2026-05-15T00:54:19.967830+00:00] main.DEBUG: Add of item with id Magento_Catalog::catalog_products was processed [] []
[2026-05-15T00:54:19.968004+00:00] main.DEBUG: Add of item with id Magento_Catalog::catalog_categories was processed [] []
[2026-05-15T00:54:19.968221+00:00] main.DEBUG: Add of item with id Magento_Catalog::catalog_attributes_attributes was processed [] []
[2026-05-15T00:54:19.968423+00:00] main.DEBUG: Add of item with id Magento_Catalog::catalog_attributes_sets was processed [] []
[2026-05-15T00:54:19.968645+00:00] main.DEBUG: Add of item with id Magento_Catalog::inventory was processed [] []
[2026-05-15T00:54:19.968839+00:00] main.DEBUG: Add of item with id Magento_CatalogRule::promo was processed [] []
[2026-05-15T00:54:19.969083+00:00] main.DEBUG: Add of item with id Magento_CatalogRule::promo_catalog was processed [] []
[2026-05-15T00:54:19.969303+00:00] main.DEBUG: Add of item with id Magento_Search::search_terms was processed [] []
[2026-05-15T00:54:19.969463+00:00] main.DEBUG: Add of item with id Magento_Search::search_synonyms was processed [] []
[2026-05-15T00:54:19.969619+00:00] main.DEBUG: Add of item with id Magento_MediaGalleryUi::media was processed [] []
[2026-05-15T00:54:19.969816+00:00] main.DEBUG: Add of item with id Magento_MediaGalleryUi::media_gallery was processed [] []
[2026-05-15T00:54:19.969978+00:00] main.DEBUG: Add of item with id Magento_Sales::sales was processed [] []
[2026-05-15T00:54:19.970222+00:00] main.DEBUG: Add of item with id Magento_Sales::sales_operation was processed [] []
[2026-05-15T00:54:19.970414+00:00] main.DEBUG: Add of item with id Magento_Sales::sales_order was processed [] []
[2026-05-15T00:54:19.970578+00:00] main.DEBUG: Add of item with id Magento_Sales::sales_invoice was processed [] []
[2026-05-15T00:54:19.970750+00:00] main.DEBUG: Add of item with id Magento_Sales::sales_shipment was processed [] []
[2026-05-15T00:54:19.970950+00:00] main.DEBUG: Add of item with id Magento_Sales::sales_creditmemo was processed [] []
[2026-05-15T00:54:19.971100+00:00] main.DEBUG: Add of item with id Magento_Sales::sales_transactions was processed [] []
[2026-05-15T00:54:19.971220+00:00] main.DEBUG: Add of item with id Magento_Sales::system_order_statuses was processed [] []
[2026-05-15T00:54:19.971384+00:00] main.DEBUG: Add of item with id Magento_Widget::cms_widget_instance was processed [] []
[2026-05-15T00:54:19.971603+00:00] main.DEBUG: Add of item with id Magento_Analytics::business_intelligence was processed [] []
[2026-05-15T00:54:19.971804+00:00] main.DEBUG: Add of item with id Magento_Analytics::advanced_reporting was processed [] []
[2026-05-15T00:54:19.971968+00:00] main.DEBUG: Add of item with id Magento_Analytics::bi_essentials was processed [] []
[2026-05-15T00:54:19.972129+00:00] main.DEBUG: Add of item with id Magento_Downloadable::report_products_downloads was processed [] []
[2026-05-15T00:54:19.972259+00:00] main.DEBUG: Add of item with id Magento_Newsletter::newsletter_template was processed [] []
[2026-05-15T00:54:19.972362+00:00] main.DEBUG: Add of item with id Magento_Newsletter::newsletter_queue was processed [] []
[2026-05-15T00:54:19.972466+00:00] main.DEBUG: Add of item with id Magento_Newsletter::newsletter_subscriber was processed [] []
[2026-05-15T00:54:19.972587+00:00] main.DEBUG: Add of item with id Magento_Newsletter::newsletter_problem was processed [] []
[2026-05-15T00:54:19.972715+00:00] main.DEBUG: Add of item with id Magento_ImportExport::system_convert_import was processed [] []
[2026-05-15T00:54:19.972824+00:00] main.DEBUG: Add of item with id Magento_ImportExport::system_convert_export was processed [] []
[2026-05-15T00:54:19.972949+00:00] main.DEBUG: Add of item with id Magento_ImportExport::system_convert_history was processed [] []
[2026-05-15T00:54:19.973142+00:00] main.DEBUG: Add of item with id Magento_Email::template was processed [] []
[2026-05-15T00:54:19.973242+00:00] main.DEBUG: Add of item with id Magento_InventoryAdminUi::inventory was processed [] []
[2026-05-15T00:54:19.973437+00:00] main.DEBUG: Add of item with id Magento_InventoryAdminUi::source was processed [] []
[2026-05-15T00:54:19.973602+00:00] main.DEBUG: Add of item with id Magento_InventoryAdminUi::stock was processed [] []
[2026-05-15T00:54:19.973766+00:00] main.DEBUG: Add of item with id Magento_Reports::report was processed [] []
[2026-05-15T00:54:19.973929+00:00] main.DEBUG: Add of item with id Magento_Reports::report_marketing was processed [] []
[2026-05-15T00:54:19.974088+00:00] main.DEBUG: Add of item with id Magento_Reports::report_salesroot was processed [] []
[2026-05-15T00:54:19.974221+00:00] main.DEBUG: Add of item with id Magento_Reports::report_salesroot_sales was processed [] []
[2026-05-15T00:54:19.974339+00:00] main.DEBUG: Add of item with id Magento_Reports::report_salesroot_tax was processed [] []
[2026-05-15T00:54:19.974425+00:00] main.DEBUG: Add of item with id Magento_Reports::report_salesroot_invoiced was processed [] []
[2026-05-15T00:54:19.974529+00:00] main.DEBUG: Add of item with id Magento_Reports::report_salesroot_shipping was processed [] []
[2026-05-15T00:54:19.974629+00:00] main.DEBUG: Add of item with id Magento_Reports::report_salesroot_refunded was processed [] []
[2026-05-15T00:54:19.974716+00:00] main.DEBUG: Add of item with id Magento_Reports::report_salesroot_coupons was processed [] []
[2026-05-15T00:54:19.974799+00:00] main.DEBUG: Add of item with id Magento_Reports::report_shopcart_product was processed [] []
[2026-05-15T00:54:19.974917+00:00] main.DEBUG: Add of item with id Magento_Reports::report_shopcart_abandoned was processed [] []
[2026-05-15T00:54:19.975065+00:00] main.DEBUG: Add of item with id Magento_Reports::report_products was processed [] []
[2026-05-15T00:54:19.975168+00:00] main.DEBUG: Add of item with id Magento_Reports::report_products_bestsellers was processed [] []
[2026-05-15T00:54:19.975295+00:00] main.DEBUG: Add of item with id Magento_Reports::report_products_sold was processed [] []
[2026-05-15T00:54:19.975407+00:00] main.DEBUG: Add of item with id Magento_Reports::report_products_viewed was processed [] []
[2026-05-15T00:54:19.975567+00:00] main.DEBUG: Add of item with id Magento_Reports::report_products_lowstock was processed [] []
[2026-05-15T00:54:19.975661+00:00] main.DEBUG: Add of item with id Magento_Reports::report_customers was processed [] []
[2026-05-15T00:54:19.975786+00:00] main.DEBUG: Add of item with id Magento_Reports::report_customers_accounts was processed [] []
[2026-05-15T00:54:19.975883+00:00] main.DEBUG: Add of item with id Magento_Reports::report_customers_totals was processed [] []
[2026-05-15T00:54:19.975967+00:00] main.DEBUG: Add of item with id Magento_Reports::report_customers_orders was processed [] []
[2026-05-15T00:54:19.976095+00:00] main.DEBUG: Add of item with id Magento_Reports::report_statistics was processed [] []
[2026-05-15T00:54:19.976217+00:00] main.DEBUG: Add of item with id Magento_Reports::report_statistics_refresh was processed [] []
[2026-05-15T00:54:19.976313+00:00] main.DEBUG: Add of item with id Magento_Search::report_search_term was processed [] []
[2026-05-15T00:54:19.976398+00:00] main.DEBUG: Add of item with id Magento_LoginAsCustomerLog::login_log was processed [] []
[2026-05-15T00:54:19.976502+00:00] main.DEBUG: Add of item with id Magento_Marketplace::partners was processed [] []
[2026-05-15T00:54:19.976608+00:00] main.DEBUG: Add of item with id Magento_SalesRule::promo_quote was processed [] []
[2026-05-15T00:54:19.976712+00:00] main.DEBUG: Add of item with id Magento_Sitemap::catalog_sitemap was processed [] []
[2026-05-15T00:54:19.976815+00:00] main.DEBUG: Add of item with id Magento_PageBuilder::templates was processed [] []
[2026-05-15T00:54:19.976971+00:00] main.DEBUG: Add of item with id Magento_PaymentServicesDashboard::paymentservicesdashboard was processed [] []
[2026-05-15T00:54:19.977144+00:00] main.DEBUG: Add of item with id Magento_Paypal::report_salesroot_paypal_settlement_reports was processed [] []
[2026-05-15T00:54:19.977239+00:00] main.DEBUG: Add of item with id Magento_Paypal::paypal_billing_agreement was processed [] []
[2026-05-15T00:54:19.977395+00:00] main.DEBUG: Add of item with id Magento_CheckoutAgreements::sales_checkoutagreement was processed [] []
[2026-05-15T00:54:19.977558+00:00] main.DEBUG: Add of item with id Magento_Review::catalog_reviews_ratings_ratings was processed [] []
[2026-05-15T00:54:19.977689+00:00] main.DEBUG: Add of item with id Magento_Review::catalog_reviews_ratings_pending was processed [] []
[2026-05-15T00:54:19.977793+00:00] main.DEBUG: Add of item with id Magento_Review::catalog_reviews_ratings_reviews_all was processed [] []
[2026-05-15T00:54:19.977954+00:00] main.DEBUG: Add of item with id Magento_Review::report_review was processed [] []
[2026-05-15T00:54:19.978119+00:00] main.DEBUG: Add of item with id Magento_Review::report_review_customer was processed [] []
[2026-05-15T00:54:19.978285+00:00] main.DEBUG: Add of item with id Magento_Review::report_review_product was processed [] []
[2026-05-15T00:54:19.978443+00:00] main.DEBUG: Add of item with id Magento_ServicesId::configuration was processed [] []
[2026-05-15T00:54:19.978600+00:00] main.DEBUG: Add of item with id Magento_ServicesId::services_id was processed [] []
[2026-05-15T00:54:19.978761+00:00] main.DEBUG: Add of item with id Magento_UrlRewrite::urlrewrite was processed [] []
[2026-05-15T00:54:19.978923+00:00] main.DEBUG: Add of item with id Magento_AsynchronousOperations::system_magento_logging was processed [] []
[2026-05-15T00:54:19.979133+00:00] main.DEBUG: Add of item with id Magento_AsynchronousOperations::system_magento_logging_bulk_operations was processed [] []
[2026-05-15T00:54:19.979300+00:00] main.DEBUG: Add of item with id Magento_Tax::sales_tax was processed [] []
[2026-05-15T00:54:19.979493+00:00] main.DEBUG: Add of item with id Magento_Tax::sales_tax_rules was processed [] []
[2026-05-15T00:54:19.979663+00:00] main.DEBUG: Add of item with id Magento_Tax::sales_tax_rates was processed [] []
[2026-05-15T00:54:19.979805+00:00] main.DEBUG: Add of item with id Magento_TaxImportExport::system_convert_tax was processed [] []
[2026-05-15T00:54:19.979958+00:00] main.DEBUG: Add of item with id Magento_CurrencySymbol::system_currency was processed [] []
[2026-05-15T00:54:19.980158+00:00] main.DEBUG: Add of item with id Magento_CurrencySymbol::system_currency_rates was processed [] []
[2026-05-15T00:54:19.980314+00:00] main.DEBUG: Add of item with id Magento_CurrencySymbol::system_currency_symbols was processed [] []
[2026-05-15T00:54:19.980460+00:00] main.DEBUG: Add of item with id PayPal_Braintree::settlement_report was processed [] []
[2026-05-15T00:54:19.980606+00:00] main.DEBUG: Add of item with id PayPal_Braintree::virtual_terminal was processed [] []
[2026-05-15T00:54:22.188330+00:00] main.ERROR: InvalidArgumentException: Unsupported sendmail command flags "/usr/local/bin/mhsendmail --smtp-addr=mailhog:1025"; must be one of "-bs" or "-t" but can include additional flags. in /app/vendor/symfony/mailer/Transport/SendmailTransport.php:58
Stack trace:
#0 /app/vendor/symfony/mailer/Transport/NativeTransportFactory.php(33): Symfony\Component\Mailer\Transport\SendmailTransport->__construct('/usr/local/bin/...', NULL, NULL)
#1 /app/vendor/magento/module-email/Model/Transport.php(226): Symfony\Component\Mailer\Transport\NativeTransportFactory->create(Object(Symfony\Component\Mailer\Transport\Dsn))
#2 /app/vendor/magento/module-email/Model/Transport.php(159): Magento\Email\Model\Transport->createSendmailTransport()
#3 /app/generated/code/Magento/Email/Model/Transport/Interceptor.php(23): Magento\Email\Model\Transport->getTransport()
#4 /app/vendor/magento/module-email/Model/Transport.php(237): Magento\Email\Model\Transport\Interceptor->getTransport()
#5 /app/vendor/magento/framework/Interception/Interceptor.php(58): Magento\Email\Model\Transport->sendMessage()
#6 /app/vendor/magento/framework/Interception/Interceptor.php(138): Magento\Email\Model\Transport\Interceptor->___callParent('sendMessage', Array)
#7 /app/vendor/magento/module-email/Model/Mail/TransportInterfacePlugin.php(48): Magento\Email\Model\Transport\Interceptor->{closure:Magento\Framework\Interception\Interceptor::___callPlugins():104}()
#8 /app/vendor/magento/framework/Interception/Interceptor.php(135): Magento\Email\Model\Mail\TransportInterfacePlugin->aroundSendMessage(Object(Magento\Email\Model\Transport\Interceptor), Object(Closure))
#9 /app/vendor/magento/framework/Interception/Interceptor.php(153): Magento\Email\Model\Transport\Interceptor->{closure:Magento\Framework\Interception\Interceptor::___callPlugins():104}()
#10 /app/generated/code/Magento/Email/Model/Transport/Interceptor.php(32): Magento\Email\Model\Transport\Interceptor->___callPlugins('sendMessage', Array, NULL)
#11 /app/vendor/magento/module-two-factor-auth/Model/EmailUserNotifier.php(106): Magento\Email\Model\Transport\Interceptor->sendMessage()
#12 /app/vendor/magento/module-two-factor-auth/Model/EmailUserNotifier.php(131): Magento\TwoFactorAuth\Model\EmailUserNotifier->sendConfigRequired(Object(Magento\AdminAdobeIms\Model\User\Interceptor), 'eyJ1c2VyX2lkIjo...', 'tfa_admin_app_c...', 'https://magento...')
#13 /app/vendor/magento/module-two-factor-auth/Model/UserConfig/UserConfigRequestManager.php(82): Magento\TwoFactorAuth\Model\EmailUserNotifier->sendAppConfigRequestMessage(Object(Magento\AdminAdobeIms\Model\User\Interceptor), 'eyJ1c2VyX2lkIjo...')
#14 /app/vendor/magento/module-two-factor-auth/Controller/Adminhtml/Tfa/Requestconfig.php(95): Magento\TwoFactorAuth\Model\UserConfig\UserConfigRequestManager->sendConfigRequestTo(Object(Magento\AdminAdobeIms\Model\User\Interceptor))
#15 /app/vendor/magento/framework/Interception/Interceptor.php(58): Magento\TwoFactorAuth\Controller\Adminhtml\Tfa\Requestconfig->execute()
#16 /app/vendor/magento/framework/Interception/Interceptor.php(138): Magento\TwoFactorAuth\Controller\Adminhtml\Tfa\Requestconfig\Interceptor->___callParent('execute', Array)
#17 /app/vendor/magento/framework/Interception/Interceptor.php(153): Magento\TwoFactorAuth\Controller\Adminhtml\Tfa\Requestconfig\Interceptor->{closure:Magento\Framework\Interception\Interceptor::___callPlugins():104}()
#18 /app/generated/code/Magento/TwoFactorAuth/Controller/Adminhtml/Tfa/Requestconfig/Interceptor.php(23): Magento\TwoFactorAuth\Controller\Adminhtml\Tfa\Requestconfig\Interceptor->___callPlugins('execute', Array, Array)
#19 /app/vendor/magento/framework/App/Action/Action.php(111): Magento\TwoFactorAuth\Controller\Adminhtml\Tfa\Requestconfig\Interceptor->execute()
#20 /app/vendor/magento/module-backend/App/AbstractAction.php(151): Magento\Framework\App\Action\Action->dispatch(Object(Magento\Framework\App\Request\Http))
#21 /app/vendor/magento/module-two-factor-auth/Controller/Adminhtml/AbstractAction.php(31): Magento\Backend\App\AbstractAction->dispatch(Object(Magento\Framework\App\Request\Http))
#22 /app/vendor/magento/framework/Interception/Interceptor.php(58): Magento\TwoFactorAuth\Controller\Adminhtml\AbstractAction->dispatch(Object(Magento\Framework\App\Request\Http))
#23 /app/vendor/magento/framework/Interception/Interceptor.php(138): Magento\TwoFactorAuth\Controller\Adminhtml\Tfa\Requestconfig\Interceptor->___callParent('dispatch', Array)
#24 /app/vendor/magento/module-backend/App/Action/Plugin/Authentication.php(145): Magento\TwoFactorAuth\Controller\Adminhtml\Tfa\Requestconfig\Interceptor->{closure:Magento\Framework\Interception\Interceptor::___callPlugins():104}(Object(Magento\Framework\App\Request\Http))
#25 /app/vendor/magento/framework/Interception/Interceptor.php(135): Magento\Backend\App\Action\Plugin\Authentication->aroundDispatch(Object(Magento\TwoFactorAuth\Controller\Adminhtml\Tfa\Requestconfig\Interceptor), Object(Closure), Object(Magento\Framework\App\Request\Http))
#26 /app/vendor/magento/framework/Interception/Interceptor.php(153): Magento\TwoFactorAuth\Controller\Adminhtml\Tfa\Requestconfig\Interceptor->{closure:Magento\Framework\Interception\Interceptor::___callPlugins():104}(Object(Magento\Framework\App\Request\Http))
#27 /app/generated/code/Magento/TwoFactorAuth/Controller/Adminhtml/Tfa/Requestconfig/Interceptor.php(32): Magento\TwoFactorAuth\Controller\Adminhtml\Tfa\Requestconfig\Interceptor->___callPlugins('dispatch', Array, Array)
#28 /app/vendor/magento/framework/App/FrontController.php(245): Magento\TwoFactorAuth\Controller\Adminhtml\Tfa\Requestconfig\Interceptor->dispatch(Object(Magento\Framework\App\Request\Http))
#29 /app/vendor/magento/framework/App/FrontController.php(212): Magento\Framework\App\FrontController->getActionResponse(Object(Magento\TwoFactorAuth\Controller\Adminhtml\Tfa\Requestconfig\Interceptor), Object(Magento\Framework\App\Request\Http))
#30 /app/vendor/magento/framework/App/FrontController.php(146): Magento\Framework\App\FrontController->processRequest(Object(Magento\Framework\App\Request\Http), Object(Magento\TwoFactorAuth\Controller\Adminhtml\Tfa\Requestconfig\Interceptor))
#31 /app/vendor/magento/framework/Interception/Interceptor.php(58): Magento\Framework\App\FrontController->dispatch(Object(Magento\Framework\App\Request\Http))
#32 /app/vendor/magento/framework/Interception/Interceptor.php(138): Magento\Framework\App\FrontController\Interceptor->___callParent('dispatch', Array)
#33 /app/vendor/magento/framework/Interception/Interceptor.php(153): Magento\Framework\App\FrontController\Interceptor->{closure:Magento\Framework\Interception\Interceptor::___callPlugins():104}(Object(Magento\Framework\App\Request\Http))
#34 /app/generated/code/Magento/Framework/App/FrontController/Interceptor.php(23): Magento\Framework\App\FrontController\Interceptor->___callPlugins('dispatch', Array, Array)
#35 /app/vendor/magento/framework/App/Http.php(116): Magento\Framework\App\FrontController\Interceptor->dispatch(Object(Magento\Framework\App\Request\Http))
#36 /app/vendor/magento/framework/Interception/Interceptor.php(58): Magento\Framework\App\Http->launch()
#37 /app/vendor/magento/framework/Interception/Interceptor.php(138): Magento\Framework\App\Http\Interceptor->___callParent('launch', Array)
#38 /app/vendor/magento/module-application-performance-monitor/Plugin/ApplicationPerformanceMonitor.php(38): Magento\Framework\App\Http\Interceptor->{closure:Magento\Framework\Interception\Interceptor::___callPlugins():104}()
#39 /app/vendor/magento/framework/Interception/Interceptor.php(135): Magento\ApplicationPerformanceMonitor\Plugin\ApplicationPerformanceMonitor->aroundLaunch(Object(Magento\Framework\App\Http\Interceptor), Object(Closure))
#40 /app/vendor/magento/framework/Interception/Interceptor.php(153): Magento\Framework\App\Http\Interceptor->{closure:Magento\Framework\Interception\Interceptor::___callPlugins():104}()
#41 /app/generated/code/Magento/Framework/App/Http/Interceptor.php(23): Magento\Framework\App\Http\Interceptor->___callPlugins('launch', Array, NULL)
#42 /app/vendor/magento/framework/App/Bootstrap.php(264): Magento\Framework\App\Http\Interceptor->launch()
#43 /app/pub/index.php(30): Magento\Framework\App\Bootstrap->run(Object(Magento\Framework\App\Http\Interceptor))
#44 {main} {"exception":"[object] (InvalidArgumentException(code: 0): Unsupported sendmail command flags \"/usr/local/bin/mhsendmail --smtp-addr=mailhog:1025\"; must be one of \"-bs\" or \"-t\" but can include additional flags. at /app/vendor/symfony/mailer/Transport/SendmailTransport.php:58)"} []
[2026-05-15T00:54:22.189595+00:00] main.CRITICAL: InvalidArgumentException: Unsupported sendmail command flags "/usr/local/bin/mhsendmail --smtp-addr=mailhog:1025"; must be one of "-bs" or "-t" but can include additional flags. in /app/vendor/symfony/mailer/Transport/SendmailTransport.php:58
Stack trace:
#0 /app/vendor/symfony/mailer/Transport/NativeTransportFactory.php(33): Symfony\Component\Mailer\Transport\SendmailTransport->__construct('/usr/local/bin/...', NULL, NULL)
#1 /app/vendor/magento/module-email/Model/Transport.php(226): Symfony\Component\Mailer\Transport\NativeTransportFactory->create(Object(Symfony\Component\Mailer\Transport\Dsn))
#2 /app/vendor/magento/module-email/Model/Transport.php(159): Magento\Email\Model\Transport->createSendmailTransport()
#3 /app/generated/code/Magento/Email/Model/Transport/Interceptor.php(23): Magento\Email\Model\Transport->getTransport()
#4 /app/vendor/magento/module-email/Model/Transport.php(237): Magento\Email\Model\Transport\Interceptor->getTransport()
#5 /app/vendor/magento/framework/Interception/Interceptor.php(58): Magento\Email\Model\Transport->sendMessage()
#6 /app/vendor/magento/framework/Interception/Interceptor.php(138): Magento\Email\Model\Transport\Interceptor->___callParent('sendMessage', Array)
#7 /app/vendor/magento/module-email/Model/Mail/TransportInterfacePlugin.php(48): Magento\Email\Model\Transport\Interceptor->{closure:Magento\Framework\Interception\Interceptor::___callPlugins():104}()
#8 /app/vendor/magento/framework/Interception/Interceptor.php(135): Magento\Email\Model\Mail\TransportInterfacePlugin->aroundSendMessage(Object(Magento\Email\Model\Transport\Interceptor), Object(Closure))
#9 /app/vendor/magento/framework/Interception/Interceptor.php(153): Magento\Email\Model\Transport\Interceptor->{closure:Magento\Framework\Interception\Interceptor::___callPlugins():104}()
#10 /app/generated/code/Magento/Email/Model/Transport/Interceptor.php(32): Magento\Email\Model\Transport\Interceptor->___callPlugins('sendMessage', Array, NULL)
#11 /app/vendor/magento/module-two-factor-auth/Model/EmailUserNotifier.php(106): Magento\Email\Model\Transport\Interceptor->sendMessage()
#12 /app/vendor/magento/module-two-factor-auth/Model/EmailUserNotifier.php(131): Magento\TwoFactorAuth\Model\EmailUserNotifier->sendConfigRequired(Object(Magento\AdminAdobeIms\Model\User\Interceptor), 'eyJ1c2VyX2lkIjo...', 'tfa_admin_app_c...', 'https://magento...')
#13 /app/vendor/magento/module-two-factor-auth/Model/UserConfig/UserConfigRequestManager.php(82): Magento\TwoFactorAuth\Model\EmailUserNotifier->sendAppConfigRequestMessage(Object(Magento\AdminAdobeIms\Model\User\Interceptor), 'eyJ1c2VyX2lkIjo...')
#14 /app/vendor/magento/module-two-factor-auth/Controller/Adminhtml/Tfa/Requestconfig.php(95): Magento\TwoFactorAuth\Model\UserConfig\UserConfigRequestManager->sendConfigRequestTo(Object(Magento\AdminAdobeIms\Model\User\Interceptor))
#15 /app/vendor/magento/framework/Interception/Interceptor.php(58): Magento\TwoFactorAuth\Controller\Adminhtml\Tfa\Requestconfig->execute()
#16 /app/vendor/magento/framework/Interception/Interceptor.php(138): Magento\TwoFactorAuth\Controller\Adminhtml\Tfa\Requestconfig\Interceptor->___callParent('execute', Array)
#17 /app/vendor/magento/framework/Interception/Interceptor.php(153): Magento\TwoFactorAuth\Controller\Adminhtml\Tfa\Requestconfig\Interceptor->{closure:Magento\Framework\Interception\Interceptor::___callPlugins():104}()
#18 /app/generated/code/Magento/TwoFactorAuth/Controller/Adminhtml/Tfa/Requestconfig/Interceptor.php(23): Magento\TwoFactorAuth\Controller\Adminhtml\Tfa\Requestconfig\Interceptor->___callPlugins('execute', Array, Array)
#19 /app/vendor/magento/framework/App/Action/Action.php(111): Magento\TwoFactorAuth\Controller\Adminhtml\Tfa\Requestconfig\Interceptor->execute()
#20 /app/vendor/magento/module-backend/App/AbstractAction.php(151): Magento\Framework\App\Action\Action->dispatch(Object(Magento\Framework\App\Request\Http))
#21 /app/vendor/magento/module-two-factor-auth/Controller/Adminhtml/AbstractAction.php(31): Magento\Backend\App\AbstractAction->dispatch(Object(Magento\Framework\App\Request\Http))
#22 /app/vendor/magento/framework/Interception/Interceptor.php(58): Magento\TwoFactorAuth\Controller\Adminhtml\AbstractAction->dispatch(Object(Magento\Framework\App\Request\Http))
#23 /app/vendor/magento/framework/Interception/Interceptor.php(138): Magento\TwoFactorAuth\Controller\Adminhtml\Tfa\Requestconfig\Interceptor->___callParent('dispatch', Array)
#24 /app/vendor/magento/module-backend/App/Action/Plugin/Authentication.php(145): Magento\TwoFactorAuth\Controller\Adminhtml\Tfa\Requestconfig\Interceptor->{closure:Magento\Framework\Interception\Interceptor::___callPlugins():104}(Object(Magento\Framework\App\Request\Http))
#25 /app/vendor/magento/framework/Interception/Interceptor.php(135): Magento\Backend\App\Action\Plugin\Authentication->aroundDispatch(Object(Magento\TwoFactorAuth\Controller\Adminhtml\Tfa\Requestconfig\Interceptor), Object(Closure), Object(Magento\Framework\App\Request\Http))
#26 /app/vendor/magento/framework/Interception/Interceptor.php(153): Magento\TwoFactorAuth\Controller\Adminhtml\Tfa\Requestconfig\Interceptor->{closure:Magento\Framework\Interception\Interceptor::___callPlugins():104}(Object(Magento\Framework\App\Request\Http))
#27 /app/generated/code/Magento/TwoFactorAuth/Controller/Adminhtml/Tfa/Requestconfig/Interceptor.php(32): Magento\TwoFactorAuth\Controller\Adminhtml\Tfa\Requestconfig\Interceptor->___callPlugins('dispatch', Array, Array)
#28 /app/vendor/magento/framework/App/FrontController.php(245): Magento\TwoFactorAuth\Controller\Adminhtml\Tfa\Requestconfig\Interceptor->dispatch(Object(Magento\Framework\App\Request\Http))
#29 /app/vendor/magento/framework/App/FrontController.php(212): Magento\Framework\App\FrontController->getActionResponse(Object(Magento\TwoFactorAuth\Controller\Adminhtml\Tfa\Requestconfig\Interceptor), Object(Magento\Framework\App\Request\Http))
#30 /app/vendor/magento/framework/App/FrontController.php(146): Magento\Framework\App\FrontController->processRequest(Object(Magento\Framework\App\Request\Http), Object(Magento\TwoFactorAuth\Controller\Adminhtml\Tfa\Requestconfig\Interceptor))
#31 /app/vendor/magento/framework/Interception/Interceptor.php(58): Magento\Framework\App\FrontController->dispatch(Object(Magento\Framework\App\Request\Http))
#32 /app/vendor/magento/framework/Interception/Interceptor.php(138): Magento\Framework\App\FrontController\Interceptor->___callParent('dispatch', Array)
#33 /app/vendor/magento/framework/Interception/Interceptor.php(153): Magento\Framework\App\FrontController\Interceptor->{closure:Magento\Framework\Interception\Interceptor::___callPlugins():104}(Object(Magento\Framework\App\Request\Http))
#34 /app/generated/code/Magento/Framework/App/FrontController/Interceptor.php(23): Magento\Framework\App\FrontController\Interceptor->___callPlugins('dispatch', Array, Array)
#35 /app/vendor/magento/framework/App/Http.php(116): Magento\Framework\App\FrontController\Interceptor->dispatch(Object(Magento\Framework\App\Request\Http))
#36 /app/vendor/magento/framework/Interception/Interceptor.php(58): Magento\Framework\App\Http->launch()
#37 /app/vendor/magento/framework/Interception/Interceptor.php(138): Magento\Framework\App\Http\Interceptor->___callParent('launch', Array)
#38 /app/vendor/magento/module-application-performance-monitor/Plugin/ApplicationPerformanceMonitor.php(38): Magento\Framework\App\Http\Interceptor->{closure:Magento\Framework\Interception\Interceptor::___callPlugins():104}()
#39 /app/vendor/magento/framework/Interception/Interceptor.php(135): Magento\ApplicationPerformanceMonitor\Plugin\ApplicationPerformanceMonitor->aroundLaunch(Object(Magento\Framework\App\Http\Interceptor), Object(Closure))
#40 /app/vendor/magento/framework/Interception/Interceptor.php(153): Magento\Framework\App\Http\Interceptor->{closure:Magento\Framework\Interception\Interceptor::___callPlugins():104}()
#41 /app/generated/code/Magento/Framework/App/Http/Interceptor.php(23): Magento\Framework\App\Http\Interceptor->___callPlugins('launch', Array, NULL)
#42 /app/vendor/magento/framework/App/Bootstrap.php(264): Magento\Framework\App\Http\Interceptor->launch()
#43 /app/pub/index.php(30): Magento\Framework\App\Bootstrap->run(Object(Magento\Framework\App\Http\Interceptor))
#44 {main}

Next Magento\Framework\Exception\MailException: Unable to send mail. Please try again later. in /app/vendor/magento/module-email/Model/Transport.php:247
Stack trace:
#0 /app/vendor/magento/framework/Interception/Interceptor.php(58): Magento\Email\Model\Transport->sendMessage()
#1 /app/vendor/magento/framework/Interception/Interceptor.php(138): Magento\Email\Model\Transport\Interceptor->___callParent('sendMessage', Array)
#2 /app/vendor/magento/module-email/Model/Mail/TransportInterfacePlugin.php(48): Magento\Email\Model\Transport\Interceptor->{closure:Magento\Framework\Interception\Interceptor::___callPlugins():104}()
#3 /app/vendor/magento/framework/Interception/Interceptor.php(135): Magento\Email\Model\Mail\TransportInterfacePlugin->aroundSendMessage(Object(Magento\Email\Model\Transport\Interceptor), Object(Closure))
#4 /app/vendor/magento/framework/Interception/Interceptor.php(153): Magento\Email\Model\Transport\Interceptor->{closure:Magento\Framework\Interception\Interceptor::___callPlugins():104}()
#5 /app/generated/code/Magento/Email/Model/Transport/Interceptor.php(32): Magento\Email\Model\Transport\Interceptor->___callPlugins('sendMessage', Array, NULL)
#6 /app/vendor/magento/module-two-factor-auth/Model/EmailUserNotifier.php(106): Magento\Email\Model\Transport\Interceptor->sendMessage()
#7 /app/vendor/magento/module-two-factor-auth/Model/EmailUserNotifier.php(131): Magento\TwoFactorAuth\Model\EmailUserNotifier->sendConfigRequired(Object(Magento\AdminAdobeIms\Model\User\Interceptor), 'eyJ1c2VyX2lkIjo...', 'tfa_admin_app_c...', 'https://magento...')
#8 /app/vendor/magento/module-two-factor-auth/Model/UserConfig/UserConfigRequestManager.php(82): Magento\TwoFactorAuth\Model\EmailUserNotifier->sendAppConfigRequestMessage(Object(Magento\AdminAdobeIms\Model\User\Interceptor), 'eyJ1c2VyX2lkIjo...')
#9 /app/vendor/magento/module-two-factor-auth/Controller/Adminhtml/Tfa/Requestconfig.php(95): Magento\TwoFactorAuth\Model\UserConfig\UserConfigRequestManager->sendConfigRequestTo(Object(Magento\AdminAdobeIms\Model\User\Interceptor))
#10 /app/vendor/magento/framework/Interception/Interceptor.php(58): Magento\TwoFactorAuth\Controller\Adminhtml\Tfa\Requestconfig->execute()
#11 /app/vendor/magento/framework/Interception/Interceptor.php(138): Magento\TwoFactorAuth\Controller\Adminhtml\Tfa\Requestconfig\Interceptor->___callParent('execute', Array)
#12 /app/vendor/magento/framework/Interception/Interceptor.php(153): Magento\TwoFactorAuth\Controller\Adminhtml\Tfa\Requestconfig\Interceptor->{closure:Magento\Framework\Interception\Interceptor::___callPlugins():104}()
#13 /app/generated/code/Magento/TwoFactorAuth/Controller/Adminhtml/Tfa/Requestconfig/Interceptor.php(23): Magento\TwoFactorAuth\Controller\Adminhtml\Tfa\Requestconfig\Interceptor->___callPlugins('execute', Array, Array)
#14 /app/vendor/magento/framework/App/Action/Action.php(111): Magento\TwoFactorAuth\Controller\Adminhtml\Tfa\Requestconfig\Interceptor->execute()
#15 /app/vendor/magento/module-backend/App/AbstractAction.php(151): Magento\Framework\App\Action\Action->dispatch(Object(Magento\Framework\App\Request\Http))
#16 /app/vendor/magento/module-two-factor-auth/Controller/Adminhtml/AbstractAction.php(31): Magento\Backend\App\AbstractAction->dispatch(Object(Magento\Framework\App\Request\Http))
#17 /app/vendor/magento/framework/Interception/Interceptor.php(58): Magento\TwoFactorAuth\Controller\Adminhtml\AbstractAction->dispatch(Object(Magento\Framework\App\Request\Http))
#18 /app/vendor/magento/framework/Interception/Interceptor.php(138): Magento\TwoFactorAuth\Controller\Adminhtml\Tfa\Requestconfig\Interceptor->___callParent('dispatch', Array)
#19 /app/vendor/magento/module-backend/App/Action/Plugin/Authentication.php(145): Magento\TwoFactorAuth\Controller\Adminhtml\Tfa\Requestconfig\Interceptor->{closure:Magento\Framework\Interception\Interceptor::___callPlugins():104}(Object(Magento\Framework\App\Request\Http))
#20 /app/vendor/magento/framework/Interception/Interceptor.php(135): Magento\Backend\App\Action\Plugin\Authentication->aroundDispatch(Object(Magento\TwoFactorAuth\Controller\Adminhtml\Tfa\Requestconfig\Interceptor), Object(Closure), Object(Magento\Framework\App\Request\Http))
#21 /app/vendor/magento/framework/Interception/Interceptor.php(153): Magento\TwoFactorAuth\Controller\Adminhtml\Tfa\Requestconfig\Interceptor->{closure:Magento\Framework\Interception\Interceptor::___callPlugins():104}(Object(Magento\Framework\App\Request\Http))
#22 /app/generated/code/Magento/TwoFactorAuth/Controller/Adminhtml/Tfa/Requestconfig/Interceptor.php(32): Magento\TwoFactorAuth\Controller\Adminhtml\Tfa\Requestconfig\Interceptor->___callPlugins('dispatch', Array, Array)
#23 /app/vendor/magento/framework/App/FrontController.php(245): Magento\TwoFactorAuth\Controller\Adminhtml\Tfa\Requestconfig\Interceptor->dispatch(Object(Magento\Framework\App\Request\Http))
#24 /app/vendor/magento/framework/App/FrontController.php(212): Magento\Framework\App\FrontController->getActionResponse(Object(Magento\TwoFactorAuth\Controller\Adminhtml\Tfa\Requestconfig\Interceptor), Object(Magento\Framework\App\Request\Http))
#25 /app/vendor/magento/framework/App/FrontController.php(146): Magento\Framework\App\FrontController->processRequest(Object(Magento\Framework\App\Request\Http), Object(Magento\TwoFactorAuth\Controller\Adminhtml\Tfa\Requestconfig\Interceptor))
#26 /app/vendor/magento/framework/Interception/Interceptor.php(58): Magento\Framework\App\FrontController->dispatch(Object(Magento\Framework\App\Request\Http))
#27 /app/vendor/magento/framework/Interception/Interceptor.php(138): Magento\Framework\App\FrontController\Interceptor->___callParent('dispatch', Array)
#28 /app/vendor/magento/framework/Interception/Interceptor.php(153): Magento\Framework\App\FrontController\Interceptor->{closure:Magento\Framework\Interception\Interceptor::___callPlugins():104}(Object(Magento\Framework\App\Request\Http))
#29 /app/generated/code/Magento/Framework/App/FrontController/Interceptor.php(23): Magento\Framework\App\FrontController\Interceptor->___callPlugins('dispatch', Array, Array)
#30 /app/vendor/magento/framework/App/Http.php(116): Magento\Framework\App\FrontController\Interceptor->dispatch(Object(Magento\Framework\App\Request\Http))
#31 /app/vendor/magento/framework/Interception/Interceptor.php(58): Magento\Framework\App\Http->launch()
#32 /app/vendor/magento/framework/Interception/Interceptor.php(138): Magento\Framework\App\Http\Interceptor->___callParent('launch', Array)
#33 /app/vendor/magento/module-application-performance-monitor/Plugin/ApplicationPerformanceMonitor.php(38): Magento\Framework\App\Http\Interceptor->{closure:Magento\Framework\Interception\Interceptor::___callPlugins():104}()
#34 /app/vendor/magento/framework/Interception/Interceptor.php(135): Magento\ApplicationPerformanceMonitor\Plugin\ApplicationPerformanceMonitor->aroundLaunch(Object(Magento\Framework\App\Http\Interceptor), Object(Closure))
#35 /app/vendor/magento/framework/Interception/Interceptor.php(153): Magento\Framework\App\Http\Interceptor->{closure:Magento\Framework\Interception\Interceptor::___callPlugins():104}()
#36 /app/generated/code/Magento/Framework/App/Http/Interceptor.php(23): Magento\Framework\App\Http\Interceptor->___callPlugins('launch', Array, NULL)
#37 /app/vendor/magento/framework/App/Bootstrap.php(264): Magento\Framework\App\Http\Interceptor->launch()
#38 /app/pub/index.php(30): Magento\Framework\App\Bootstrap->run(Object(Magento\Framework\App\Http\Interceptor))
#39 {main} {"exception":"[object] (Magento\\Framework\\Exception\\MailException(code: 0): Unable to send mail. Please try again later. at /app/vendor/magento/module-email/Model/Transport.php:247)
[previous exception] [object] (InvalidArgumentException(code: 0): Unsupported sendmail command flags \"/usr/local/bin/mhsendmail --smtp-addr=mailhog:1025\"; must be one of \"-bs\" or \"-t\" but can include additional flags. at /app/vendor/symfony/mailer/Transport/SendmailTransport.php:58)"} []
[2026-05-15T00:54:22.241850+00:00] main.INFO: Broken reference: the 'tracking' element cannot be added as child to 'header', because the latter doesn't exist [] []
[2026-05-15T00:54:22.242311+00:00] main.INFO: Broken reference: the 'notification_area' element cannot be added as child to 'notifications', because the latter doesn't exist [] []
[2026-05-15T00:54:22.242620+00:00] main.INFO: Broken reference: the 'unread_system_messages' element cannot be added as child to 'notifications', because the latter doesn't exist [] []
[2026-05-15T00:54:22.242918+00:00] main.INFO: Broken reference: the 'notification_window' element cannot be added as child to 'notifications', because the latter doesn't exist [] []
[2026-05-15T00:54:22.243233+00:00] main.INFO: Broken reference: the 'notification.messages' element cannot be added as child to 'header', because the latter doesn't exist [] []
[2026-05-15T00:54:22.243513+00:00] main.INFO: Broken reference: the 'global_notices' element cannot be added as child to 'global.notices', because the latter doesn't exist [] []
[2026-05-15T00:54:22.243786+00:00] main.INFO: Broken reference: the 'logo' element cannot be added as child to 'header', because the latter doesn't exist [] []
[2026-05-15T00:54:22.244083+00:00] main.INFO: Broken reference: the 'global.search' element cannot be added as child to 'header', because the latter doesn't exist [] []
[2026-05-15T00:54:22.244376+00:00] main.INFO: Broken reference: the 'user' element cannot be added as child to 'header', because the latter doesn't exist [] []
[2026-05-15T00:54:22.244659+00:00] main.INFO: Broken reference: the 'menu' element cannot be added as child to 'page.menu', because the latter doesn't exist [] []
[2026-05-15T00:54:22.244961+00:00] main.INFO: Broken reference: the 'breadcrumbs' element cannot be added as child to 'page.breadcrumbs', because the latter doesn't exist [] []
[2026-05-15T00:54:22.245272+00:00] main.INFO: Broken reference: the 'formkey' element cannot be added as child to 'page.formkey', because the latter doesn't exist [] []
[2026-05-15T00:54:22.245545+00:00] main.INFO: Broken reference: the 'page.title' element cannot be added as child to 'main.top', because the latter doesn't exist [] []
[2026-05-15T00:54:22.245865+00:00] main.INFO: Broken reference: the 'messages' element cannot be added as child to 'page.messages', because the latter doesn't exist [] []
[2026-05-15T00:54:22.246186+00:00] main.INFO: Broken reference: the 'page.actions.toolbar' element cannot be added as child to 'page.main.actions', because the latter doesn't exist [] []
[2026-05-15T00:54:22.246467+00:00] main.INFO: Broken reference: the 'legal' element cannot be added as child to 'footer', because the latter doesn't exist [] []
[2026-05-15T00:54:22.246973+00:00] main.INFO: Broken reference: the 'header.inner.left' element cannot be added as child to 'header', because the latter doesn't exist [] []
[2026-05-15T00:54:22.247287+00:00] main.INFO: Broken reference: the 'header.inner.right' element cannot be added as child to 'header', because the latter doesn't exist [] []
[2026-05-15T00:54:22.247639+00:00] main.INFO: Broken reference: the 'user' tries to reorder itself towards '', but their parents are different: 'header' and '' respectively. [] []
[2026-05-15T00:54:22.247893+00:00] main.INFO: Broken reference: the 'notification.messages' tries to reorder itself towards 'user', but their parents are different: 'header' and '' respectively. [] []
[2026-05-15T00:54:22.248201+00:00] main.INFO: Broken reference: the 'logo' tries to reorder itself towards '', but their parents are different: 'header' and '' respectively. [] []
[2026-05-15T00:54:22.248478+00:00] main.INFO: Broken reference: the 'global.search' tries to reorder itself towards 'logo', but their parents are different: 'header' and '' respectively. [] []
[2026-05-15T00:54:22.248747+00:00] main.INFO: Broken reference: the 'page.actions.toolbar' tries to reorder itself towards '', but their parents are different: 'page.main.actions' and '' respectively. [] []
[2026-05-15T00:54:22.249132+00:00] main.INFO: Broken reference: the 'header.inner.left' tries to reorder itself towards '', but their parents are different: 'header' and '' respectively. [] []
[2026-05-15T00:54:22.249403+00:00] main.INFO: Broken reference: the 'header.inner.right' tries to reorder itself towards 'header.inner.left', but their parents are different: 'header' and '' respectively. [] []
[2026-05-15T00:54:22.249704+00:00] main.INFO: Broken reference: the 'notification.messages' tries to reorder itself towards 'user', but their parents are different: 'header.inner.right' and '' respectively. [] []
[2026-05-15T00:58:38.403337+00:00] main.DEBUG: cache_invalidate:  {"method":"GET","url":"http:/","invalidateInfo":{"tags":["FPC","MAGE"],"mode":"matchingTag"}} []
[2026-05-15T00:58:38.403975+00:00] main.DEBUG: cache_invalidate:  {"method":"GET","url":"http:/","invalidateInfo":{"tags":["FPC"],"mode":"matchingTag"}} []
[2026-05-15T00:58:38.420485+00:00] main.DEBUG: cache_invalidate:  {"method":"GET","url":"http:/","invalidateInfo":{"tags":["MAGE"],"mode":"matchingTag"}} []
[2026-05-15T00:58:38.420719+00:00] main.DEBUG: cache_invalidate:  {"method":"GET","url":"http:/","invalidateInfo":{"tags":[],"mode":"all"},"trace":"Exception: full purge of cache storage triggered in /app/vendor/magento/framework/Cache/InvalidateLogger.php:52
Stack trace:
#0 /app/vendor/magento/framework/Cache/Frontend/Decorator/Logger.php(62): Magento\\Framework\\Cache\\InvalidateLogger->execute(Array)
#1 /app/vendor/magento/framework/Cache/Frontend/Decorator/Logger.php(50): Magento\\Framework\\Cache\\Frontend\\Decorator\\Logger->log(Array)
#2 /app/vendor/magento/framework/Cache/Frontend/Decorator/Bare.php(92): Magento\\Framework\\Cache\\Frontend\\Decorator\\Logger->clean('all', Array)
#3 /app/vendor/magento/framework/App/Cache/Type/AccessProxy.php(110): Magento\\Framework\\Cache\\Frontend\\Decorator\\Bare->clean('all', Array)
#4 /app/vendor/magento/framework/App/Cache/Manager.php(111): Magento\\Framework\\App\\Cache\\Type\\AccessProxy->clean()
#5 /app/vendor/magento/module-backend/Console/Command/CacheFlushCommand.php(39): Magento\\Framework\\App\\Cache\\Manager->flush(Array)
#6 /app/vendor/magento/module-backend/Console/Command/AbstractCacheTypeManageCommand.php(64): Magento\\Backend\\Console\\Command\\CacheFlushCommand->performAction(Array)
#7 /app/vendor/symfony/console/Command/Command.php(341): Magento\\Backend\\Console\\Command\\AbstractCacheTypeManageCommand->execute(Object(Symfony\\Component\\Console\\Input\\ArgvInput), Object(Symfony\\Component\\Console\\Output\\ConsoleOutput))
#8 /app/vendor/magento/framework/Interception/Interceptor.php(58): Symfony\\Component\\Console\\Command\\Command->run(Object(Symfony\\Component\\Console\\Input\\ArgvInput), Object(Symfony\\Component\\Console\\Output\\ConsoleOutput))
#9 /app/vendor/magento/framework/Interception/Interceptor.php(138): Magento\\Backend\\Console\\Command\\CacheFlushCommand\\Interceptor->___callParent('run', Array)
#10 /app/vendor/magento/framework/Interception/Interceptor.php(153): Magento\\Backend\\Console\\Command\\CacheFlushCommand\\Interceptor->{closure:Magento\\Framework\\Interception\\Interceptor::___callPlugins():104}(Object(Symfony\\Component\\Console\\Input\\ArgvInput), Object(Symfony\\Component\\Console\\Output\\ConsoleOutput))
#11 /app/generated/code/Magento/Backend/Console/Command/CacheFlushCommand/Interceptor.php(77): Magento\\Backend\\Console\\Command\\CacheFlushCommand\\Interceptor->___callPlugins('run', Array, Array)
#12 /app/vendor/symfony/console/Application.php(1094): Magento\\Backend\\Console\\Command\\CacheFlushCommand\\Interceptor->run(Object(Symfony\\Component\\Console\\Input\\ArgvInput), Object(Symfony\\Component\\Console\\Output\\ConsoleOutput))
#13 /app/vendor/symfony/console/Application.php(356): Symfony\\Component\\Console\\Application->doRunCommand(Object(Magento\\Backend\\Console\\Command\\CacheFlushCommand\\Interceptor), Object(Symfony\\Component\\Console\\Input\\ArgvInput), Object(Symfony\\Component\\Console\\Output\\ConsoleOutput))
#14 /app/vendor/magento/framework/Console/Cli.php(137): Symfony\\Component\\Console\\Application->doRun(Object(Symfony\\Component\\Console\\Input\\ArgvInput), Object(Symfony\\Component\\Console\\Output\\ConsoleOutput))
#15 /app/vendor/symfony/console/Application.php(195): Magento\\Framework\\Console\\Cli->doRun(Object(Symfony\\Component\\Console\\Input\\ArgvInput), Object(Symfony\\Component\\Console\\Output\\ConsoleOutput))
#16 /app/bin/magento(23): Symfony\\Component\\Console\\Application->run()
#17 {main}"} []
[2026-05-15T00:58:38.423556+00:00] main.DEBUG: cache_invalidate:  {"method":"GET","url":"http:/","invalidateInfo":{"tags":["MAGE"],"mode":"matchingTag"}} []
[2026-05-15T00:58:38.423740+00:00] main.DEBUG: cache_invalidate:  {"method":"GET","url":"http:/","invalidateInfo":{"tags":[],"mode":"all"},"trace":"Exception: full purge of cache storage triggered in /app/vendor/magento/framework/Cache/InvalidateLogger.php:52
Stack trace:
#0 /app/vendor/magento/framework/Cache/Frontend/Decorator/Logger.php(62): Magento\\Framework\\Cache\\InvalidateLogger->execute(Array)
#1 /app/vendor/magento/framework/Cache/Frontend/Decorator/Logger.php(50): Magento\\Framework\\Cache\\Frontend\\Decorator\\Logger->log(Array)
#2 /app/vendor/magento/framework/Cache/Frontend/Decorator/Bare.php(92): Magento\\Framework\\Cache\\Frontend\\Decorator\\Logger->clean('all', Array)
#3 /app/vendor/magento/framework/App/Cache/Type/AccessProxy.php(110): Magento\\Framework\\Cache\\Frontend\\Decorator\\Bare->clean('all', Array)
#4 /app/vendor/magento/framework/App/Cache/Manager.php(111): Magento\\Framework\\App\\Cache\\Type\\AccessProxy->clean()
#5 /app/vendor/magento/module-backend/Console/Command/CacheFlushCommand.php(39): Magento\\Framework\\App\\Cache\\Manager->flush(Array)
#6 /app/vendor/magento/module-backend/Console/Command/AbstractCacheTypeManageCommand.php(64): Magento\\Backend\\Console\\Command\\CacheFlushCommand->performAction(Array)
#7 /app/vendor/symfony/console/Command/Command.php(341): Magento\\Backend\\Console\\Command\\AbstractCacheTypeManageCommand->execute(Object(Symfony\\Component\\Console\\Input\\ArgvInput), Object(Symfony\\Component\\Console\\Output\\ConsoleOutput))
#8 /app/vendor/magento/framework/Interception/Interceptor.php(58): Symfony\\Component\\Console\\Command\\Command->run(Object(Symfony\\Component\\Console\\Input\\ArgvInput), Object(Symfony\\Component\\Console\\Output\\ConsoleOutput))
#9 /app/vendor/magento/framework/Interception/Interceptor.php(138): Magento\\Backend\\Console\\Command\\CacheFlushCommand\\Interceptor->___callParent('run', Array)
#10 /app/vendor/magento/framework/Interception/Interceptor.php(153): Magento\\Backend\\Console\\Command\\CacheFlushCommand\\Interceptor->{closure:Magento\\Framework\\Interception\\Interceptor::___callPlugins():104}(Object(Symfony\\Component\\Console\\Input\\ArgvInput), Object(Symfony\\Component\\Console\\Output\\ConsoleOutput))
#11 /app/generated/code/Magento/Backend/Console/Command/CacheFlushCommand/Interceptor.php(77): Magento\\Backend\\Console\\Command\\CacheFlushCommand\\Interceptor->___callPlugins('run', Array, Array)
#12 /app/vendor/symfony/console/Application.php(1094): Magento\\Backend\\Console\\Command\\CacheFlushCommand\\Interceptor->run(Object(Symfony\\Component\\Console\\Input\\ArgvInput), Object(Symfony\\Component\\Console\\Output\\ConsoleOutput))
#13 /app/vendor/symfony/console/Application.php(356): Symfony\\Component\\Console\\Application->doRunCommand(Object(Magento\\Backend\\Console\\Command\\CacheFlushCommand\\Interceptor), Object(Symfony\\Component\\Console\\Input\\ArgvInput), Object(Symfony\\Component\\Console\\Output\\ConsoleOutput))
#14 /app/vendor/magento/framework/Console/Cli.php(137): Symfony\\Component\\Console\\Application->doRun(Object(Symfony\\Component\\Console\\Input\\ArgvInput), Object(Symfony\\Component\\Console\\Output\\ConsoleOutput))
#15 /app/vendor/symfony/console/Application.php(195): Magento\\Framework\\Console\\Cli->doRun(Object(Symfony\\Component\\Console\\Input\\ArgvInput), Object(Symfony\\Component\\Console\\Output\\ConsoleOutput))
#16 /app/bin/magento(23): Symfony\\Component\\Console\\Application->run()
#17 {main}"} []
[2026-05-15T00:58:38.427129+00:00] main.DEBUG: cache_invalidate:  {"method":"GET","url":"http:/","invalidateInfo":{"tags":["MAGE"],"mode":"matchingTag"}} []
[2026-05-15T00:58:38.427319+00:00] main.DEBUG: cache_invalidate:  {"method":"GET","url":"http:/","invalidateInfo":{"tags":[],"mode":"all"},"trace":"Exception: full purge of cache storage triggered in /app/vendor/magento/framework/Cache/InvalidateLogger.php:52
Stack trace:
#0 /app/vendor/magento/framework/Cache/Frontend/Decorator/Logger.php(62): Magento\\Framework\\Cache\\InvalidateLogger->execute(Array)
#1 /app/vendor/magento/framework/Cache/Frontend/Decorator/Logger.php(50): Magento\\Framework\\Cache\\Frontend\\Decorator\\Logger->log(Array)
#2 /app/vendor/magento/framework/Cache/Frontend/Decorator/Bare.php(92): Magento\\Framework\\Cache\\Frontend\\Decorator\\Logger->clean('all', Array)
#3 /app/vendor/magento/framework/App/Cache/Type/AccessProxy.php(110): Magento\\Framework\\Cache\\Frontend\\Decorator\\Bare->clean('all', Array)
#4 /app/vendor/magento/framework/App/Cache/Manager.php(111): Magento\\Framework\\App\\Cache\\Type\\AccessProxy->clean()
#5 /app/vendor/magento/module-backend/Console/Command/CacheFlushCommand.php(39): Magento\\Framework\\App\\Cache\\Manager->flush(Array)
#6 /app/vendor/magento/module-backend/Console/Command/AbstractCacheTypeManageCommand.php(64): Magento\\Backend\\Console\\Command\\CacheFlushCommand->performAction(Array)
#7 /app/vendor/symfony/console/Command/Command.php(341): Magento\\Backend\\Console\\Command\\AbstractCacheTypeManageCommand->execute(Object(Symfony\\Component\\Console\\Input\\ArgvInput), Object(Symfony\\Component\\Console\\Output\\ConsoleOutput))
#8 /app/vendor/magento/framework/Interception/Interceptor.php(58): Symfony\\Component\\Console\\Command\\Command->run(Object(Symfony\\Component\\Console\\Input\\ArgvInput), Object(Symfony\\Component\\Console\\Output\\ConsoleOutput))
#9 /app/vendor/magento/framework/Interception/Interceptor.php(138): Magento\\Backend\\Console\\Command\\CacheFlushCommand\\Interceptor->___callParent('run', Array)
#10 /app/vendor/magento/framework/Interception/Interceptor.php(153): Magento\\Backend\\Console\\Command\\CacheFlushCommand\\Interceptor->{closure:Magento\\Framework\\Interception\\Interceptor::___callPlugins():104}(Object(Symfony\\Component\\Console\\Input\\ArgvInput), Object(Symfony\\Component\\Console\\Output\\ConsoleOutput))
#11 /app/generated/code/Magento/Backend/Console/Command/CacheFlushCommand/Interceptor.php(77): Magento\\Backend\\Console\\Command\\CacheFlushCommand\\Interceptor->___callPlugins('run', Array, Array)
#12 /app/vendor/symfony/console/Application.php(1094): Magento\\Backend\\Console\\Command\\CacheFlushCommand\\Interceptor->run(Object(Symfony\\Component\\Console\\Input\\ArgvInput), Object(Symfony\\Component\\Console\\Output\\ConsoleOutput))
#13 /app/vendor/symfony/console/Application.php(356): Symfony\\Component\\Console\\Application->doRunCommand(Object(Magento\\Backend\\Console\\Command\\CacheFlushCommand\\Interceptor), Object(Symfony\\Component\\Console\\Input\\ArgvInput), Object(Symfony\\Component\\Console\\Output\\ConsoleOutput))
#14 /app/vendor/magento/framework/Console/Cli.php(137): Symfony\\Component\\Console\\Application->doRun(Object(Symfony\\Component\\Console\\Input\\ArgvInput), Object(Symfony\\Component\\Console\\Output\\ConsoleOutput))
#15 /app/vendor/symfony/console/Application.php(195): Magento\\Framework\\Console\\Cli->doRun(Object(Symfony\\Component\\Console\\Input\\ArgvInput), Object(Symfony\\Component\\Console\\Output\\ConsoleOutput))
#16 /app/bin/magento(23): Symfony\\Component\\Console\\Application->run()
#17 {main}"} []
[2026-05-15T00:58:38.430558+00:00] main.DEBUG: cache_invalidate:  {"method":"GET","url":"http:/","invalidateInfo":{"tags":["MAGE"],"mode":"matchingTag"}} []
[2026-05-15T00:58:38.430842+00:00] main.DEBUG: cache_invalidate:  {"method":"GET","url":"http:/","invalidateInfo":{"tags":[],"mode":"all"},"trace":"Exception: full purge of cache storage triggered in /app/vendor/magento/framework/Cache/InvalidateLogger.php:52
Stack trace:
#0 /app/vendor/magento/framework/Cache/Frontend/Decorator/Logger.php(62): Magento\\Framework\\Cache\\InvalidateLogger->execute(Array)
#1 /app/vendor/magento/framework/Cache/Frontend/Decorator/Logger.php(50): Magento\\Framework\\Cache\\Frontend\\Decorator\\Logger->log(Array)
#2 /app/vendor/magento/framework/Cache/Frontend/Decorator/Bare.php(92): Magento\\Framework\\Cache\\Frontend\\Decorator\\Logger->clean('all', Array)
#3 /app/vendor/magento/framework/App/Cache/Type/AccessProxy.php(110): Magento\\Framework\\Cache\\Frontend\\Decorator\\Bare->clean('all', Array)
#4 /app/vendor/magento/framework/App/Cache/Manager.php(111): Magento\\Framework\\App\\Cache\\Type\\AccessProxy->clean()
#5 /app/vendor/magento/module-backend/Console/Command/CacheFlushCommand.php(39): Magento\\Framework\\App\\Cache\\Manager->flush(Array)
#6 /app/vendor/magento/module-backend/Console/Command/AbstractCacheTypeManageCommand.php(64): Magento\\Backend\\Console\\Command\\CacheFlushCommand->performAction(Array)
#7 /app/vendor/symfony/console/Command/Command.php(341): Magento\\Backend\\Console\\Command\\AbstractCacheTypeManageCommand->execute(Object(Symfony\\Component\\Console\\Input\\ArgvInput), Object(Symfony\\Component\\Console\\Output\\ConsoleOutput))
#8 /app/vendor/magento/framework/Interception/Interceptor.php(58): Symfony\\Component\\Console\\Command\\Command->run(Object(Symfony\\Component\\Console\\Input\\ArgvInput), Object(Symfony\\Component\\Console\\Output\\ConsoleOutput))
#9 /app/vendor/magento/framework/Interception/Interceptor.php(138): Magento\\Backend\\Console\\Command\\CacheFlushCommand\\Interceptor->___callParent('run', Array)
#10 /app/vendor/magento/framework/Interception/Interceptor.php(153): Magento\\Backend\\Console\\Command\\CacheFlushCommand\\Interceptor->{closure:Magento\\Framework\\Interception\\Interceptor::___callPlugins():104}(Object(Symfony\\Component\\Console\\Input\\ArgvInput), Object(Symfony\\Component\\Console\\Output\\ConsoleOutput))
#11 /app/generated/code/Magento/Backend/Console/Command/CacheFlushCommand/Interceptor.php(77): Magento\\Backend\\Console\\Command\\CacheFlushCommand\\Interceptor->___callPlugins('run', Array, Array)
#12 /app/vendor/symfony/console/Application.php(1094): Magento\\Backend\\Console\\Command\\CacheFlushCommand\\Interceptor->run(Object(Symfony\\Component\\Console\\Input\\ArgvInput), Object(Symfony\\Component\\Console\\Output\\ConsoleOutput))
#13 /app/vendor/symfony/console/Application.php(356): Symfony\\Component\\Console\\Application->doRunCommand(Object(Magento\\Backend\\Console\\Command\\CacheFlushCommand\\Interceptor), Object(Symfony\\Component\\Console\\Input\\ArgvInput), Object(Symfony\\Component\\Console\\Output\\ConsoleOutput))
#14 /app/vendor/magento/framework/Console/Cli.php(137): Symfony\\Component\\Console\\Application->doRun(Object(Symfony\\Component\\Console\\Input\\ArgvInput), Object(Symfony\\Component\\Console\\Output\\ConsoleOutput))
#15 /app/vendor/symfony/console/Application.php(195): Magento\\Framework\\Console\\Cli->doRun(Object(Symfony\\Component\\Console\\Input\\ArgvInput), Object(Symfony\\Component\\Console\\Output\\ConsoleOutput))
#16 /app/bin/magento(23): Symfony\\Component\\Console\\Application->run()
#17 {main}"} []
[2026-05-15T00:58:38.434536+00:00] main.DEBUG: cache_invalidate:  {"method":"GET","url":"http:/","invalidateInfo":{"tags":["MAGE"],"mode":"matchingTag"}} []
[2026-05-15T00:58:38.434782+00:00] main.DEBUG: cache_invalidate:  {"method":"GET","url":"http:/","invalidateInfo":{"tags":[],"mode":"all"},"trace":"Exception: full purge of cache storage triggered in /app/vendor/magento/framework/Cache/InvalidateLogger.php:52
Stack trace:
#0 /app/vendor/magento/framework/Cache/Frontend/Decorator/Logger.php(62): Magento\\Framework\\Cache\\InvalidateLogger->execute(Array)
#1 /app/vendor/magento/framework/Cache/Frontend/Decorator/Logger.php(50): Magento\\Framework\\Cache\\Frontend\\Decorator\\Logger->log(Array)
#2 /app/vendor/magento/framework/Cache/Frontend/Decorator/Bare.php(92): Magento\\Framework\\Cache\\Frontend\\Decorator\\Logger->clean('all', Array)
#3 /app/vendor/magento/framework/App/Cache/Type/AccessProxy.php(110): Magento\\Framework\\Cache\\Frontend\\Decorator\\Bare->clean('all', Array)
#4 /app/vendor/magento/framework/App/Cache/Manager.php(111): Magento\\Framework\\App\\Cache\\Type\\AccessProxy->clean()
#5 /app/vendor/magento/module-backend/Console/Command/CacheFlushCommand.php(39): Magento\\Framework\\App\\Cache\\Manager->flush(Array)
#6 /app/vendor/magento/module-backend/Console/Command/AbstractCacheTypeManageCommand.php(64): Magento\\Backend\\Console\\Command\\CacheFlushCommand->performAction(Array)
#7 /app/vendor/symfony/console/Command/Command.php(341): Magento\\Backend\\Console\\Command\\AbstractCacheTypeManageCommand->execute(Object(Symfony\\Component\\Console\\Input\\ArgvInput), Object(Symfony\\Component\\Console\\Output\\ConsoleOutput))
#8 /app/vendor/magento/framework/Interception/Interceptor.php(58): Symfony\\Component\\Console\\Command\\Command->run(Object(Symfony\\Component\\Console\\Input\\ArgvInput), Object(Symfony\\Component\\Console\\Output\\ConsoleOutput))
#9 /app/vendor/magento/framework/Interception/Interceptor.php(138): Magento\\Backend\\Console\\Command\\CacheFlushCommand\\Interceptor->___callParent('run', Array)
#10 /app/vendor/magento/framework/Interception/Interceptor.php(153): Magento\\Backend\\Console\\Command\\CacheFlushCommand\\Interceptor->{closure:Magento\\Framework\\Interception\\Interceptor::___callPlugins():104}(Object(Symfony\\Component\\Console\\Input\\ArgvInput), Object(Symfony\\Component\\Console\\Output\\ConsoleOutput))
#11 /app/generated/code/Magento/Backend/Console/Command/CacheFlushCommand/Interceptor.php(77): Magento\\Backend\\Console\\Command\\CacheFlushCommand\\Interceptor->___callPlugins('run', Array, Array)
#12 /app/vendor/symfony/console/Application.php(1094): Magento\\Backend\\Console\\Command\\CacheFlushCommand\\Interceptor->run(Object(Symfony\\Component\\Console\\Input\\ArgvInput), Object(Symfony\\Component\\Console\\Output\\ConsoleOutput))
#13 /app/vendor/symfony/console/Application.php(356): Symfony\\Component\\Console\\Application->doRunCommand(Object(Magento\\Backend\\Console\\Command\\CacheFlushCommand\\Interceptor), Object(Symfony\\Component\\Console\\Input\\ArgvInput), Object(Symfony\\Component\\Console\\Output\\ConsoleOutput))
#14 /app/vendor/magento/framework/Console/Cli.php(137): Symfony\\Component\\Console\\Application->doRun(Object(Symfony\\Component\\Console\\Input\\ArgvInput), Object(Symfony\\Component\\Console\\Output\\ConsoleOutput))
#15 /app/vendor/symfony/console/Application.php(195): Magento\\Framework\\Console\\Cli->doRun(Object(Symfony\\Component\\Console\\Input\\ArgvInput), Object(Symfony\\Component\\Console\\Output\\ConsoleOutput))
#16 /app/bin/magento(23): Symfony\\Component\\Console\\Application->run()
#17 {main}"} []
[2026-05-15T00:58:38.438156+00:00] main.DEBUG: cache_invalidate:  {"method":"GET","url":"http:/","invalidateInfo":{"tags":["MAGE"],"mode":"matchingTag"}} []
[2026-05-15T00:58:38.438343+00:00] main.DEBUG: cache_invalidate:  {"method":"GET","url":"http:/","invalidateInfo":{"tags":[],"mode":"all"},"trace":"Exception: full purge of cache storage triggered in /app/vendor/magento/framework/Cache/InvalidateLogger.php:52
Stack trace:
#0 /app/vendor/magento/framework/Cache/Frontend/Decorator/Logger.php(62): Magento\\Framework\\Cache\\InvalidateLogger->execute(Array)
#1 /app/vendor/magento/framework/Cache/Frontend/Decorator/Logger.php(50): Magento\\Framework\\Cache\\Frontend\\Decorator\\Logger->log(Array)
#2 /app/vendor/magento/framework/Cache/Frontend/Decorator/Bare.php(92): Magento\\Framework\\Cache\\Frontend\\Decorator\\Logger->clean('all', Array)
#3 /app/vendor/magento/framework/App/Cache/Type/AccessProxy.php(110): Magento\\Framework\\Cache\\Frontend\\Decorator\\Bare->clean('all', Array)
#4 /app/vendor/magento/framework/App/Cache/Manager.php(111): Magento\\Framework\\App\\Cache\\Type\\AccessProxy->clean()
#5 /app/vendor/magento/module-backend/Console/Command/CacheFlushCommand.php(39): Magento\\Framework\\App\\Cache\\Manager->flush(Array)
#6 /app/vendor/magento/module-backend/Console/Command/AbstractCacheTypeManageCommand.php(64): Magento\\Backend\\Console\\Command\\CacheFlushCommand->performAction(Array)
#7 /app/vendor/symfony/console/Command/Command.php(341): Magento\\Backend\\Console\\Command\\AbstractCacheTypeManageCommand->execute(Object(Symfony\\Component\\Console\\Input\\ArgvInput), Object(Symfony\\Component\\Console\\Output\\ConsoleOutput))
#8 /app/vendor/magento/framework/Interception/Interceptor.php(58): Symfony\\Component\\Console\\Command\\Command->run(Object(Symfony\\Component\\Console\\Input\\ArgvInput), Object(Symfony\\Component\\Console\\Output\\ConsoleOutput))
#9 /app/vendor/magento/framework/Interception/Interceptor.php(138): Magento\\Backend\\Console\\Command\\CacheFlushCommand\\Interceptor->___callParent('run', Array)
#10 /app/vendor/magento/framework/Interception/Interceptor.php(153): Magento\\Backend\\Console\\Command\\CacheFlushCommand\\Interceptor->{closure:Magento\\Framework\\Interception\\Interceptor::___callPlugins():104}(Object(Symfony\\Component\\Console\\Input\\ArgvInput), Object(Symfony\\Component\\Console\\Output\\ConsoleOutput))
#11 /app/generated/code/Magento/Backend/Console/Command/CacheFlushCommand/Interceptor.php(77): Magento\\Backend\\Console\\Command\\CacheFlushCommand\\Interceptor->___callPlugins('run', Array, Array)
#12 /app/vendor/symfony/console/Application.php(1094): Magento\\Backend\\Console\\Command\\CacheFlushCommand\\Interceptor->run(Object(Symfony\\Component\\Console\\Input\\ArgvInput), Object(Symfony\\Component\\Console\\Output\\ConsoleOutput))
#13 /app/vendor/symfony/console/Application.php(356): Symfony\\Component\\Console\\Application->doRunCommand(Object(Magento\\Backend\\Console\\Command\\CacheFlushCommand\\Interceptor), Object(Symfony\\Component\\Console\\Input\\ArgvInput), Object(Symfony\\Component\\Console\\Output\\ConsoleOutput))
#14 /app/vendor/magento/framework/Console/Cli.php(137): Symfony\\Component\\Console\\Application->doRun(Object(Symfony\\Component\\Console\\Input\\ArgvInput), Object(Symfony\\Component\\Console\\Output\\ConsoleOutput))
#15 /app/vendor/symfony/console/Application.php(195): Magento\\Framework\\Console\\Cli->doRun(Object(Symfony\\Component\\Console\\Input\\ArgvInput), Object(Symfony\\Component\\Console\\Output\\ConsoleOutput))
#16 /app/bin/magento(23): Symfony\\Component\\Console\\Application->run()
#17 {main}"} []
[2026-05-15T00:58:38.441393+00:00] main.DEBUG: cache_invalidate:  {"method":"GET","url":"http:/","invalidateInfo":{"tags":["MAGE"],"mode":"matchingTag"}} []
[2026-05-15T00:58:38.441619+00:00] main.DEBUG: cache_invalidate:  {"method":"GET","url":"http:/","invalidateInfo":{"tags":[],"mode":"all"},"trace":"Exception: full purge of cache storage triggered in /app/vendor/magento/framework/Cache/InvalidateLogger.php:52
Stack trace:
#0 /app/vendor/magento/framework/Cache/Frontend/Decorator/Logger.php(62): Magento\\Framework\\Cache\\InvalidateLogger->execute(Array)
#1 /app/vendor/magento/framework/Cache/Frontend/Decorator/Logger.php(50): Magento\\Framework\\Cache\\Frontend\\Decorator\\Logger->log(Array)
#2 /app/vendor/magento/framework/Cache/Frontend/Decorator/Bare.php(92): Magento\\Framework\\Cache\\Frontend\\Decorator\\Logger->clean('all', Array)
#3 /app/vendor/magento/framework/App/Cache/Type/AccessProxy.php(110): Magento\\Framework\\Cache\\Frontend\\Decorator\\Bare->clean('all', Array)
#4 /app/vendor/magento/framework/App/Cache/Manager.php(111): Magento\\Framework\\App\\Cache\\Type\\AccessProxy->clean()
#5 /app/vendor/magento/module-backend/Console/Command/CacheFlushCommand.php(39): Magento\\Framework\\App\\Cache\\Manager->flush(Array)
#6 /app/vendor/magento/module-backend/Console/Command/AbstractCacheTypeManageCommand.php(64): Magento\\Backend\\Console\\Command\\CacheFlushCommand->performAction(Array)
#7 /app/vendor/symfony/console/Command/Command.php(341): Magento\\Backend\\Console\\Command\\AbstractCacheTypeManageCommand->execute(Object(Symfony\\Component\\Console\\Input\\ArgvInput), Object(Symfony\\Component\\Console\\Output\\ConsoleOutput))
#8 /app/vendor/magento/framework/Interception/Interceptor.php(58): Symfony\\Component\\Console\\Command\\Command->run(Object(Symfony\\Component\\Console\\Input\\ArgvInput), Object(Symfony\\Component\\Console\\Output\\ConsoleOutput))
#9 /app/vendor/magento/framework/Interception/Interceptor.php(138): Magento\\Backend\\Console\\Command\\CacheFlushCommand\\Interceptor->___callParent('run', Array)
#10 /app/vendor/magento/framework/Interception/Interceptor.php(153): Magento\\Backend\\Console\\Command\\CacheFlushCommand\\Interceptor->{closure:Magento\\Framework\\Interception\\Interceptor::___callPlugins():104}(Object(Symfony\\Component\\Console\\Input\\ArgvInput), Object(Symfony\\Component\\Console\\Output\\ConsoleOutput))
#11 /app/generated/code/Magento/Backend/Console/Command/CacheFlushCommand/Interceptor.php(77): Magento\\Backend\\Console\\Command\\CacheFlushCommand\\Interceptor->___callPlugins('run', Array, Array)
#12 /app/vendor/symfony/console/Application.php(1094): Magento\\Backend\\Console\\Command\\CacheFlushCommand\\Interceptor->run(Object(Symfony\\Component\\Console\\Input\\ArgvInput), Object(Symfony\\Component\\Console\\Output\\ConsoleOutput))
#13 /app/vendor/symfony/console/Application.php(356): Symfony\\Component\\Console\\Application->doRunCommand(Object(Magento\\Backend\\Console\\Command\\CacheFlushCommand\\Interceptor), Object(Symfony\\Component\\Console\\Input\\ArgvInput), Object(Symfony\\Component\\Console\\Output\\ConsoleOutput))
#14 /app/vendor/magento/framework/Console/Cli.php(137): Symfony\\Component\\Console\\Application->doRun(Object(Symfony\\Component\\Console\\Input\\ArgvInput), Object(Symfony\\Component\\Console\\Output\\ConsoleOutput))
#15 /app/vendor/symfony/console/Application.php(195): Magento\\Framework\\Console\\Cli->doRun(Object(Symfony\\Component\\Console\\Input\\ArgvInput), Object(Symfony\\Component\\Console\\Output\\ConsoleOutput))
#16 /app/bin/magento(23): Symfony\\Component\\Console\\Application->run()
#17 {main}"} []
[2026-05-15T00:58:38.444428+00:00] main.DEBUG: cache_invalidate:  {"method":"GET","url":"http:/","invalidateInfo":{"tags":["MAGE"],"mode":"matchingTag"}} []
[2026-05-15T00:58:38.444612+00:00] main.DEBUG: cache_invalidate:  {"method":"GET","url":"http:/","invalidateInfo":{"tags":[],"mode":"all"},"trace":"Exception: full purge of cache storage triggered in /app/vendor/magento/framework/Cache/InvalidateLogger.php:52
Stack trace:
#0 /app/vendor/magento/framework/Cache/Frontend/Decorator/Logger.php(62): Magento\\Framework\\Cache\\InvalidateLogger->execute(Array)
#1 /app/vendor/magento/framework/Cache/Frontend/Decorator/Logger.php(50): Magento\\Framework\\Cache\\Frontend\\Decorator\\Logger->log(Array)
#2 /app/vendor/magento/framework/Cache/Frontend/Decorator/Bare.php(92): Magento\\Framework\\Cache\\Frontend\\Decorator\\Logger->clean('all', Array)
#3 /app/vendor/magento/framework/App/Cache/Type/AccessProxy.php(110): Magento\\Framework\\Cache\\Frontend\\Decorator\\Bare->clean('all', Array)
#4 /app/vendor/magento/framework/App/Cache/Manager.php(111): Magento\\Framework\\App\\Cache\\Type\\AccessProxy->clean()
#5 /app/vendor/magento/module-backend/Console/Command/CacheFlushCommand.php(39): Magento\\Framework\\App\\Cache\\Manager->flush(Array)
#6 /app/vendor/magento/module-backend/Console/Command/AbstractCacheTypeManageCommand.php(64): Magento\\Backend\\Console\\Command\\CacheFlushCommand->performAction(Array)
#7 /app/vendor/symfony/console/Command/Command.php(341): Magento\\Backend\\Console\\Command\\AbstractCacheTypeManageCommand->execute(Object(Symfony\\Component\\Console\\Input\\ArgvInput), Object(Symfony\\Component\\Console\\Output\\ConsoleOutput))
#8 /app/vendor/magento/framework/Interception/Interceptor.php(58): Symfony\\Component\\Console\\Command\\Command->run(Object(Symfony\\Component\\Console\\Input\\ArgvInput), Object(Symfony\\Component\\Console\\Output\\ConsoleOutput))
#9 /app/vendor/magento/framework/Interception/Interceptor.php(138): Magento\\Backend\\Console\\Command\\CacheFlushCommand\\Interceptor->___callParent('run', Array)
#10 /app/vendor/magento/framework/Interception/Interceptor.php(153): Magento\\Backend\\Console\\Command\\CacheFlushCommand\\Interceptor->{closure:Magento\\Framework\\Interception\\Interceptor::___callPlugins():104}(Object(Symfony\\Component\\Console\\Input\\ArgvInput), Object(Symfony\\Component\\Console\\Output\\ConsoleOutput))
#11 /app/generated/code/Magento/Backend/Console/Command/CacheFlushCommand/Interceptor.php(77): Magento\\Backend\\Console\\Command\\CacheFlushCommand\\Interceptor->___callPlugins('run', Array, Array)
#12 /app/vendor/symfony/console/Application.php(1094): Magento\\Backend\\Console\\Command\\CacheFlushCommand\\Interceptor->run(Object(Symfony\\Component\\Console\\Input\\ArgvInput), Object(Symfony\\Component\\Console\\Output\\ConsoleOutput))
#13 /app/vendor/symfony/console/Application.php(356): Symfony\\Component\\Console\\Application->doRunCommand(Object(Magento\\Backend\\Console\\Command\\CacheFlushCommand\\Interceptor), Object(Symfony\\Component\\Console\\Input\\ArgvInput), Object(Symfony\\Component\\Console\\Output\\ConsoleOutput))
#14 /app/vendor/magento/framework/Console/Cli.php(137): Symfony\\Component\\Console\\Application->doRun(Object(Symfony\\Component\\Console\\Input\\ArgvInput), Object(Symfony\\Component\\Console\\Output\\ConsoleOutput))
#15 /app/vendor/symfony/console/Application.php(195): Magento\\Framework\\Console\\Cli->doRun(Object(Symfony\\Component\\Console\\Input\\ArgvInput), Object(Symfony\\Component\\Console\\Output\\ConsoleOutput))
#16 /app/bin/magento(23): Symfony\\Component\\Console\\Application->run()
#17 {main}"} []
[2026-05-15T00:58:38.448395+00:00] main.DEBUG: cache_invalidate:  {"method":"GET","url":"http:/","invalidateInfo":{"tags":["MAGE"],"mode":"matchingTag"}} []
[2026-05-15T00:58:38.448709+00:00] main.DEBUG: cache_invalidate:  {"method":"GET","url":"http:/","invalidateInfo":{"tags":[],"mode":"all"},"trace":"Exception: full purge of cache storage triggered in /app/vendor/magento/framework/Cache/InvalidateLogger.php:52
Stack trace:
#0 /app/vendor/magento/framework/Cache/Frontend/Decorator/Logger.php(62): Magento\\Framework\\Cache\\InvalidateLogger->execute(Array)
#1 /app/vendor/magento/framework/Cache/Frontend/Decorator/Logger.php(50): Magento\\Framework\\Cache\\Frontend\\Decorator\\Logger->log(Array)
#2 /app/vendor/magento/framework/Cache/Frontend/Decorator/Bare.php(92): Magento\\Framework\\Cache\\Frontend\\Decorator\\Logger->clean('all', Array)
#3 /app/vendor/magento/framework/App/Cache/Type/AccessProxy.php(110): Magento\\Framework\\Cache\\Frontend\\Decorator\\Bare->clean('all', Array)
#4 /app/vendor/magento/framework/App/Cache/Manager.php(111): Magento\\Framework\\App\\Cache\\Type\\AccessProxy->clean()
#5 /app/vendor/magento/module-backend/Console/Command/CacheFlushCommand.php(39): Magento\\Framework\\App\\Cache\\Manager->flush(Array)
#6 /app/vendor/magento/module-backend/Console/Command/AbstractCacheTypeManageCommand.php(64): Magento\\Backend\\Console\\Command\\CacheFlushCommand->performAction(Array)
#7 /app/vendor/symfony/console/Command/Command.php(341): Magento\\Backend\\Console\\Command\\AbstractCacheTypeManageCommand->execute(Object(Symfony\\Component\\Console\\Input\\ArgvInput), Object(Symfony\\Component\\Console\\Output\\ConsoleOutput))
#8 /app/vendor/magento/framework/Interception/Interceptor.php(58): Symfony\\Component\\Console\\Command\\Command->run(Object(Symfony\\Component\\Console\\Input\\ArgvInput), Object(Symfony\\Component\\Console\\Output\\ConsoleOutput))
#9 /app/vendor/magento/framework/Interception/Interceptor.php(138): Magento\\Backend\\Console\\Command\\CacheFlushCommand\\Interceptor->___callParent('run', Array)
#10 /app/vendor/magento/framework/Interception/Interceptor.php(153): Magento\\Backend\\Console\\Command\\CacheFlushCommand\\Interceptor->{closure:Magento\\Framework\\Interception\\Interceptor::___callPlugins():104}(Object(Symfony\\Component\\Console\\Input\\ArgvInput), Object(Symfony\\Component\\Console\\Output\\ConsoleOutput))
#11 /app/generated/code/Magento/Backend/Console/Command/CacheFlushCommand/Interceptor.php(77): Magento\\Backend\\Console\\Command\\CacheFlushCommand\\Interceptor->___callPlugins('run', Array, Array)
#12 /app/vendor/symfony/console/Application.php(1094): Magento\\Backend\\Console\\Command\\CacheFlushCommand\\Interceptor->run(Object(Symfony\\Component\\Console\\Input\\ArgvInput), Object(Symfony\\Component\\Console\\Output\\ConsoleOutput))
#13 /app/vendor/symfony/console/Application.php(356): Symfony\\Component\\Console\\Application->doRunCommand(Object(Magento\\Backend\\Console\\Command\\CacheFlushCommand\\Interceptor), Object(Symfony\\Component\\Console\\Input\\ArgvInput), Object(Symfony\\Component\\Console\\Output\\ConsoleOutput))
#14 /app/vendor/magento/framework/Console/Cli.php(137): Symfony\\Component\\Console\\Application->doRun(Object(Symfony\\Component\\Console\\Input\\ArgvInput), Object(Symfony\\Component\\Console\\Output\\ConsoleOutput))
#15 /app/vendor/symfony/console/Application.php(195): Magento\\Framework\\Console\\Cli->doRun(Object(Symfony\\Component\\Console\\Input\\ArgvInput), Object(Symfony\\Component\\Console\\Output\\ConsoleOutput))
#16 /app/bin/magento(23): Symfony\\Component\\Console\\Application->run()
#17 {main}"} []
[2026-05-15T00:58:38.451534+00:00] main.DEBUG: cache_invalidate:  {"method":"GET","url":"http:/","invalidateInfo":{"tags":["MAGE"],"mode":"matchingTag"}} []
[2026-05-15T00:58:38.451804+00:00] main.DEBUG: cache_invalidate:  {"method":"GET","url":"http:/","invalidateInfo":{"tags":[],"mode":"all"},"trace":"Exception: full purge of cache storage triggered in /app/vendor/magento/framework/Cache/InvalidateLogger.php:52
Stack trace:
#0 /app/vendor/magento/framework/Cache/Frontend/Decorator/Logger.php(62): Magento\\Framework\\Cache\\InvalidateLogger->execute(Array)
#1 /app/vendor/magento/framework/Cache/Frontend/Decorator/Logger.php(50): Magento\\Framework\\Cache\\Frontend\\Decorator\\Logger->log(Array)
#2 /app/vendor/magento/framework/Cache/Frontend/Decorator/Bare.php(92): Magento\\Framework\\Cache\\Frontend\\Decorator\\Logger->clean('all', Array)
#3 /app/vendor/magento/framework/App/Cache/Type/AccessProxy.php(110): Magento\\Framework\\Cache\\Frontend\\Decorator\\Bare->clean('all', Array)
#4 /app/vendor/magento/framework/App/Cache/Manager.php(111): Magento\\Framework\\App\\Cache\\Type\\AccessProxy->clean()
#5 /app/vendor/magento/module-backend/Console/Command/CacheFlushCommand.php(39): Magento\\Framework\\App\\Cache\\Manager->flush(Array)
#6 /app/vendor/magento/module-backend/Console/Command/AbstractCacheTypeManageCommand.php(64): Magento\\Backend\\Console\\Command\\CacheFlushCommand->performAction(Array)
#7 /app/vendor/symfony/console/Command/Command.php(341): Magento\\Backend\\Console\\Command\\AbstractCacheTypeManageCommand->execute(Object(Symfony\\Component\\Console\\Input\\ArgvInput), Object(Symfony\\Component\\Console\\Output\\ConsoleOutput))
#8 /app/vendor/magento/framework/Interception/Interceptor.php(58): Symfony\\Component\\Console\\Command\\Command->run(Object(Symfony\\Component\\Console\\Input\\ArgvInput), Object(Symfony\\Component\\Console\\Output\\ConsoleOutput))
#9 /app/vendor/magento/framework/Interception/Interceptor.php(138): Magento\\Backend\\Console\\Command\\CacheFlushCommand\\Interceptor->___callParent('run', Array)
#10 /app/vendor/magento/framework/Interception/Interceptor.php(153): Magento\\Backend\\Console\\Command\\CacheFlushCommand\\Interceptor->{closure:Magento\\Framework\\Interception\\Interceptor::___callPlugins():104}(Object(Symfony\\Component\\Console\\Input\\ArgvInput), Object(Symfony\\Component\\Console\\Output\\ConsoleOutput))
#11 /app/generated/code/Magento/Backend/Console/Command/CacheFlushCommand/Interceptor.php(77): Magento\\Backend\\Console\\Command\\CacheFlushCommand\\Interceptor->___callPlugins('run', Array, Array)
#12 /app/vendor/symfony/console/Application.php(1094): Magento\\Backend\\Console\\Command\\CacheFlushCommand\\Interceptor->run(Object(Symfony\\Component\\Console\\Input\\ArgvInput), Object(Symfony\\Component\\Console\\Output\\ConsoleOutput))
#13 /app/vendor/symfony/console/Application.php(356): Symfony\\Component\\Console\\Application->doRunCommand(Object(Magento\\Backend\\Console\\Command\\CacheFlushCommand\\Interceptor), Object(Symfony\\Component\\Console\\Input\\ArgvInput), Object(Symfony\\Component\\Console\\Output\\ConsoleOutput))
#14 /app/vendor/magento/framework/Console/Cli.php(137): Symfony\\Component\\Console\\Application->doRun(Object(Symfony\\Component\\Console\\Input\\ArgvInput), Object(Symfony\\Component\\Console\\Output\\ConsoleOutput))
#15 /app/vendor/symfony/console/Application.php(195): Magento\\Framework\\Console\\Cli->doRun(Object(Symfony\\Component\\Console\\Input\\ArgvInput), Object(Symfony\\Component\\Console\\Output\\ConsoleOutput))
#16 /app/bin/magento(23): Symfony\\Component\\Console\\Application->run()
#17 {main}"} []
[2026-05-15T00:58:38.454918+00:00] main.DEBUG: cache_invalidate:  {"method":"GET","url":"http:/","invalidateInfo":{"tags":["MAGE"],"mode":"matchingTag"}} []
[2026-05-15T00:58:38.455142+00:00] main.DEBUG: cache_invalidate:  {"method":"GET","url":"http:/","invalidateInfo":{"tags":[],"mode":"all"},"trace":"Exception: full purge of cache storage triggered in /app/vendor/magento/framework/Cache/InvalidateLogger.php:52
Stack trace:
#0 /app/vendor/magento/framework/Cache/Frontend/Decorator/Logger.php(62): Magento\\Framework\\Cache\\InvalidateLogger->execute(Array)
#1 /app/vendor/magento/framework/Cache/Frontend/Decorator/Logger.php(50): Magento\\Framework\\Cache\\Frontend\\Decorator\\Logger->log(Array)
#2 /app/vendor/magento/framework/Cache/Frontend/Decorator/Bare.php(92): Magento\\Framework\\Cache\\Frontend\\Decorator\\Logger->clean('all', Array)
#3 /app/vendor/magento/framework/App/Cache/Type/AccessProxy.php(110): Magento\\Framework\\Cache\\Frontend\\Decorator\\Bare->clean('all', Array)
#4 /app/vendor/magento/framework/App/Cache/Manager.php(111): Magento\\Framework\\App\\Cache\\Type\\AccessProxy->clean()
#5 /app/vendor/magento/module-backend/Console/Command/CacheFlushCommand.php(39): Magento\\Framework\\App\\Cache\\Manager->flush(Array)
#6 /app/vendor/magento/module-backend/Console/Command/AbstractCacheTypeManageCommand.php(64): Magento\\Backend\\Console\\Command\\CacheFlushCommand->performAction(Array)
#7 /app/vendor/symfony/console/Command/Command.php(341): Magento\\Backend\\Console\\Command\\AbstractCacheTypeManageCommand->execute(Object(Symfony\\Component\\Console\\Input\\ArgvInput), Object(Symfony\\Component\\Console\\Output\\ConsoleOutput))
#8 /app/vendor/magento/framework/Interception/Interceptor.php(58): Symfony\\Component\\Console\\Command\\Command->run(Object(Symfony\\Component\\Console\\Input\\ArgvInput), Object(Symfony\\Component\\Console\\Output\\ConsoleOutput))
#9 /app/vendor/magento/framework/Interception/Interceptor.php(138): Magento\\Backend\\Console\\Command\\CacheFlushCommand\\Interceptor->___callParent('run', Array)
#10 /app/vendor/magento/framework/Interception/Interceptor.php(153): Magento\\Backend\\Console\\Command\\CacheFlushCommand\\Interceptor->{closure:Magento\\Framework\\Interception\\Interceptor::___callPlugins():104}(Object(Symfony\\Component\\Console\\Input\\ArgvInput), Object(Symfony\\Component\\Console\\Output\\ConsoleOutput))
#11 /app/generated/code/Magento/Backend/Console/Command/CacheFlushCommand/Interceptor.php(77): Magento\\Backend\\Console\\Command\\CacheFlushCommand\\Interceptor->___callPlugins('run', Array, Array)
#12 /app/vendor/symfony/console/Application.php(1094): Magento\\Backend\\Console\\Command\\CacheFlushCommand\\Interceptor->run(Object(Symfony\\Component\\Console\\Input\\ArgvInput), Object(Symfony\\Component\\Console\\Output\\ConsoleOutput))
#13 /app/vendor/symfony/console/Application.php(356): Symfony\\Component\\Console\\Application->doRunCommand(Object(Magento\\Backend\\Console\\Command\\CacheFlushCommand\\Interceptor), Object(Symfony\\Component\\Console\\Input\\ArgvInput), Object(Symfony\\Component\\Console\\Output\\ConsoleOutput))
#14 /app/vendor/magento/framework/Console/Cli.php(137): Symfony\\Component\\Console\\Application->doRun(Object(Symfony\\Component\\Console\\Input\\ArgvInput), Object(Symfony\\Component\\Console\\Output\\ConsoleOutput))
#15 /app/vendor/symfony/console/Application.php(195): Magento\\Framework\\Console\\Cli->doRun(Object(Symfony\\Component\\Console\\Input\\ArgvInput), Object(Symfony\\Component\\Console\\Output\\ConsoleOutput))
#16 /app/bin/magento(23): Symfony\\Component\\Console\\Application->run()
#17 {main}"} []
[2026-05-15T00:58:38.458291+00:00] main.DEBUG: cache_invalidate:  {"method":"GET","url":"http:/","invalidateInfo":{"tags":["MAGE"],"mode":"matchingTag"}} []
[2026-05-15T00:58:38.458453+00:00] main.DEBUG: cache_invalidate:  {"method":"GET","url":"http:/","invalidateInfo":{"tags":[],"mode":"all"},"trace":"Exception: full purge of cache storage triggered in /app/vendor/magento/framework/Cache/InvalidateLogger.php:52
Stack trace:
#0 /app/vendor/magento/framework/Cache/Frontend/Decorator/Logger.php(62): Magento\\Framework\\Cache\\InvalidateLogger->execute(Array)
#1 /app/vendor/magento/framework/Cache/Frontend/Decorator/Logger.php(50): Magento\\Framework\\Cache\\Frontend\\Decorator\\Logger->log(Array)
#2 /app/vendor/magento/framework/Cache/Frontend/Decorator/Bare.php(92): Magento\\Framework\\Cache\\Frontend\\Decorator\\Logger->clean('all', Array)
#3 /app/vendor/magento/framework/App/Cache/Type/AccessProxy.php(110): Magento\\Framework\\Cache\\Frontend\\Decorator\\Bare->clean('all', Array)
#4 /app/vendor/magento/framework/App/Cache/Manager.php(111): Magento\\Framework\\App\\Cache\\Type\\AccessProxy->clean()
#5 /app/vendor/magento/module-backend/Console/Command/CacheFlushCommand.php(39): Magento\\Framework\\App\\Cache\\Manager->flush(Array)
#6 /app/vendor/magento/module-backend/Console/Command/AbstractCacheTypeManageCommand.php(64): Magento\\Backend\\Console\\Command\\CacheFlushCommand->performAction(Array)
#7 /app/vendor/symfony/console/Command/Command.php(341): Magento\\Backend\\Console\\Command\\AbstractCacheTypeManageCommand->execute(Object(Symfony\\Component\\Console\\Input\\ArgvInput), Object(Symfony\\Component\\Console\\Output\\ConsoleOutput))
#8 /app/vendor/magento/framework/Interception/Interceptor.php(58): Symfony\\Component\\Console\\Command\\Command->run(Object(Symfony\\Component\\Console\\Input\\ArgvInput), Object(Symfony\\Component\\Console\\Output\\ConsoleOutput))
#9 /app/vendor/magento/framework/Interception/Interceptor.php(138): Magento\\Backend\\Console\\Command\\CacheFlushCommand\\Interceptor->___callParent('run', Array)
#10 /app/vendor/magento/framework/Interception/Interceptor.php(153): Magento\\Backend\\Console\\Command\\CacheFlushCommand\\Interceptor->{closure:Magento\\Framework\\Interception\\Interceptor::___callPlugins():104}(Object(Symfony\\Component\\Console\\Input\\ArgvInput), Object(Symfony\\Component\\Console\\Output\\ConsoleOutput))
#11 /app/generated/code/Magento/Backend/Console/Command/CacheFlushCommand/Interceptor.php(77): Magento\\Backend\\Console\\Command\\CacheFlushCommand\\Interceptor->___callPlugins('run', Array, Array)
#12 /app/vendor/symfony/console/Application.php(1094): Magento\\Backend\\Console\\Command\\CacheFlushCommand\\Interceptor->run(Object(Symfony\\Component\\Console\\Input\\ArgvInput), Object(Symfony\\Component\\Console\\Output\\ConsoleOutput))
#13 /app/vendor/symfony/console/Application.php(356): Symfony\\Component\\Console\\Application->doRunCommand(Object(Magento\\Backend\\Console\\Command\\CacheFlushCommand\\Interceptor), Object(Symfony\\Component\\Console\\Input\\ArgvInput), Object(Symfony\\Component\\Console\\Output\\ConsoleOutput))
#14 /app/vendor/magento/framework/Console/Cli.php(137): Symfony\\Component\\Console\\Application->doRun(Object(Symfony\\Component\\Console\\Input\\ArgvInput), Object(Symfony\\Component\\Console\\Output\\ConsoleOutput))
#15 /app/vendor/symfony/console/Application.php(195): Magento\\Framework\\Console\\Cli->doRun(Object(Symfony\\Component\\Console\\Input\\ArgvInput), Object(Symfony\\Component\\Console\\Output\\ConsoleOutput))
#16 /app/bin/magento(23): Symfony\\Component\\Console\\Application->run()
#17 {main}"} []
[2026-05-15T00:58:38.458951+00:00] main.DEBUG: cache_invalidate:  {"method":"GET","url":"http:/","invalidateInfo":{"tags":["MAGE"],"mode":"matchingTag"}} []
[2026-05-15T00:58:38.459126+00:00] main.DEBUG: cache_invalidate:  {"method":"GET","url":"http:/","invalidateInfo":{"tags":[],"mode":"all"},"trace":"Exception: full purge of cache storage triggered in /app/vendor/magento/framework/Cache/InvalidateLogger.php:52
Stack trace:
#0 /app/vendor/magento/framework/Cache/Frontend/Decorator/Logger.php(62): Magento\\Framework\\Cache\\InvalidateLogger->execute(Array)
#1 /app/vendor/magento/framework/Cache/Frontend/Decorator/Logger.php(50): Magento\\Framework\\Cache\\Frontend\\Decorator\\Logger->log(Array)
#2 /app/vendor/magento/framework/Cache/Frontend/Decorator/Bare.php(92): Magento\\Framework\\Cache\\Frontend\\Decorator\\Logger->clean('all', Array)
#3 /app/vendor/magento/framework/App/Cache/Type/AccessProxy.php(110): Magento\\Framework\\Cache\\Frontend\\Decorator\\Bare->clean('all', Array)
#4 /app/vendor/magento/framework/App/Cache/Manager.php(111): Magento\\Framework\\App\\Cache\\Type\\AccessProxy->clean()
#5 /app/vendor/magento/module-backend/Console/Command/CacheFlushCommand.php(39): Magento\\Framework\\App\\Cache\\Manager->flush(Array)
#6 /app/vendor/magento/module-backend/Console/Command/AbstractCacheTypeManageCommand.php(64): Magento\\Backend\\Console\\Command\\CacheFlushCommand->performAction(Array)
#7 /app/vendor/symfony/console/Command/Command.php(341): Magento\\Backend\\Console\\Command\\AbstractCacheTypeManageCommand->execute(Object(Symfony\\Component\\Console\\Input\\ArgvInput), Object(Symfony\\Component\\Console\\Output\\ConsoleOutput))
#8 /app/vendor/magento/framework/Interception/Interceptor.php(58): Symfony\\Component\\Console\\Command\\Command->run(Object(Symfony\\Component\\Console\\Input\\ArgvInput), Object(Symfony\\Component\\Console\\Output\\ConsoleOutput))
#9 /app/vendor/magento/framework/Interception/Interceptor.php(138): Magento\\Backend\\Console\\Command\\CacheFlushCommand\\Interceptor->___callParent('run', Array)
#10 /app/vendor/magento/framework/Interception/Interceptor.php(153): Magento\\Backend\\Console\\Command\\CacheFlushCommand\\Interceptor->{closure:Magento\\Framework\\Interception\\Interceptor::___callPlugins():104}(Object(Symfony\\Component\\Console\\Input\\ArgvInput), Object(Symfony\\Component\\Console\\Output\\ConsoleOutput))
#11 /app/generated/code/Magento/Backend/Console/Command/CacheFlushCommand/Interceptor.php(77): Magento\\Backend\\Console\\Command\\CacheFlushCommand\\Interceptor->___callPlugins('run', Array, Array)
#12 /app/vendor/symfony/console/Application.php(1094): Magento\\Backend\\Console\\Command\\CacheFlushCommand\\Interceptor->run(Object(Symfony\\Component\\Console\\Input\\ArgvInput), Object(Symfony\\Component\\Console\\Output\\ConsoleOutput))
#13 /app/vendor/symfony/console/Application.php(356): Symfony\\Component\\Console\\Application->doRunCommand(Object(Magento\\Backend\\Console\\Command\\CacheFlushCommand\\Interceptor), Object(Symfony\\Component\\Console\\Input\\ArgvInput), Object(Symfony\\Component\\Console\\Output\\ConsoleOutput))
#14 /app/vendor/magento/framework/Console/Cli.php(137): Symfony\\Component\\Console\\Application->doRun(Object(Symfony\\Component\\Console\\Input\\ArgvInput), Object(Symfony\\Component\\Console\\Output\\ConsoleOutput))
#15 /app/vendor/symfony/console/Application.php(195): Magento\\Framework\\Console\\Cli->doRun(Object(Symfony\\Component\\Console\\Input\\ArgvInput), Object(Symfony\\Component\\Console\\Output\\ConsoleOutput))
#16 /app/bin/magento(23): Symfony\\Component\\Console\\Application->run()
#17 {main}"} []
[2026-05-15T00:58:38.462146+00:00] main.DEBUG: cache_invalidate:  {"method":"GET","url":"http:/","invalidateInfo":{"tags":["MAGE"],"mode":"matchingTag"}} []
[2026-05-15T00:58:38.462353+00:00] main.DEBUG: cache_invalidate:  {"method":"GET","url":"http:/","invalidateInfo":{"tags":[],"mode":"all"},"trace":"Exception: full purge of cache storage triggered in /app/vendor/magento/framework/Cache/InvalidateLogger.php:52
Stack trace:
#0 /app/vendor/magento/framework/Cache/Frontend/Decorator/Logger.php(62): Magento\\Framework\\Cache\\InvalidateLogger->execute(Array)
#1 /app/vendor/magento/framework/Cache/Frontend/Decorator/Logger.php(50): Magento\\Framework\\Cache\\Frontend\\Decorator\\Logger->log(Array)
#2 /app/vendor/magento/framework/Cache/Frontend/Decorator/Bare.php(92): Magento\\Framework\\Cache\\Frontend\\Decorator\\Logger->clean('all', Array)
#3 /app/vendor/magento/framework/App/Cache/Type/AccessProxy.php(110): Magento\\Framework\\Cache\\Frontend\\Decorator\\Bare->clean('all', Array)
#4 /app/vendor/magento/framework/App/Cache/Manager.php(111): Magento\\Framework\\App\\Cache\\Type\\AccessProxy->clean()
#5 /app/vendor/magento/module-backend/Console/Command/CacheFlushCommand.php(39): Magento\\Framework\\App\\Cache\\Manager->flush(Array)
#6 /app/vendor/magento/module-backend/Console/Command/AbstractCacheTypeManageCommand.php(64): Magento\\Backend\\Console\\Command\\CacheFlushCommand->performAction(Array)
#7 /app/vendor/symfony/console/Command/Command.php(341): Magento\\Backend\\Console\\Command\\AbstractCacheTypeManageCommand->execute(Object(Symfony\\Component\\Console\\Input\\ArgvInput), Object(Symfony\\Component\\Console\\Output\\ConsoleOutput))
#8 /app/vendor/magento/framework/Interception/Interceptor.php(58): Symfony\\Component\\Console\\Command\\Command->run(Object(Symfony\\Component\\Console\\Input\\ArgvInput), Object(Symfony\\Component\\Console\\Output\\ConsoleOutput))
#9 /app/vendor/magento/framework/Interception/Interceptor.php(138): Magento\\Backend\\Console\\Command\\CacheFlushCommand\\Interceptor->___callParent('run', Array)
#10 /app/vendor/magento/framework/Interception/Interceptor.php(153): Magento\\Backend\\Console\\Command\\CacheFlushCommand\\Interceptor->{closure:Magento\\Framework\\Interception\\Interceptor::___callPlugins():104}(Object(Symfony\\Component\\Console\\Input\\ArgvInput), Object(Symfony\\Component\\Console\\Output\\ConsoleOutput))
#11 /app/generated/code/Magento/Backend/Console/Command/CacheFlushCommand/Interceptor.php(77): Magento\\Backend\\Console\\Command\\CacheFlushCommand\\Interceptor->___callPlugins('run', Array, Array)
#12 /app/vendor/symfony/console/Application.php(1094): Magento\\Backend\\Console\\Command\\CacheFlushCommand\\Interceptor->run(Object(Symfony\\Component\\Console\\Input\\ArgvInput), Object(Symfony\\Component\\Console\\Output\\ConsoleOutput))
#13 /app/vendor/symfony/console/Application.php(356): Symfony\\Component\\Console\\Application->doRunCommand(Object(Magento\\Backend\\Console\\Command\\CacheFlushCommand\\Interceptor), Object(Symfony\\Component\\Console\\Input\\ArgvInput), Object(Symfony\\Component\\Console\\Output\\ConsoleOutput))
#14 /app/vendor/magento/framework/Console/Cli.php(137): Symfony\\Component\\Console\\Application->doRun(Object(Symfony\\Component\\Console\\Input\\ArgvInput), Object(Symfony\\Component\\Console\\Output\\ConsoleOutput))
#15 /app/vendor/symfony/console/Application.php(195): Magento\\Framework\\Console\\Cli->doRun(Object(Symfony\\Component\\Console\\Input\\ArgvInput), Object(Symfony\\Component\\Console\\Output\\ConsoleOutput))
#16 /app/bin/magento(23): Symfony\\Component\\Console\\Application->run()
#17 {main}"} []
[2026-05-15T00:58:38.465405+00:00] main.DEBUG: cache_invalidate:  {"method":"GET","url":"http:/","invalidateInfo":{"tags":["MAGE"],"mode":"matchingTag"}} []
[2026-05-15T00:58:38.465605+00:00] main.DEBUG: cache_invalidate:  {"method":"GET","url":"http:/","invalidateInfo":{"tags":[],"mode":"all"},"trace":"Exception: full purge of cache storage triggered in /app/vendor/magento/framework/Cache/InvalidateLogger.php:52
Stack trace:
#0 /app/vendor/magento/framework/Cache/Frontend/Decorator/Logger.php(62): Magento\\Framework\\Cache\\InvalidateLogger->execute(Array)
#1 /app/vendor/magento/framework/Cache/Frontend/Decorator/Logger.php(50): Magento\\Framework\\Cache\\Frontend\\Decorator\\Logger->log(Array)
#2 /app/vendor/magento/framework/Cache/Frontend/Decorator/Bare.php(92): Magento\\Framework\\Cache\\Frontend\\Decorator\\Logger->clean('all', Array)
#3 /app/vendor/magento/framework/App/Cache/Type/AccessProxy.php(110): Magento\\Framework\\Cache\\Frontend\\Decorator\\Bare->clean('all', Array)
#4 /app/vendor/magento/framework/App/Cache/Manager.php(111): Magento\\Framework\\App\\Cache\\Type\\AccessProxy->clean()
#5 /app/vendor/magento/module-backend/Console/Command/CacheFlushCommand.php(39): Magento\\Framework\\App\\Cache\\Manager->flush(Array)
#6 /app/vendor/magento/module-backend/Console/Command/AbstractCacheTypeManageCommand.php(64): Magento\\Backend\\Console\\Command\\CacheFlushCommand->performAction(Array)
#7 /app/vendor/symfony/console/Command/Command.php(341): Magento\\Backend\\Console\\Command\\AbstractCacheTypeManageCommand->execute(Object(Symfony\\Component\\Console\\Input\\ArgvInput), Object(Symfony\\Component\\Console\\Output\\ConsoleOutput))
#8 /app/vendor/magento/framework/Interception/Interceptor.php(58): Symfony\\Component\\Console\\Command\\Command->run(Object(Symfony\\Component\\Console\\Input\\ArgvInput), Object(Symfony\\Component\\Console\\Output\\ConsoleOutput))
#9 /app/vendor/magento/framework/Interception/Interceptor.php(138): Magento\\Backend\\Console\\Command\\CacheFlushCommand\\Interceptor->___callParent('run', Array)
#10 /app/vendor/magento/framework/Interception/Interceptor.php(153): Magento\\Backend\\Console\\Command\\CacheFlushCommand\\Interceptor->{closure:Magento\\Framework\\Interception\\Interceptor::___callPlugins():104}(Object(Symfony\\Component\\Console\\Input\\ArgvInput), Object(Symfony\\Component\\Console\\Output\\ConsoleOutput))
#11 /app/generated/code/Magento/Backend/Console/Command/CacheFlushCommand/Interceptor.php(77): Magento\\Backend\\Console\\Command\\CacheFlushCommand\\Interceptor->___callPlugins('run', Array, Array)
#12 /app/vendor/symfony/console/Application.php(1094): Magento\\Backend\\Console\\Command\\CacheFlushCommand\\Interceptor->run(Object(Symfony\\Component\\Console\\Input\\ArgvInput), Object(Symfony\\Component\\Console\\Output\\ConsoleOutput))
#13 /app/vendor/symfony/console/Application.php(356): Symfony\\Component\\Console\\Application->doRunCommand(Object(Magento\\Backend\\Console\\Command\\CacheFlushCommand\\Interceptor), Object(Symfony\\Component\\Console\\Input\\ArgvInput), Object(Symfony\\Component\\Console\\Output\\ConsoleOutput))
#14 /app/vendor/magento/framework/Console/Cli.php(137): Symfony\\Component\\Console\\Application->doRun(Object(Symfony\\Component\\Console\\Input\\ArgvInput), Object(Symfony\\Component\\Console\\Output\\ConsoleOutput))
#15 /app/vendor/symfony/console/Application.php(195): Magento\\Framework\\Console\\Cli->doRun(Object(Symfony\\Component\\Console\\Input\\ArgvInput), Object(Symfony\\Component\\Console\\Output\\ConsoleOutput))
#16 /app/bin/magento(23): Symfony\\Component\\Console\\Application->run()
#17 {main}"} []
[2026-05-15T00:59:02.417988+00:00] main.ERROR: InvalidArgumentException: Unsupported sendmail command flags "/usr/local/bin/mhsendmail --smtp-addr=mailhog:1025"; must be one of "-bs" or "-t" but can include additional flags. in /app/vendor/symfony/mailer/Transport/SendmailTransport.php:58
Stack trace:
#0 /app/vendor/symfony/mailer/Transport/NativeTransportFactory.php(33): Symfony\Component\Mailer\Transport\SendmailTransport->__construct('/usr/local/bin/...', NULL, NULL)
#1 /app/vendor/magento/module-email/Model/Transport.php(226): Symfony\Component\Mailer\Transport\NativeTransportFactory->create(Object(Symfony\Component\Mailer\Transport\Dsn))
#2 /app/vendor/magento/module-email/Model/Transport.php(159): Magento\Email\Model\Transport->createSendmailTransport()
#3 /app/generated/code/Magento/Email/Model/Transport/Interceptor.php(23): Magento\Email\Model\Transport->getTransport()
#4 /app/vendor/magento/module-email/Model/Transport.php(237): Magento\Email\Model\Transport\Interceptor->getTransport()
#5 /app/vendor/magento/framework/Interception/Interceptor.php(58): Magento\Email\Model\Transport->sendMessage()
#6 /app/vendor/magento/framework/Interception/Interceptor.php(138): Magento\Email\Model\Transport\Interceptor->___callParent('sendMessage', Array)
#7 /app/vendor/magento/module-email/Model/Mail/TransportInterfacePlugin.php(48): Magento\Email\Model\Transport\Interceptor->{closure:Magento\Framework\Interception\Interceptor::___callPlugins():104}()
#8 /app/vendor/magento/framework/Interception/Interceptor.php(135): Magento\Email\Model\Mail\TransportInterfacePlugin->aroundSendMessage(Object(Magento\Email\Model\Transport\Interceptor), Object(Closure))
#9 /app/vendor/magento/framework/Interception/Interceptor.php(153): Magento\Email\Model\Transport\Interceptor->{closure:Magento\Framework\Interception\Interceptor::___callPlugins():104}()
#10 /app/generated/code/Magento/Email/Model/Transport/Interceptor.php(32): Magento\Email\Model\Transport\Interceptor->___callPlugins('sendMessage', Array, NULL)
#11 /app/vendor/magento/module-two-factor-auth/Model/EmailUserNotifier.php(106): Magento\Email\Model\Transport\Interceptor->sendMessage()
#12 /app/vendor/magento/module-two-factor-auth/Model/EmailUserNotifier.php(131): Magento\TwoFactorAuth\Model\EmailUserNotifier->sendConfigRequired(Object(Magento\AdminAdobeIms\Model\User\Interceptor), 'eyJ1c2VyX2lkIjo...', 'tfa_admin_app_c...', 'https://magento...')
#13 /app/vendor/magento/module-two-factor-auth/Model/UserConfig/UserConfigRequestManager.php(82): Magento\TwoFactorAuth\Model\EmailUserNotifier->sendAppConfigRequestMessage(Object(Magento\AdminAdobeIms\Model\User\Interceptor), 'eyJ1c2VyX2lkIjo...')
#14 /app/vendor/magento/module-two-factor-auth/Controller/Adminhtml/Tfa/Requestconfig.php(95): Magento\TwoFactorAuth\Model\UserConfig\UserConfigRequestManager->sendConfigRequestTo(Object(Magento\AdminAdobeIms\Model\User\Interceptor))
#15 /app/vendor/magento/framework/Interception/Interceptor.php(58): Magento\TwoFactorAuth\Controller\Adminhtml\Tfa\Requestconfig->execute()
#16 /app/vendor/magento/framework/Interception/Interceptor.php(138): Magento\TwoFactorAuth\Controller\Adminhtml\Tfa\Requestconfig\Interceptor->___callParent('execute', Array)
#17 /app/vendor/magento/framework/Interception/Interceptor.php(153): Magento\TwoFactorAuth\Controller\Adminhtml\Tfa\Requestconfig\Interceptor->{closure:Magento\Framework\Interception\Interceptor::___callPlugins():104}()
#18 /app/generated/code/Magento/TwoFactorAuth/Controller/Adminhtml/Tfa/Requestconfig/Interceptor.php(23): Magento\TwoFactorAuth\Controller\Adminhtml\Tfa\Requestconfig\Interceptor->___callPlugins('execute', Array, Array)
#19 /app/vendor/magento/framework/App/Action/Action.php(111): Magento\TwoFactorAuth\Controller\Adminhtml\Tfa\Requestconfig\Interceptor->execute()
#20 /app/vendor/magento/module-backend/App/AbstractAction.php(151): Magento\Framework\App\Action\Action->dispatch(Object(Magento\Framework\App\Request\Http))
#21 /app/vendor/magento/module-two-factor-auth/Controller/Adminhtml/AbstractAction.php(31): Magento\Backend\App\AbstractAction->dispatch(Object(Magento\Framework\App\Request\Http))
#22 /app/vendor/magento/framework/Interception/Interceptor.php(58): Magento\TwoFactorAuth\Controller\Adminhtml\AbstractAction->dispatch(Object(Magento\Framework\App\Request\Http))
#23 /app/vendor/magento/framework/Interception/Interceptor.php(138): Magento\TwoFactorAuth\Controller\Adminhtml\Tfa\Requestconfig\Interceptor->___callParent('dispatch', Array)
#24 /app/vendor/magento/module-backend/App/Action/Plugin/Authentication.php(145): Magento\TwoFactorAuth\Controller\Adminhtml\Tfa\Requestconfig\Interceptor->{closure:Magento\Framework\Interception\Interceptor::___callPlugins():104}(Object(Magento\Framework\App\Request\Http))
#25 /app/vendor/magento/framework/Interception/Interceptor.php(135): Magento\Backend\App\Action\Plugin\Authentication->aroundDispatch(Object(Magento\TwoFactorAuth\Controller\Adminhtml\Tfa\Requestconfig\Interceptor), Object(Closure), Object(Magento\Framework\App\Request\Http))
#26 /app/vendor/magento/framework/Interception/Interceptor.php(153): Magento\TwoFactorAuth\Controller\Adminhtml\Tfa\Requestconfig\Interceptor->{closure:Magento\Framework\Interception\Interceptor::___callPlugins():104}(Object(Magento\Framework\App\Request\Http))
#27 /app/generated/code/Magento/TwoFactorAuth/Controller/Adminhtml/Tfa/Requestconfig/Interceptor.php(32): Magento\TwoFactorAuth\Controller\Adminhtml\Tfa\Requestconfig\Interceptor->___callPlugins('dispatch', Array, Array)
#28 /app/vendor/magento/framework/App/FrontController.php(245): Magento\TwoFactorAuth\Controller\Adminhtml\Tfa\Requestconfig\Interceptor->dispatch(Object(Magento\Framework\App\Request\Http))
#29 /app/vendor/magento/framework/App/FrontController.php(212): Magento\Framework\App\FrontController->getActionResponse(Object(Magento\TwoFactorAuth\Controller\Adminhtml\Tfa\Requestconfig\Interceptor), Object(Magento\Framework\App\Request\Http))
#30 /app/vendor/magento/framework/App/FrontController.php(146): Magento\Framework\App\FrontController->processRequest(Object(Magento\Framework\App\Request\Http), Object(Magento\TwoFactorAuth\Controller\Adminhtml\Tfa\Requestconfig\Interceptor))
#31 /app/vendor/magento/framework/Interception/Interceptor.php(58): Magento\Framework\App\FrontController->dispatch(Object(Magento\Framework\App\Request\Http))
#32 /app/vendor/magento/framework/Interception/Interceptor.php(138): Magento\Framework\App\FrontController\Interceptor->___callParent('dispatch', Array)
#33 /app/vendor/magento/framework/Interception/Interceptor.php(153): Magento\Framework\App\FrontController\Interceptor->{closure:Magento\Framework\Interception\Interceptor::___callPlugins():104}(Object(Magento\Framework\App\Request\Http))
#34 /app/generated/code/Magento/Framework/App/FrontController/Interceptor.php(23): Magento\Framework\App\FrontController\Interceptor->___callPlugins('dispatch', Array, Array)
#35 /app/vendor/magento/framework/App/Http.php(116): Magento\Framework\App\FrontController\Interceptor->dispatch(Object(Magento\Framework\App\Request\Http))
#36 /app/vendor/magento/framework/Interception/Interceptor.php(58): Magento\Framework\App\Http->launch()
#37 /app/vendor/magento/framework/Interception/Interceptor.php(138): Magento\Framework\App\Http\Interceptor->___callParent('launch', Array)
#38 /app/vendor/magento/module-application-performance-monitor/Plugin/ApplicationPerformanceMonitor.php(38): Magento\Framework\App\Http\Interceptor->{closure:Magento\Framework\Interception\Interceptor::___callPlugins():104}()
#39 /app/vendor/magento/framework/Interception/Interceptor.php(135): Magento\ApplicationPerformanceMonitor\Plugin\ApplicationPerformanceMonitor->aroundLaunch(Object(Magento\Framework\App\Http\Interceptor), Object(Closure))
#40 /app/vendor/magento/framework/Interception/Interceptor.php(153): Magento\Framework\App\Http\Interceptor->{closure:Magento\Framework\Interception\Interceptor::___callPlugins():104}()
#41 /app/generated/code/Magento/Framework/App/Http/Interceptor.php(23): Magento\Framework\App\Http\Interceptor->___callPlugins('launch', Array, NULL)
#42 /app/vendor/magento/framework/App/Bootstrap.php(264): Magento\Framework\App\Http\Interceptor->launch()
#43 /app/pub/index.php(30): Magento\Framework\App\Bootstrap->run(Object(Magento\Framework\App\Http\Interceptor))
#44 {main} {"exception":"[object] (InvalidArgumentException(code: 0): Unsupported sendmail command flags \"/usr/local/bin/mhsendmail --smtp-addr=mailhog:1025\"; must be one of \"-bs\" or \"-t\" but can include additional flags. at /app/vendor/symfony/mailer/Transport/SendmailTransport.php:58)"} []
[2026-05-15T00:59:02.418959+00:00] main.CRITICAL: InvalidArgumentException: Unsupported sendmail command flags "/usr/local/bin/mhsendmail --smtp-addr=mailhog:1025"; must be one of "-bs" or "-t" but can include additional flags. in /app/vendor/symfony/mailer/Transport/SendmailTransport.php:58
Stack trace:
#0 /app/vendor/symfony/mailer/Transport/NativeTransportFactory.php(33): Symfony\Component\Mailer\Transport\SendmailTransport->__construct('/usr/local/bin/...', NULL, NULL)
#1 /app/vendor/magento/module-email/Model/Transport.php(226): Symfony\Component\Mailer\Transport\NativeTransportFactory->create(Object(Symfony\Component\Mailer\Transport\Dsn))
#2 /app/vendor/magento/module-email/Model/Transport.php(159): Magento\Email\Model\Transport->createSendmailTransport()
#3 /app/generated/code/Magento/Email/Model/Transport/Interceptor.php(23): Magento\Email\Model\Transport->getTransport()
#4 /app/vendor/magento/module-email/Model/Transport.php(237): Magento\Email\Model\Transport\Interceptor->getTransport()
#5 /app/vendor/magento/framework/Interception/Interceptor.php(58): Magento\Email\Model\Transport->sendMessage()
#6 /app/vendor/magento/framework/Interception/Interceptor.php(138): Magento\Email\Model\Transport\Interceptor->___callParent('sendMessage', Array)
#7 /app/vendor/magento/module-email/Model/Mail/TransportInterfacePlugin.php(48): Magento\Email\Model\Transport\Interceptor->{closure:Magento\Framework\Interception\Interceptor::___callPlugins():104}()
#8 /app/vendor/magento/framework/Interception/Interceptor.php(135): Magento\Email\Model\Mail\TransportInterfacePlugin->aroundSendMessage(Object(Magento\Email\Model\Transport\Interceptor), Object(Closure))
#9 /app/vendor/magento/framework/Interception/Interceptor.php(153): Magento\Email\Model\Transport\Interceptor->{closure:Magento\Framework\Interception\Interceptor::___callPlugins():104}()
#10 /app/generated/code/Magento/Email/Model/Transport/Interceptor.php(32): Magento\Email\Model\Transport\Interceptor->___callPlugins('sendMessage', Array, NULL)
#11 /app/vendor/magento/module-two-factor-auth/Model/EmailUserNotifier.php(106): Magento\Email\Model\Transport\Interceptor->sendMessage()
#12 /app/vendor/magento/module-two-factor-auth/Model/EmailUserNotifier.php(131): Magento\TwoFactorAuth\Model\EmailUserNotifier->sendConfigRequired(Object(Magento\AdminAdobeIms\Model\User\Interceptor), 'eyJ1c2VyX2lkIjo...', 'tfa_admin_app_c...', 'https://magento...')
#13 /app/vendor/magento/module-two-factor-auth/Model/UserConfig/UserConfigRequestManager.php(82): Magento\TwoFactorAuth\Model\EmailUserNotifier->sendAppConfigRequestMessage(Object(Magento\AdminAdobeIms\Model\User\Interceptor), 'eyJ1c2VyX2lkIjo...')
#14 /app/vendor/magento/module-two-factor-auth/Controller/Adminhtml/Tfa/Requestconfig.php(95): Magento\TwoFactorAuth\Model\UserConfig\UserConfigRequestManager->sendConfigRequestTo(Object(Magento\AdminAdobeIms\Model\User\Interceptor))
#15 /app/vendor/magento/framework/Interception/Interceptor.php(58): Magento\TwoFactorAuth\Controller\Adminhtml\Tfa\Requestconfig->execute()
#16 /app/vendor/magento/framework/Interception/Interceptor.php(138): Magento\TwoFactorAuth\Controller\Adminhtml\Tfa\Requestconfig\Interceptor->___callParent('execute', Array)
#17 /app/vendor/magento/framework/Interception/Interceptor.php(153): Magento\TwoFactorAuth\Controller\Adminhtml\Tfa\Requestconfig\Interceptor->{closure:Magento\Framework\Interception\Interceptor::___callPlugins():104}()
#18 /app/generated/code/Magento/TwoFactorAuth/Controller/Adminhtml/Tfa/Requestconfig/Interceptor.php(23): Magento\TwoFactorAuth\Controller\Adminhtml\Tfa\Requestconfig\Interceptor->___callPlugins('execute', Array, Array)
#19 /app/vendor/magento/framework/App/Action/Action.php(111): Magento\TwoFactorAuth\Controller\Adminhtml\Tfa\Requestconfig\Interceptor->execute()
#20 /app/vendor/magento/module-backend/App/AbstractAction.php(151): Magento\Framework\App\Action\Action->dispatch(Object(Magento\Framework\App\Request\Http))
#21 /app/vendor/magento/module-two-factor-auth/Controller/Adminhtml/AbstractAction.php(31): Magento\Backend\App\AbstractAction->dispatch(Object(Magento\Framework\App\Request\Http))
#22 /app/vendor/magento/framework/Interception/Interceptor.php(58): Magento\TwoFactorAuth\Controller\Adminhtml\AbstractAction->dispatch(Object(Magento\Framework\App\Request\Http))
#23 /app/vendor/magento/framework/Interception/Interceptor.php(138): Magento\TwoFactorAuth\Controller\Adminhtml\Tfa\Requestconfig\Interceptor->___callParent('dispatch', Array)
#24 /app/vendor/magento/module-backend/App/Action/Plugin/Authentication.php(145): Magento\TwoFactorAuth\Controller\Adminhtml\Tfa\Requestconfig\Interceptor->{closure:Magento\Framework\Interception\Interceptor::___callPlugins():104}(Object(Magento\Framework\App\Request\Http))
#25 /app/vendor/magento/framework/Interception/Interceptor.php(135): Magento\Backend\App\Action\Plugin\Authentication->aroundDispatch(Object(Magento\TwoFactorAuth\Controller\Adminhtml\Tfa\Requestconfig\Interceptor), Object(Closure), Object(Magento\Framework\App\Request\Http))
#26 /app/vendor/magento/framework/Interception/Interceptor.php(153): Magento\TwoFactorAuth\Controller\Adminhtml\Tfa\Requestconfig\Interceptor->{closure:Magento\Framework\Interception\Interceptor::___callPlugins():104}(Object(Magento\Framework\App\Request\Http))
#27 /app/generated/code/Magento/TwoFactorAuth/Controller/Adminhtml/Tfa/Requestconfig/Interceptor.php(32): Magento\TwoFactorAuth\Controller\Adminhtml\Tfa\Requestconfig\Interceptor->___callPlugins('dispatch', Array, Array)
#28 /app/vendor/magento/framework/App/FrontController.php(245): Magento\TwoFactorAuth\Controller\Adminhtml\Tfa\Requestconfig\Interceptor->dispatch(Object(Magento\Framework\App\Request\Http))
#29 /app/vendor/magento/framework/App/FrontController.php(212): Magento\Framework\App\FrontController->getActionResponse(Object(Magento\TwoFactorAuth\Controller\Adminhtml\Tfa\Requestconfig\Interceptor), Object(Magento\Framework\App\Request\Http))
#30 /app/vendor/magento/framework/App/FrontController.php(146): Magento\Framework\App\FrontController->processRequest(Object(Magento\Framework\App\Request\Http), Object(Magento\TwoFactorAuth\Controller\Adminhtml\Tfa\Requestconfig\Interceptor))
#31 /app/vendor/magento/framework/Interception/Interceptor.php(58): Magento\Framework\App\FrontController->dispatch(Object(Magento\Framework\App\Request\Http))
#32 /app/vendor/magento/framework/Interception/Interceptor.php(138): Magento\Framework\App\FrontController\Interceptor->___callParent('dispatch', Array)
#33 /app/vendor/magento/framework/Interception/Interceptor.php(153): Magento\Framework\App\FrontController\Interceptor->{closure:Magento\Framework\Interception\Interceptor::___callPlugins():104}(Object(Magento\Framework\App\Request\Http))
#34 /app/generated/code/Magento/Framework/App/FrontController/Interceptor.php(23): Magento\Framework\App\FrontController\Interceptor->___callPlugins('dispatch', Array, Array)
#35 /app/vendor/magento/framework/App/Http.php(116): Magento\Framework\App\FrontController\Interceptor->dispatch(Object(Magento\Framework\App\Request\Http))
#36 /app/vendor/magento/framework/Interception/Interceptor.php(58): Magento\Framework\App\Http->launch()
#37 /app/vendor/magento/framework/Interception/Interceptor.php(138): Magento\Framework\App\Http\Interceptor->___callParent('launch', Array)
#38 /app/vendor/magento/module-application-performance-monitor/Plugin/ApplicationPerformanceMonitor.php(38): Magento\Framework\App\Http\Interceptor->{closure:Magento\Framework\Interception\Interceptor::___callPlugins():104}()
#39 /app/vendor/magento/framework/Interception/Interceptor.php(135): Magento\ApplicationPerformanceMonitor\Plugin\ApplicationPerformanceMonitor->aroundLaunch(Object(Magento\Framework\App\Http\Interceptor), Object(Closure))
#40 /app/vendor/magento/framework/Interception/Interceptor.php(153): Magento\Framework\App\Http\Interceptor->{closure:Magento\Framework\Interception\Interceptor::___callPlugins():104}()
#41 /app/generated/code/Magento/Framework/App/Http/Interceptor.php(23): Magento\Framework\App\Http\Interceptor->___callPlugins('launch', Array, NULL)
#42 /app/vendor/magento/framework/App/Bootstrap.php(264): Magento\Framework\App\Http\Interceptor->launch()
#43 /app/pub/index.php(30): Magento\Framework\App\Bootstrap->run(Object(Magento\Framework\App\Http\Interceptor))
#44 {main}

Next Magento\Framework\Exception\MailException: Unable to send mail. Please try again later. in /app/vendor/magento/module-email/Model/Transport.php:247
Stack trace:
#0 /app/vendor/magento/framework/Interception/Interceptor.php(58): Magento\Email\Model\Transport->sendMessage()
#1 /app/vendor/magento/framework/Interception/Interceptor.php(138): Magento\Email\Model\Transport\Interceptor->___callParent('sendMessage', Array)
#2 /app/vendor/magento/module-email/Model/Mail/TransportInterfacePlugin.php(48): Magento\Email\Model\Transport\Interceptor->{closure:Magento\Framework\Interception\Interceptor::___callPlugins():104}()
#3 /app/vendor/magento/framework/Interception/Interceptor.php(135): Magento\Email\Model\Mail\TransportInterfacePlugin->aroundSendMessage(Object(Magento\Email\Model\Transport\Interceptor), Object(Closure))
#4 /app/vendor/magento/framework/Interception/Interceptor.php(153): Magento\Email\Model\Transport\Interceptor->{closure:Magento\Framework\Interception\Interceptor::___callPlugins():104}()
#5 /app/generated/code/Magento/Email/Model/Transport/Interceptor.php(32): Magento\Email\Model\Transport\Interceptor->___callPlugins('sendMessage', Array, NULL)
#6 /app/vendor/magento/module-two-factor-auth/Model/EmailUserNotifier.php(106): Magento\Email\Model\Transport\Interceptor->sendMessage()
#7 /app/vendor/magento/module-two-factor-auth/Model/EmailUserNotifier.php(131): Magento\TwoFactorAuth\Model\EmailUserNotifier->sendConfigRequired(Object(Magento\AdminAdobeIms\Model\User\Interceptor), 'eyJ1c2VyX2lkIjo...', 'tfa_admin_app_c...', 'https://magento...')
#8 /app/vendor/magento/module-two-factor-auth/Model/UserConfig/UserConfigRequestManager.php(82): Magento\TwoFactorAuth\Model\EmailUserNotifier->sendAppConfigRequestMessage(Object(Magento\AdminAdobeIms\Model\User\Interceptor), 'eyJ1c2VyX2lkIjo...')
#9 /app/vendor/magento/module-two-factor-auth/Controller/Adminhtml/Tfa/Requestconfig.php(95): Magento\TwoFactorAuth\Model\UserConfig\UserConfigRequestManager->sendConfigRequestTo(Object(Magento\AdminAdobeIms\Model\User\Interceptor))
#10 /app/vendor/magento/framework/Interception/Interceptor.php(58): Magento\TwoFactorAuth\Controller\Adminhtml\Tfa\Requestconfig->execute()
#11 /app/vendor/magento/framework/Interception/Interceptor.php(138): Magento\TwoFactorAuth\Controller\Adminhtml\Tfa\Requestconfig\Interceptor->___callParent('execute', Array)
#12 /app/vendor/magento/framework/Interception/Interceptor.php(153): Magento\TwoFactorAuth\Controller\Adminhtml\Tfa\Requestconfig\Interceptor->{closure:Magento\Framework\Interception\Interceptor::___callPlugins():104}()
#13 /app/generated/code/Magento/TwoFactorAuth/Controller/Adminhtml/Tfa/Requestconfig/Interceptor.php(23): Magento\TwoFactorAuth\Controller\Adminhtml\Tfa\Requestconfig\Interceptor->___callPlugins('execute', Array, Array)
#14 /app/vendor/magento/framework/App/Action/Action.php(111): Magento\TwoFactorAuth\Controller\Adminhtml\Tfa\Requestconfig\Interceptor->execute()
#15 /app/vendor/magento/module-backend/App/AbstractAction.php(151): Magento\Framework\App\Action\Action->dispatch(Object(Magento\Framework\App\Request\Http))
#16 /app/vendor/magento/module-two-factor-auth/Controller/Adminhtml/AbstractAction.php(31): Magento\Backend\App\AbstractAction->dispatch(Object(Magento\Framework\App\Request\Http))
#17 /app/vendor/magento/framework/Interception/Interceptor.php(58): Magento\TwoFactorAuth\Controller\Adminhtml\AbstractAction->dispatch(Object(Magento\Framework\App\Request\Http))
#18 /app/vendor/magento/framework/Interception/Interceptor.php(138): Magento\TwoFactorAuth\Controller\Adminhtml\Tfa\Requestconfig\Interceptor->___callParent('dispatch', Array)
#19 /app/vendor/magento/module-backend/App/Action/Plugin/Authentication.php(145): Magento\TwoFactorAuth\Controller\Adminhtml\Tfa\Requestconfig\Interceptor->{closure:Magento\Framework\Interception\Interceptor::___callPlugins():104}(Object(Magento\Framework\App\Request\Http))
#20 /app/vendor/magento/framework/Interception/Interceptor.php(135): Magento\Backend\App\Action\Plugin\Authentication->aroundDispatch(Object(Magento\TwoFactorAuth\Controller\Adminhtml\Tfa\Requestconfig\Interceptor), Object(Closure), Object(Magento\Framework\App\Request\Http))
#21 /app/vendor/magento/framework/Interception/Interceptor.php(153): Magento\TwoFactorAuth\Controller\Adminhtml\Tfa\Requestconfig\Interceptor->{closure:Magento\Framework\Interception\Interceptor::___callPlugins():104}(Object(Magento\Framework\App\Request\Http))
#22 /app/generated/code/Magento/TwoFactorAuth/Controller/Adminhtml/Tfa/Requestconfig/Interceptor.php(32): Magento\TwoFactorAuth\Controller\Adminhtml\Tfa\Requestconfig\Interceptor->___callPlugins('dispatch', Array, Array)
#23 /app/vendor/magento/framework/App/FrontController.php(245): Magento\TwoFactorAuth\Controller\Adminhtml\Tfa\Requestconfig\Interceptor->dispatch(Object(Magento\Framework\App\Request\Http))
#24 /app/vendor/magento/framework/App/FrontController.php(212): Magento\Framework\App\FrontController->getActionResponse(Object(Magento\TwoFactorAuth\Controller\Adminhtml\Tfa\Requestconfig\Interceptor), Object(Magento\Framework\App\Request\Http))
#25 /app/vendor/magento/framework/App/FrontController.php(146): Magento\Framework\App\FrontController->processRequest(Object(Magento\Framework\App\Request\Http), Object(Magento\TwoFactorAuth\Controller\Adminhtml\Tfa\Requestconfig\Interceptor))
#26 /app/vendor/magento/framework/Interception/Interceptor.php(58): Magento\Framework\App\FrontController->dispatch(Object(Magento\Framework\App\Request\Http))
#27 /app/vendor/magento/framework/Interception/Interceptor.php(138): Magento\Framework\App\FrontController\Interceptor->___callParent('dispatch', Array)
#28 /app/vendor/magento/framework/Interception/Interceptor.php(153): Magento\Framework\App\FrontController\Interceptor->{closure:Magento\Framework\Interception\Interceptor::___callPlugins():104}(Object(Magento\Framework\App\Request\Http))
#29 /app/generated/code/Magento/Framework/App/FrontController/Interceptor.php(23): Magento\Framework\App\FrontController\Interceptor->___callPlugins('dispatch', Array, Array)
#30 /app/vendor/magento/framework/App/Http.php(116): Magento\Framework\App\FrontController\Interceptor->dispatch(Object(Magento\Framework\App\Request\Http))
#31 /app/vendor/magento/framework/Interception/Interceptor.php(58): Magento\Framework\App\Http->launch()
#32 /app/vendor/magento/framework/Interception/Interceptor.php(138): Magento\Framework\App\Http\Interceptor->___callParent('launch', Array)
#33 /app/vendor/magento/module-application-performance-monitor/Plugin/ApplicationPerformanceMonitor.php(38): Magento\Framework\App\Http\Interceptor->{closure:Magento\Framework\Interception\Interceptor::___callPlugins():104}()
#34 /app/vendor/magento/framework/Interception/Interceptor.php(135): Magento\ApplicationPerformanceMonitor\Plugin\ApplicationPerformanceMonitor->aroundLaunch(Object(Magento\Framework\App\Http\Interceptor), Object(Closure))
#35 /app/vendor/magento/framework/Interception/Interceptor.php(153): Magento\Framework\App\Http\Interceptor->{closure:Magento\Framework\Interception\Interceptor::___callPlugins():104}()
#36 /app/generated/code/Magento/Framework/App/Http/Interceptor.php(23): Magento\Framework\App\Http\Interceptor->___callPlugins('launch', Array, NULL)
#37 /app/vendor/magento/framework/App/Bootstrap.php(264): Magento\Framework\App\Http\Interceptor->launch()
#38 /app/pub/index.php(30): Magento\Framework\App\Bootstrap->run(Object(Magento\Framework\App\Http\Interceptor))
#39 {main} {"exception":"[object] (Magento\\Framework\\Exception\\MailException(code: 0): Unable to send mail. Please try again later. at /app/vendor/magento/module-email/Model/Transport.php:247)
[previous exception] [object] (InvalidArgumentException(code: 0): Unsupported sendmail command flags \"/usr/local/bin/mhsendmail --smtp-addr=mailhog:1025\"; must be one of \"-bs\" or \"-t\" but can include additional flags. at /app/vendor/symfony/mailer/Transport/SendmailTransport.php:58)"} []
[2026-05-15T00:59:02.936879+00:00] main.INFO: Broken reference: the 'tracking' element cannot be added as child to 'header', because the latter doesn't exist [] []
[2026-05-15T00:59:02.937287+00:00] main.INFO: Broken reference: the 'notification_area' element cannot be added as child to 'notifications', because the latter doesn't exist [] []
[2026-05-15T00:59:02.937497+00:00] main.INFO: Broken reference: the 'unread_system_messages' element cannot be added as child to 'notifications', because the latter doesn't exist [] []
[2026-05-15T00:59:02.937695+00:00] main.INFO: Broken reference: the 'notification_window' element cannot be added as child to 'notifications', because the latter doesn't exist [] []
[2026-05-15T00:59:02.937884+00:00] main.INFO: Broken reference: the 'notification.messages' element cannot be added as child to 'header', because the latter doesn't exist [] []
[2026-05-15T00:59:02.938111+00:00] main.INFO: Broken reference: the 'global_notices' element cannot be added as child to 'global.notices', because the latter doesn't exist [] []
[2026-05-15T00:59:02.938299+00:00] main.INFO: Broken reference: the 'logo' element cannot be added as child to 'header', because the latter doesn't exist [] []
[2026-05-15T00:59:02.938560+00:00] main.INFO: Broken reference: the 'global.search' element cannot be added as child to 'header', because the latter doesn't exist [] []
[2026-05-15T00:59:02.938800+00:00] main.INFO: Broken reference: the 'user' element cannot be added as child to 'header', because the latter doesn't exist [] []
[2026-05-15T00:59:02.939063+00:00] main.INFO: Broken reference: the 'menu' element cannot be added as child to 'page.menu', because the latter doesn't exist [] []
[2026-05-15T00:59:02.939353+00:00] main.INFO: Broken reference: the 'breadcrumbs' element cannot be added as child to 'page.breadcrumbs', because the latter doesn't exist [] []
[2026-05-15T00:59:02.939640+00:00] main.INFO: Broken reference: the 'formkey' element cannot be added as child to 'page.formkey', because the latter doesn't exist [] []
[2026-05-15T00:59:02.939861+00:00] main.INFO: Broken reference: the 'page.title' element cannot be added as child to 'main.top', because the latter doesn't exist [] []
[2026-05-15T00:59:02.940212+00:00] main.INFO: Broken reference: the 'messages' element cannot be added as child to 'page.messages', because the latter doesn't exist [] []
[2026-05-15T00:59:02.940559+00:00] main.INFO: Broken reference: the 'page.actions.toolbar' element cannot be added as child to 'page.main.actions', because the latter doesn't exist [] []
[2026-05-15T00:59:02.940798+00:00] main.INFO: Broken reference: the 'legal' element cannot be added as child to 'footer', because the latter doesn't exist [] []
[2026-05-15T00:59:02.941228+00:00] main.INFO: Broken reference: the 'header.inner.left' element cannot be added as child to 'header', because the latter doesn't exist [] []
[2026-05-15T00:59:02.941462+00:00] main.INFO: Broken reference: the 'header.inner.right' element cannot be added as child to 'header', because the latter doesn't exist [] []
[2026-05-15T00:59:02.941738+00:00] main.INFO: Broken reference: the 'user' tries to reorder itself towards '', but their parents are different: 'header' and '' respectively. [] []
[2026-05-15T00:59:02.941999+00:00] main.INFO: Broken reference: the 'notification.messages' tries to reorder itself towards 'user', but their parents are different: 'header' and '' respectively. [] []
[2026-05-15T00:59:02.942281+00:00] main.INFO: Broken reference: the 'logo' tries to reorder itself towards '', but their parents are different: 'header' and '' respectively. [] []
[2026-05-15T00:59:02.942604+00:00] main.INFO: Broken reference: the 'global.search' tries to reorder itself towards 'logo', but their parents are different: 'header' and '' respectively. [] []
[2026-05-15T00:59:02.942923+00:00] main.INFO: Broken reference: the 'page.actions.toolbar' tries to reorder itself towards '', but their parents are different: 'page.main.actions' and '' respectively. [] []
[2026-05-15T00:59:02.943216+00:00] main.INFO: Broken reference: the 'header.inner.left' tries to reorder itself towards '', but their parents are different: 'header' and '' respectively. [] []
[2026-05-15T00:59:02.943406+00:00] main.INFO: Broken reference: the 'header.inner.right' tries to reorder itself towards 'header.inner.left', but their parents are different: 'header' and '' respectively. [] []
[2026-05-15T00:59:02.943605+00:00] main.INFO: Broken reference: the 'notification.messages' tries to reorder itself towards 'user', but their parents are different: 'header.inner.right' and '' respectively. [] []
[2026-05-15T00:59:09.918268+00:00] main.INFO: Broken reference: the 'tracking' element cannot be added as child to 'header', because the latter doesn't exist [] []
[2026-05-15T00:59:09.919022+00:00] main.INFO: Broken reference: the 'notification_area' element cannot be added as child to 'notifications', because the latter doesn't exist [] []
[2026-05-15T00:59:09.919266+00:00] main.INFO: Broken reference: the 'unread_system_messages' element cannot be added as child to 'notifications', because the latter doesn't exist [] []
[2026-05-15T00:59:09.919473+00:00] main.INFO: Broken reference: the 'notification_window' element cannot be added as child to 'notifications', because the latter doesn't exist [] []
[2026-05-15T00:59:09.919691+00:00] main.INFO: Broken reference: the 'notification.messages' element cannot be added as child to 'header', because the latter doesn't exist [] []
[2026-05-15T00:59:09.919966+00:00] main.INFO: Broken reference: the 'global_notices' element cannot be added as child to 'global.notices', because the latter doesn't exist [] []
[2026-05-15T00:59:09.920238+00:00] main.INFO: Broken reference: the 'logo' element cannot be added as child to 'header', because the latter doesn't exist [] []
[2026-05-15T00:59:09.920492+00:00] main.INFO: Broken reference: the 'global.search' element cannot be added as child to 'header', because the latter doesn't exist [] []
[2026-05-15T00:59:09.920833+00:00] main.INFO: Broken reference: the 'user' element cannot be added as child to 'header', because the latter doesn't exist [] []
[2026-05-15T00:59:09.921246+00:00] main.INFO: Broken reference: the 'menu' element cannot be added as child to 'page.menu', because the latter doesn't exist [] []
[2026-05-15T00:59:09.921548+00:00] main.INFO: Broken reference: the 'breadcrumbs' element cannot be added as child to 'page.breadcrumbs', because the latter doesn't exist [] []
[2026-05-15T00:59:09.921906+00:00] main.INFO: Broken reference: the 'formkey' element cannot be added as child to 'page.formkey', because the latter doesn't exist [] []
[2026-05-15T00:59:09.922215+00:00] main.INFO: Broken reference: the 'page.title' element cannot be added as child to 'main.top', because the latter doesn't exist [] []
[2026-05-15T00:59:09.922410+00:00] main.INFO: Broken reference: the 'messages' element cannot be added as child to 'page.messages', because the latter doesn't exist [] []
[2026-05-15T00:59:09.922594+00:00] main.INFO: Broken reference: the 'page.actions.toolbar' element cannot be added as child to 'page.main.actions', because the latter doesn't exist [] []
[2026-05-15T00:59:09.922781+00:00] main.INFO: Broken reference: the 'legal' element cannot be added as child to 'footer', because the latter doesn't exist [] []
[2026-05-15T00:59:09.923138+00:00] main.INFO: Broken reference: the 'header.inner.left' element cannot be added as child to 'header', because the latter doesn't exist [] []
[2026-05-15T00:59:09.923343+00:00] main.INFO: Broken reference: the 'header.inner.right' element cannot be added as child to 'header', because the latter doesn't exist [] []
[2026-05-15T00:59:09.923632+00:00] main.INFO: Broken reference: the 'user' tries to reorder itself towards '', but their parents are different: 'header' and '' respectively. [] []
[2026-05-15T00:59:09.923825+00:00] main.INFO: Broken reference: the 'notification.messages' tries to reorder itself towards 'user', but their parents are different: 'header' and '' respectively. [] []
[2026-05-15T00:59:09.924026+00:00] main.INFO: Broken reference: the 'logo' tries to reorder itself towards '', but their parents are different: 'header' and '' respectively. [] []
[2026-05-15T00:59:09.924213+00:00] main.INFO: Broken reference: the 'global.search' tries to reorder itself towards 'logo', but their parents are different: 'header' and '' respectively. [] []
[2026-05-15T00:59:09.924395+00:00] main.INFO: Broken reference: the 'page.actions.toolbar' tries to reorder itself towards '', but their parents are different: 'page.main.actions' and '' respectively. [] []
[2026-05-15T00:59:09.924624+00:00] main.INFO: Broken reference: the 'header.inner.left' tries to reorder itself towards '', but their parents are different: 'header' and '' respectively. [] []
[2026-05-15T00:59:09.924812+00:00] main.INFO: Broken reference: the 'header.inner.right' tries to reorder itself towards 'header.inner.left', but their parents are different: 'header' and '' respectively. [] []
[2026-05-15T00:59:09.925021+00:00] main.INFO: Broken reference: the 'notification.messages' tries to reorder itself towards 'user', but their parents are different: 'header.inner.right' and '' respectively. [] []
[2026-05-15T00:59:17.468190+00:00] main.DEBUG: cache_invalidate:  {"method":"POST","url":"https://magento2.docker/index.php/admin/admin/","invalidateInfo":{"tags":["BACKEND_MAINMENU","MAGE"],"mode":"matchingTag"}} []
[2026-05-15T00:59:17.468588+00:00] main.DEBUG: cache_invalidate:  {"method":"POST","url":"https://magento2.docker/index.php/admin/admin/","invalidateInfo":{"tags":["BACKEND_MAINMENU"],"mode":"matchingAnyTag"}} []
[2026-05-15T00:59:17.491951+00:00] main.DEBUG: cache_invalidate:  {"method":"POST","url":"https://magento2.docker/index.php/admin/admin/","invalidateInfo":{"tags":["PB_EDITOR_CONFIG","CONFIG","MAGE"],"mode":"matchingTag"}} []
[2026-05-15T00:59:17.492323+00:00] main.DEBUG: cache_invalidate:  {"method":"POST","url":"https://magento2.docker/index.php/admin/admin/","invalidateInfo":{"tags":["PB_EDITOR_CONFIG","CONFIG"],"mode":"matchingTag"}} []
[2026-05-15T00:59:17.573360+00:00] main.DEBUG: Item Magento_Backend::system_currency was removed [] []
[2026-05-15T00:59:17.581437+00:00] main.DEBUG: Add of item with id Magento_AdminNotification::system_adminnotification was processed [] []
[2026-05-15T00:59:17.581741+00:00] main.DEBUG: Add of item with id Magento_Theme::design_config was processed [] []
[2026-05-15T00:59:17.581906+00:00] main.DEBUG: Add of item with id Magento_Theme::system_design_theme was processed [] []
[2026-05-15T00:59:17.582077+00:00] main.DEBUG: Add of item with id Magento_Backend::system_design_schedule was processed [] []
[2026-05-15T00:59:17.582268+00:00] main.DEBUG: Add of item with id Magento_Backend::system_store was processed [] []
[2026-05-15T00:59:17.582437+00:00] main.DEBUG: Add of item with id Magento_Backend::dashboard was processed [] []
[2026-05-15T00:59:17.582607+00:00] main.DEBUG: Add of item with id Magento_Backend::system was processed [] []
[2026-05-15T00:59:17.582803+00:00] main.DEBUG: Add of item with id Magento_Backend::system_tools was processed [] []
[2026-05-15T00:59:17.583079+00:00] main.DEBUG: Add of item with id Magento_Backend::system_design was processed [] []
[2026-05-15T00:59:17.583303+00:00] main.DEBUG: Add of item with id Magento_Backend::system_convert was processed [] []
[2026-05-15T00:59:17.583471+00:00] main.DEBUG: Add of item with id Magento_Backend::system_cache was processed [] []
[2026-05-15T00:59:17.583591+00:00] main.DEBUG: Add of item with id Magento_Backend::marketing was processed [] []
[2026-05-15T00:59:17.583747+00:00] main.DEBUG: Add of item with id Magento_Backend::marketing_communications was processed [] []
[2026-05-15T00:59:17.583884+00:00] main.DEBUG: Add of item with id Magento_Backend::marketing_seo was processed [] []
[2026-05-15T00:59:17.584044+00:00] main.DEBUG: Add of item with id Magento_Backend::marketing_user_content was processed [] []
[2026-05-15T00:59:17.584163+00:00] main.DEBUG: Add of item with id Magento_Backend::content was processed [] []
[2026-05-15T00:59:17.584284+00:00] main.DEBUG: Add of item with id Magento_Backend::content_elements was processed [] []
[2026-05-15T00:59:17.584404+00:00] main.DEBUG: Add of item with id Magento_Backend::stores was processed [] []
[2026-05-15T00:59:17.584573+00:00] main.DEBUG: Add of item with id Magento_Backend::stores_settings was processed [] []
[2026-05-15T00:59:17.584692+00:00] main.DEBUG: Add of item with id Magento_Backend::stores_attributes was processed [] []
[2026-05-15T00:59:17.584819+00:00] main.DEBUG: Add of item with id Magento_Backend::other_settings was processed [] []
[2026-05-15T00:59:17.585032+00:00] main.DEBUG: Add of item with id Magento_Backend::system_other_settings was processed [] []
[2026-05-15T00:59:17.585236+00:00] main.DEBUG: Add of item with id Magento_Config::system_config was processed [] []
[2026-05-15T00:59:17.585378+00:00] main.DEBUG: Add of item with id Magento_User::system_acl was processed [] []
[2026-05-15T00:59:17.585523+00:00] main.DEBUG: Add of item with id Magento_User::system_acl_users was processed [] []
[2026-05-15T00:59:17.585634+00:00] main.DEBUG: Add of item with id Magento_User::system_acl_roles was processed [] []
[2026-05-15T00:59:17.585740+00:00] main.DEBUG: Add of item with id Magento_User::system_acl_locks was processed [] []
[2026-05-15T00:59:17.585846+00:00] main.DEBUG: Add of item with id Magento_Backup::system_tools_backup was processed [] []
[2026-05-15T00:59:17.585950+00:00] main.DEBUG: Add of item with id Magento_Customer::customer was processed [] []
[2026-05-15T00:59:17.586102+00:00] main.DEBUG: Add of item with id Magento_Customer::customer_manage was processed [] []
[2026-05-15T00:59:17.586215+00:00] main.DEBUG: Add of item with id Magento_Customer::customer_online was processed [] []
[2026-05-15T00:59:17.586322+00:00] main.DEBUG: Add of item with id Magento_Customer::customer_group was processed [] []
[2026-05-15T00:59:17.586428+00:00] main.DEBUG: Add of item with id Magento_Indexer::system_index was processed [] []
[2026-05-15T00:59:17.586534+00:00] main.DEBUG: Add of item with id Magento_Variable::system_variable was processed [] []
[2026-05-15T00:59:17.586679+00:00] main.DEBUG: Add of item with id Magento_Cms::cms_page was processed [] []
[2026-05-15T00:59:17.586791+00:00] main.DEBUG: Add of item with id Magento_Cms::cms_block was processed [] []
[2026-05-15T00:59:17.586896+00:00] main.DEBUG: Add of item with id Magento_Integration::system_extensions was processed [] []
[2026-05-15T00:59:17.587063+00:00] main.DEBUG: Add of item with id Magento_Integration::system_integrations was processed [] []
[2026-05-15T00:59:17.587180+00:00] main.DEBUG: Add of item with id Magento_Catalog::catalog was processed [] []
[2026-05-15T00:59:17.587319+00:00] main.DEBUG: Add of item with id Magento_Catalog::catalog_products was processed [] []
[2026-05-15T00:59:17.587430+00:00] main.DEBUG: Add of item with id Magento_Catalog::catalog_categories was processed [] []
[2026-05-15T00:59:17.587677+00:00] main.DEBUG: Add of item with id Magento_Catalog::catalog_attributes_attributes was processed [] []
[2026-05-15T00:59:17.587803+00:00] main.DEBUG: Add of item with id Magento_Catalog::catalog_attributes_sets was processed [] []
[2026-05-15T00:59:17.588045+00:00] main.DEBUG: Add of item with id Magento_Catalog::inventory was processed [] []
[2026-05-15T00:59:17.588213+00:00] main.DEBUG: Add of item with id Magento_CatalogRule::promo was processed [] []
[2026-05-15T00:59:17.588455+00:00] main.DEBUG: Add of item with id Magento_CatalogRule::promo_catalog was processed [] []
[2026-05-15T00:59:17.588730+00:00] main.DEBUG: Add of item with id Magento_Search::search_terms was processed [] []
[2026-05-15T00:59:17.588988+00:00] main.DEBUG: Add of item with id Magento_Search::search_synonyms was processed [] []
[2026-05-15T00:59:17.589242+00:00] main.DEBUG: Add of item with id Magento_MediaGalleryUi::media was processed [] []
[2026-05-15T00:59:17.589542+00:00] main.DEBUG: Add of item with id Magento_MediaGalleryUi::media_gallery was processed [] []
[2026-05-15T00:59:17.589777+00:00] main.DEBUG: Add of item with id Magento_Sales::sales was processed [] []
[2026-05-15T00:59:17.590108+00:00] main.DEBUG: Add of item with id Magento_Sales::sales_operation was processed [] []
[2026-05-15T00:59:17.590388+00:00] main.DEBUG: Add of item with id Magento_Sales::sales_order was processed [] []
[2026-05-15T00:59:17.590517+00:00] main.DEBUG: Add of item with id Magento_Sales::sales_invoice was processed [] []
[2026-05-15T00:59:17.590723+00:00] main.DEBUG: Add of item with id Magento_Sales::sales_shipment was processed [] []
[2026-05-15T00:59:17.590938+00:00] main.DEBUG: Add of item with id Magento_Sales::sales_creditmemo was processed [] []
[2026-05-15T00:59:17.591112+00:00] main.DEBUG: Add of item with id Magento_Sales::sales_transactions was processed [] []
[2026-05-15T00:59:17.591236+00:00] main.DEBUG: Add of item with id Magento_Sales::system_order_statuses was processed [] []
[2026-05-15T00:59:17.591358+00:00] main.DEBUG: Add of item with id Magento_Widget::cms_widget_instance was processed [] []
[2026-05-15T00:59:17.591517+00:00] main.DEBUG: Add of item with id Magento_Analytics::business_intelligence was processed [] []
[2026-05-15T00:59:17.591744+00:00] main.DEBUG: Add of item with id Magento_Analytics::advanced_reporting was processed [] []
[2026-05-15T00:59:17.591867+00:00] main.DEBUG: Add of item with id Magento_Analytics::bi_essentials was processed [] []
[2026-05-15T00:59:17.592080+00:00] main.DEBUG: Add of item with id Magento_Downloadable::report_products_downloads was processed [] []
[2026-05-15T00:59:17.592335+00:00] main.DEBUG: Add of item with id Magento_Newsletter::newsletter_template was processed [] []
[2026-05-15T00:59:17.592455+00:00] main.DEBUG: Add of item with id Magento_Newsletter::newsletter_queue was processed [] []
[2026-05-15T00:59:17.592606+00:00] main.DEBUG: Add of item with id Magento_Newsletter::newsletter_subscriber was processed [] []
[2026-05-15T00:59:17.592862+00:00] main.DEBUG: Add of item with id Magento_Newsletter::newsletter_problem was processed [] []
[2026-05-15T00:59:17.593135+00:00] main.DEBUG: Add of item with id Magento_ImportExport::system_convert_import was processed [] []
[2026-05-15T00:59:17.593398+00:00] main.DEBUG: Add of item with id Magento_ImportExport::system_convert_export was processed [] []
[2026-05-15T00:59:17.593598+00:00] main.DEBUG: Add of item with id Magento_ImportExport::system_convert_history was processed [] []
[2026-05-15T00:59:17.593791+00:00] main.DEBUG: Add of item with id Magento_Email::template was processed [] []
[2026-05-15T00:59:17.593999+00:00] main.DEBUG: Add of item with id Magento_InventoryAdminUi::inventory was processed [] []
[2026-05-15T00:59:17.594258+00:00] main.DEBUG: Add of item with id Magento_InventoryAdminUi::source was processed [] []
[2026-05-15T00:59:17.594455+00:00] main.DEBUG: Add of item with id Magento_InventoryAdminUi::stock was processed [] []
[2026-05-15T00:59:17.594647+00:00] main.DEBUG: Add of item with id Magento_Reports::report was processed [] []
[2026-05-15T00:59:17.594839+00:00] main.DEBUG: Add of item with id Magento_Reports::report_marketing was processed [] []
[2026-05-15T00:59:17.595043+00:00] main.DEBUG: Add of item with id Magento_Reports::report_salesroot was processed [] []
[2026-05-15T00:59:17.595234+00:00] main.DEBUG: Add of item with id Magento_Reports::report_salesroot_sales was processed [] []
[2026-05-15T00:59:17.595347+00:00] main.DEBUG: Add of item with id Magento_Reports::report_salesroot_tax was processed [] []
[2026-05-15T00:59:17.595454+00:00] main.DEBUG: Add of item with id Magento_Reports::report_salesroot_invoiced was processed [] []
[2026-05-15T00:59:17.595560+00:00] main.DEBUG: Add of item with id Magento_Reports::report_salesroot_shipping was processed [] []
[2026-05-15T00:59:17.595664+00:00] main.DEBUG: Add of item with id Magento_Reports::report_salesroot_refunded was processed [] []
[2026-05-15T00:59:17.595768+00:00] main.DEBUG: Add of item with id Magento_Reports::report_salesroot_coupons was processed [] []
[2026-05-15T00:59:17.595965+00:00] main.DEBUG: Add of item with id Magento_Reports::report_shopcart_product was processed [] []
[2026-05-15T00:59:17.596154+00:00] main.DEBUG: Add of item with id Magento_Reports::report_shopcart_abandoned was processed [] []
[2026-05-15T00:59:17.596333+00:00] main.DEBUG: Add of item with id Magento_Reports::report_products was processed [] []
[2026-05-15T00:59:17.596530+00:00] main.DEBUG: Add of item with id Magento_Reports::report_products_bestsellers was processed [] []
[2026-05-15T00:59:17.596716+00:00] main.DEBUG: Add of item with id Magento_Reports::report_products_sold was processed [] []
[2026-05-15T00:59:17.596897+00:00] main.DEBUG: Add of item with id Magento_Reports::report_products_viewed was processed [] []
[2026-05-15T00:59:17.597088+00:00] main.DEBUG: Add of item with id Magento_Reports::report_products_lowstock was processed [] []
[2026-05-15T00:59:17.597269+00:00] main.DEBUG: Add of item with id Magento_Reports::report_customers was processed [] []
[2026-05-15T00:59:17.597628+00:00] main.DEBUG: Add of item with id Magento_Reports::report_customers_accounts was processed [] []
[2026-05-15T00:59:17.597870+00:00] main.DEBUG: Add of item with id Magento_Reports::report_customers_totals was processed [] []
[2026-05-15T00:59:17.598066+00:00] main.DEBUG: Add of item with id Magento_Reports::report_customers_orders was processed [] []
[2026-05-15T00:59:17.598188+00:00] main.DEBUG: Add of item with id Magento_Reports::report_statistics was processed [] []
[2026-05-15T00:59:17.598345+00:00] main.DEBUG: Add of item with id Magento_Reports::report_statistics_refresh was processed [] []
[2026-05-15T00:59:17.598461+00:00] main.DEBUG: Add of item with id Magento_Search::report_search_term was processed [] []
[2026-05-15T00:59:17.598570+00:00] main.DEBUG: Add of item with id Magento_LoginAsCustomerLog::login_log was processed [] []
[2026-05-15T00:59:17.598679+00:00] main.DEBUG: Add of item with id Magento_Marketplace::partners was processed [] []
[2026-05-15T00:59:17.598786+00:00] main.DEBUG: Add of item with id Magento_SalesRule::promo_quote was processed [] []
[2026-05-15T00:59:17.598893+00:00] main.DEBUG: Add of item with id Magento_Sitemap::catalog_sitemap was processed [] []
[2026-05-15T00:59:17.598998+00:00] main.DEBUG: Add of item with id Magento_PageBuilder::templates was processed [] []
[2026-05-15T00:59:17.599153+00:00] main.DEBUG: Add of item with id Magento_PaymentServicesDashboard::paymentservicesdashboard was processed [] []
[2026-05-15T00:59:17.599275+00:00] main.DEBUG: Add of item with id Magento_Paypal::report_salesroot_paypal_settlement_reports was processed [] []
[2026-05-15T00:59:17.599384+00:00] main.DEBUG: Add of item with id Magento_Paypal::paypal_billing_agreement was processed [] []
[2026-05-15T00:59:17.599490+00:00] main.DEBUG: Add of item with id Magento_CheckoutAgreements::sales_checkoutagreement was processed [] []
[2026-05-15T00:59:17.599597+00:00] main.DEBUG: Add of item with id Magento_Review::catalog_reviews_ratings_ratings was processed [] []
[2026-05-15T00:59:17.599742+00:00] main.DEBUG: Add of item with id Magento_Review::catalog_reviews_ratings_pending was processed [] []
[2026-05-15T00:59:17.599855+00:00] main.DEBUG: Add of item with id Magento_Review::catalog_reviews_ratings_reviews_all was processed [] []
[2026-05-15T00:59:17.599962+00:00] main.DEBUG: Add of item with id Magento_Review::report_review was processed [] []
[2026-05-15T00:59:17.600140+00:00] main.DEBUG: Add of item with id Magento_Review::report_review_customer was processed [] []
[2026-05-15T00:59:17.600256+00:00] main.DEBUG: Add of item with id Magento_Review::report_review_product was processed [] []
[2026-05-15T00:59:17.600400+00:00] main.DEBUG: Add of item with id Magento_ServicesId::configuration was processed [] []
[2026-05-15T00:59:17.600549+00:00] main.DEBUG: Add of item with id Magento_ServicesId::services_id was processed [] []
[2026-05-15T00:59:17.600674+00:00] main.DEBUG: Add of item with id Magento_UrlRewrite::urlrewrite was processed [] []
[2026-05-15T00:59:17.600782+00:00] main.DEBUG: Add of item with id Magento_AsynchronousOperations::system_magento_logging was processed [] []
[2026-05-15T00:59:17.600922+00:00] main.DEBUG: Add of item with id Magento_AsynchronousOperations::system_magento_logging_bulk_operations was processed [] []
[2026-05-15T00:59:17.601047+00:00] main.DEBUG: Add of item with id Magento_Tax::sales_tax was processed [] []
[2026-05-15T00:59:17.601191+00:00] main.DEBUG: Add of item with id Magento_Tax::sales_tax_rules was processed [] []
[2026-05-15T00:59:17.601303+00:00] main.DEBUG: Add of item with id Magento_Tax::sales_tax_rates was processed [] []
[2026-05-15T00:59:17.601412+00:00] main.DEBUG: Add of item with id Magento_TaxImportExport::system_convert_tax was processed [] []
[2026-05-15T00:59:17.601518+00:00] main.DEBUG: Add of item with id Magento_CurrencySymbol::system_currency was processed [] []
[2026-05-15T00:59:17.601657+00:00] main.DEBUG: Add of item with id Magento_CurrencySymbol::system_currency_rates was processed [] []
[2026-05-15T00:59:17.601776+00:00] main.DEBUG: Add of item with id Magento_CurrencySymbol::system_currency_symbols was processed [] []
[2026-05-15T00:59:17.601883+00:00] main.DEBUG: Add of item with id PayPal_Braintree::settlement_report was processed [] []
[2026-05-15T00:59:17.601988+00:00] main.DEBUG: Add of item with id PayPal_Braintree::virtual_terminal was processed [] []
[2026-05-15T00:59:18.237265+00:00] main.ERROR: InvalidArgumentException: Unsupported sendmail command flags "/usr/local/bin/mhsendmail --smtp-addr=mailhog:1025"; must be one of "-bs" or "-t" but can include additional flags. in /app/vendor/symfony/mailer/Transport/SendmailTransport.php:58
Stack trace:
#0 /app/vendor/symfony/mailer/Transport/NativeTransportFactory.php(33): Symfony\Component\Mailer\Transport\SendmailTransport->__construct('/usr/local/bin/...', NULL, NULL)
#1 /app/vendor/magento/module-email/Model/Transport.php(226): Symfony\Component\Mailer\Transport\NativeTransportFactory->create(Object(Symfony\Component\Mailer\Transport\Dsn))
#2 /app/vendor/magento/module-email/Model/Transport.php(159): Magento\Email\Model\Transport->createSendmailTransport()
#3 /app/generated/code/Magento/Email/Model/Transport/Interceptor.php(23): Magento\Email\Model\Transport->getTransport()
#4 /app/vendor/magento/module-email/Model/Transport.php(237): Magento\Email\Model\Transport\Interceptor->getTransport()
#5 /app/vendor/magento/framework/Interception/Interceptor.php(58): Magento\Email\Model\Transport->sendMessage()
#6 /app/vendor/magento/framework/Interception/Interceptor.php(138): Magento\Email\Model\Transport\Interceptor->___callParent('sendMessage', Array)
#7 /app/vendor/magento/module-email/Model/Mail/TransportInterfacePlugin.php(48): Magento\Email\Model\Transport\Interceptor->{closure:Magento\Framework\Interception\Interceptor::___callPlugins():104}()
#8 /app/vendor/magento/framework/Interception/Interceptor.php(135): Magento\Email\Model\Mail\TransportInterfacePlugin->aroundSendMessage(Object(Magento\Email\Model\Transport\Interceptor), Object(Closure))
#9 /app/vendor/magento/framework/Interception/Interceptor.php(153): Magento\Email\Model\Transport\Interceptor->{closure:Magento\Framework\Interception\Interceptor::___callPlugins():104}()
#10 /app/generated/code/Magento/Email/Model/Transport/Interceptor.php(32): Magento\Email\Model\Transport\Interceptor->___callPlugins('sendMessage', Array, NULL)
#11 /app/vendor/magento/module-two-factor-auth/Model/EmailUserNotifier.php(106): Magento\Email\Model\Transport\Interceptor->sendMessage()
#12 /app/vendor/magento/module-two-factor-auth/Model/EmailUserNotifier.php(131): Magento\TwoFactorAuth\Model\EmailUserNotifier->sendConfigRequired(Object(Magento\AdminAdobeIms\Model\User\Interceptor), 'eyJ1c2VyX2lkIjo...', 'tfa_admin_app_c...', 'https://magento...')
#13 /app/vendor/magento/module-two-factor-auth/Model/UserConfig/UserConfigRequestManager.php(82): Magento\TwoFactorAuth\Model\EmailUserNotifier->sendAppConfigRequestMessage(Object(Magento\AdminAdobeIms\Model\User\Interceptor), 'eyJ1c2VyX2lkIjo...')
#14 /app/vendor/magento/module-two-factor-auth/Controller/Adminhtml/Tfa/Requestconfig.php(95): Magento\TwoFactorAuth\Model\UserConfig\UserConfigRequestManager->sendConfigRequestTo(Object(Magento\AdminAdobeIms\Model\User\Interceptor))
#15 /app/vendor/magento/framework/Interception/Interceptor.php(58): Magento\TwoFactorAuth\Controller\Adminhtml\Tfa\Requestconfig->execute()
#16 /app/vendor/magento/framework/Interception/Interceptor.php(138): Magento\TwoFactorAuth\Controller\Adminhtml\Tfa\Requestconfig\Interceptor->___callParent('execute', Array)
#17 /app/vendor/magento/framework/Interception/Interceptor.php(153): Magento\TwoFactorAuth\Controller\Adminhtml\Tfa\Requestconfig\Interceptor->{closure:Magento\Framework\Interception\Interceptor::___callPlugins():104}()
#18 /app/generated/code/Magento/TwoFactorAuth/Controller/Adminhtml/Tfa/Requestconfig/Interceptor.php(23): Magento\TwoFactorAuth\Controller\Adminhtml\Tfa\Requestconfig\Interceptor->___callPlugins('execute', Array, Array)
#19 /app/vendor/magento/framework/App/Action/Action.php(111): Magento\TwoFactorAuth\Controller\Adminhtml\Tfa\Requestconfig\Interceptor->execute()
#20 /app/vendor/magento/module-backend/App/AbstractAction.php(151): Magento\Framework\App\Action\Action->dispatch(Object(Magento\Framework\App\Request\Http))
#21 /app/vendor/magento/module-two-factor-auth/Controller/Adminhtml/AbstractAction.php(31): Magento\Backend\App\AbstractAction->dispatch(Object(Magento\Framework\App\Request\Http))
#22 /app/vendor/magento/framework/Interception/Interceptor.php(58): Magento\TwoFactorAuth\Controller\Adminhtml\AbstractAction->dispatch(Object(Magento\Framework\App\Request\Http))
#23 /app/vendor/magento/framework/Interception/Interceptor.php(138): Magento\TwoFactorAuth\Controller\Adminhtml\Tfa\Requestconfig\Interceptor->___callParent('dispatch', Array)
#24 /app/vendor/magento/module-backend/App/Action/Plugin/Authentication.php(145): Magento\TwoFactorAuth\Controller\Adminhtml\Tfa\Requestconfig\Interceptor->{closure:Magento\Framework\Interception\Interceptor::___callPlugins():104}(Object(Magento\Framework\App\Request\Http))
#25 /app/vendor/magento/framework/Interception/Interceptor.php(135): Magento\Backend\App\Action\Plugin\Authentication->aroundDispatch(Object(Magento\TwoFactorAuth\Controller\Adminhtml\Tfa\Requestconfig\Interceptor), Object(Closure), Object(Magento\Framework\App\Request\Http))
#26 /app/vendor/magento/framework/Interception/Interceptor.php(153): Magento\TwoFactorAuth\Controller\Adminhtml\Tfa\Requestconfig\Interceptor->{closure:Magento\Framework\Interception\Interceptor::___callPlugins():104}(Object(Magento\Framework\App\Request\Http))
#27 /app/generated/code/Magento/TwoFactorAuth/Controller/Adminhtml/Tfa/Requestconfig/Interceptor.php(32): Magento\TwoFactorAuth\Controller\Adminhtml\Tfa\Requestconfig\Interceptor->___callPlugins('dispatch', Array, Array)
#28 /app/vendor/magento/framework/App/FrontController.php(245): Magento\TwoFactorAuth\Controller\Adminhtml\Tfa\Requestconfig\Interceptor->dispatch(Object(Magento\Framework\App\Request\Http))
#29 /app/vendor/magento/framework/App/FrontController.php(212): Magento\Framework\App\FrontController->getActionResponse(Object(Magento\TwoFactorAuth\Controller\Adminhtml\Tfa\Requestconfig\Interceptor), Object(Magento\Framework\App\Request\Http))
#30 /app/vendor/magento/framework/App/FrontController.php(146): Magento\Framework\App\FrontController->processRequest(Object(Magento\Framework\App\Request\Http), Object(Magento\TwoFactorAuth\Controller\Adminhtml\Tfa\Requestconfig\Interceptor))
#31 /app/vendor/magento/framework/Interception/Interceptor.php(58): Magento\Framework\App\FrontController->dispatch(Object(Magento\Framework\App\Request\Http))
#32 /app/vendor/magento/framework/Interception/Interceptor.php(138): Magento\Framework\App\FrontController\Interceptor->___callParent('dispatch', Array)
#33 /app/vendor/magento/framework/Interception/Interceptor.php(153): Magento\Framework\App\FrontController\Interceptor->{closure:Magento\Framework\Interception\Interceptor::___callPlugins():104}(Object(Magento\Framework\App\Request\Http))
#34 /app/generated/code/Magento/Framework/App/FrontController/Interceptor.php(23): Magento\Framework\App\FrontController\Interceptor->___callPlugins('dispatch', Array, Array)
#35 /app/vendor/magento/framework/App/Http.php(116): Magento\Framework\App\FrontController\Interceptor->dispatch(Object(Magento\Framework\App\Request\Http))
#36 /app/vendor/magento/framework/Interception/Interceptor.php(58): Magento\Framework\App\Http->launch()
#37 /app/vendor/magento/framework/Interception/Interceptor.php(138): Magento\Framework\App\Http\Interceptor->___callParent('launch', Array)
#38 /app/vendor/magento/module-application-performance-monitor/Plugin/ApplicationPerformanceMonitor.php(38): Magento\Framework\App\Http\Interceptor->{closure:Magento\Framework\Interception\Interceptor::___callPlugins():104}()
#39 /app/vendor/magento/framework/Interception/Interceptor.php(135): Magento\ApplicationPerformanceMonitor\Plugin\ApplicationPerformanceMonitor->aroundLaunch(Object(Magento\Framework\App\Http\Interceptor), Object(Closure))
#40 /app/vendor/magento/framework/Interception/Interceptor.php(153): Magento\Framework\App\Http\Interceptor->{closure:Magento\Framework\Interception\Interceptor::___callPlugins():104}()
#41 /app/generated/code/Magento/Framework/App/Http/Interceptor.php(23): Magento\Framework\App\Http\Interceptor->___callPlugins('launch', Array, NULL)
#42 /app/vendor/magento/framework/App/Bootstrap.php(264): Magento\Framework\App\Http\Interceptor->launch()
#43 /app/pub/index.php(30): Magento\Framework\App\Bootstrap->run(Object(Magento\Framework\App\Http\Interceptor))
#44 {main} {"exception":"[object] (InvalidArgumentException(code: 0): Unsupported sendmail command flags \"/usr/local/bin/mhsendmail --smtp-addr=mailhog:1025\"; must be one of \"-bs\" or \"-t\" but can include additional flags. at /app/vendor/symfony/mailer/Transport/SendmailTransport.php:58)"} []
[2026-05-15T00:59:18.238031+00:00] main.CRITICAL: InvalidArgumentException: Unsupported sendmail command flags "/usr/local/bin/mhsendmail --smtp-addr=mailhog:1025"; must be one of "-bs" or "-t" but can include additional flags. in /app/vendor/symfony/mailer/Transport/SendmailTransport.php:58
Stack trace:
#0 /app/vendor/symfony/mailer/Transport/NativeTransportFactory.php(33): Symfony\Component\Mailer\Transport\SendmailTransport->__construct('/usr/local/bin/...', NULL, NULL)
#1 /app/vendor/magento/module-email/Model/Transport.php(226): Symfony\Component\Mailer\Transport\NativeTransportFactory->create(Object(Symfony\Component\Mailer\Transport\Dsn))
#2 /app/vendor/magento/module-email/Model/Transport.php(159): Magento\Email\Model\Transport->createSendmailTransport()
#3 /app/generated/code/Magento/Email/Model/Transport/Interceptor.php(23): Magento\Email\Model\Transport->getTransport()
#4 /app/vendor/magento/module-email/Model/Transport.php(237): Magento\Email\Model\Transport\Interceptor->getTransport()
#5 /app/vendor/magento/framework/Interception/Interceptor.php(58): Magento\Email\Model\Transport->sendMessage()
#6 /app/vendor/magento/framework/Interception/Interceptor.php(138): Magento\Email\Model\Transport\Interceptor->___callParent('sendMessage', Array)
#7 /app/vendor/magento/module-email/Model/Mail/TransportInterfacePlugin.php(48): Magento\Email\Model\Transport\Interceptor->{closure:Magento\Framework\Interception\Interceptor::___callPlugins():104}()
#8 /app/vendor/magento/framework/Interception/Interceptor.php(135): Magento\Email\Model\Mail\TransportInterfacePlugin->aroundSendMessage(Object(Magento\Email\Model\Transport\Interceptor), Object(Closure))
#9 /app/vendor/magento/framework/Interception/Interceptor.php(153): Magento\Email\Model\Transport\Interceptor->{closure:Magento\Framework\Interception\Interceptor::___callPlugins():104}()
#10 /app/generated/code/Magento/Email/Model/Transport/Interceptor.php(32): Magento\Email\Model\Transport\Interceptor->___callPlugins('sendMessage', Array, NULL)
#11 /app/vendor/magento/module-two-factor-auth/Model/EmailUserNotifier.php(106): Magento\Email\Model\Transport\Interceptor->sendMessage()
#12 /app/vendor/magento/module-two-factor-auth/Model/EmailUserNotifier.php(131): Magento\TwoFactorAuth\Model\EmailUserNotifier->sendConfigRequired(Object(Magento\AdminAdobeIms\Model\User\Interceptor), 'eyJ1c2VyX2lkIjo...', 'tfa_admin_app_c...', 'https://magento...')
#13 /app/vendor/magento/module-two-factor-auth/Model/UserConfig/UserConfigRequestManager.php(82): Magento\TwoFactorAuth\Model\EmailUserNotifier->sendAppConfigRequestMessage(Object(Magento\AdminAdobeIms\Model\User\Interceptor), 'eyJ1c2VyX2lkIjo...')
#14 /app/vendor/magento/module-two-factor-auth/Controller/Adminhtml/Tfa/Requestconfig.php(95): Magento\TwoFactorAuth\Model\UserConfig\UserConfigRequestManager->sendConfigRequestTo(Object(Magento\AdminAdobeIms\Model\User\Interceptor))
#15 /app/vendor/magento/framework/Interception/Interceptor.php(58): Magento\TwoFactorAuth\Controller\Adminhtml\Tfa\Requestconfig->execute()
#16 /app/vendor/magento/framework/Interception/Interceptor.php(138): Magento\TwoFactorAuth\Controller\Adminhtml\Tfa\Requestconfig\Interceptor->___callParent('execute', Array)
#17 /app/vendor/magento/framework/Interception/Interceptor.php(153): Magento\TwoFactorAuth\Controller\Adminhtml\Tfa\Requestconfig\Interceptor->{closure:Magento\Framework\Interception\Interceptor::___callPlugins():104}()
#18 /app/generated/code/Magento/TwoFactorAuth/Controller/Adminhtml/Tfa/Requestconfig/Interceptor.php(23): Magento\TwoFactorAuth\Controller\Adminhtml\Tfa\Requestconfig\Interceptor->___callPlugins('execute', Array, Array)
#19 /app/vendor/magento/framework/App/Action/Action.php(111): Magento\TwoFactorAuth\Controller\Adminhtml\Tfa\Requestconfig\Interceptor->execute()
#20 /app/vendor/magento/module-backend/App/AbstractAction.php(151): Magento\Framework\App\Action\Action->dispatch(Object(Magento\Framework\App\Request\Http))
#21 /app/vendor/magento/module-two-factor-auth/Controller/Adminhtml/AbstractAction.php(31): Magento\Backend\App\AbstractAction->dispatch(Object(Magento\Framework\App\Request\Http))
#22 /app/vendor/magento/framework/Interception/Interceptor.php(58): Magento\TwoFactorAuth\Controller\Adminhtml\AbstractAction->dispatch(Object(Magento\Framework\App\Request\Http))
#23 /app/vendor/magento/framework/Interception/Interceptor.php(138): Magento\TwoFactorAuth\Controller\Adminhtml\Tfa\Requestconfig\Interceptor->___callParent('dispatch', Array)
#24 /app/vendor/magento/module-backend/App/Action/Plugin/Authentication.php(145): Magento\TwoFactorAuth\Controller\Adminhtml\Tfa\Requestconfig\Interceptor->{closure:Magento\Framework\Interception\Interceptor::___callPlugins():104}(Object(Magento\Framework\App\Request\Http))
#25 /app/vendor/magento/framework/Interception/Interceptor.php(135): Magento\Backend\App\Action\Plugin\Authentication->aroundDispatch(Object(Magento\TwoFactorAuth\Controller\Adminhtml\Tfa\Requestconfig\Interceptor), Object(Closure), Object(Magento\Framework\App\Request\Http))
#26 /app/vendor/magento/framework/Interception/Interceptor.php(153): Magento\TwoFactorAuth\Controller\Adminhtml\Tfa\Requestconfig\Interceptor->{closure:Magento\Framework\Interception\Interceptor::___callPlugins():104}(Object(Magento\Framework\App\Request\Http))
#27 /app/generated/code/Magento/TwoFactorAuth/Controller/Adminhtml/Tfa/Requestconfig/Interceptor.php(32): Magento\TwoFactorAuth\Controller\Adminhtml\Tfa\Requestconfig\Interceptor->___callPlugins('dispatch', Array, Array)
#28 /app/vendor/magento/framework/App/FrontController.php(245): Magento\TwoFactorAuth\Controller\Adminhtml\Tfa\Requestconfig\Interceptor->dispatch(Object(Magento\Framework\App\Request\Http))
#29 /app/vendor/magento/framework/App/FrontController.php(212): Magento\Framework\App\FrontController->getActionResponse(Object(Magento\TwoFactorAuth\Controller\Adminhtml\Tfa\Requestconfig\Interceptor), Object(Magento\Framework\App\Request\Http))
#30 /app/vendor/magento/framework/App/FrontController.php(146): Magento\Framework\App\FrontController->processRequest(Object(Magento\Framework\App\Request\Http), Object(Magento\TwoFactorAuth\Controller\Adminhtml\Tfa\Requestconfig\Interceptor))
#31 /app/vendor/magento/framework/Interception/Interceptor.php(58): Magento\Framework\App\FrontController->dispatch(Object(Magento\Framework\App\Request\Http))
#32 /app/vendor/magento/framework/Interception/Interceptor.php(138): Magento\Framework\App\FrontController\Interceptor->___callParent('dispatch', Array)
#33 /app/vendor/magento/framework/Interception/Interceptor.php(153): Magento\Framework\App\FrontController\Interceptor->{closure:Magento\Framework\Interception\Interceptor::___callPlugins():104}(Object(Magento\Framework\App\Request\Http))
#34 /app/generated/code/Magento/Framework/App/FrontController/Interceptor.php(23): Magento\Framework\App\FrontController\Interceptor->___callPlugins('dispatch', Array, Array)
#35 /app/vendor/magento/framework/App/Http.php(116): Magento\Framework\App\FrontController\Interceptor->dispatch(Object(Magento\Framework\App\Request\Http))
#36 /app/vendor/magento/framework/Interception/Interceptor.php(58): Magento\Framework\App\Http->launch()
#37 /app/vendor/magento/framework/Interception/Interceptor.php(138): Magento\Framework\App\Http\Interceptor->___callParent('launch', Array)
#38 /app/vendor/magento/module-application-performance-monitor/Plugin/ApplicationPerformanceMonitor.php(38): Magento\Framework\App\Http\Interceptor->{closure:Magento\Framework\Interception\Interceptor::___callPlugins():104}()
#39 /app/vendor/magento/framework/Interception/Interceptor.php(135): Magento\ApplicationPerformanceMonitor\Plugin\ApplicationPerformanceMonitor->aroundLaunch(Object(Magento\Framework\App\Http\Interceptor), Object(Closure))
#40 /app/vendor/magento/framework/Interception/Interceptor.php(153): Magento\Framework\App\Http\Interceptor->{closure:Magento\Framework\Interception\Interceptor::___callPlugins():104}()
#41 /app/generated/code/Magento/Framework/App/Http/Interceptor.php(23): Magento\Framework\App\Http\Interceptor->___callPlugins('launch', Array, NULL)
#42 /app/vendor/magento/framework/App/Bootstrap.php(264): Magento\Framework\App\Http\Interceptor->launch()
#43 /app/pub/index.php(30): Magento\Framework\App\Bootstrap->run(Object(Magento\Framework\App\Http\Interceptor))
#44 {main}

Next Magento\Framework\Exception\MailException: Unable to send mail. Please try again later. in /app/vendor/magento/module-email/Model/Transport.php:247
Stack trace:
#0 /app/vendor/magento/framework/Interception/Interceptor.php(58): Magento\Email\Model\Transport->sendMessage()
#1 /app/vendor/magento/framework/Interception/Interceptor.php(138): Magento\Email\Model\Transport\Interceptor->___callParent('sendMessage', Array)
#2 /app/vendor/magento/module-email/Model/Mail/TransportInterfacePlugin.php(48): Magento\Email\Model\Transport\Interceptor->{closure:Magento\Framework\Interception\Interceptor::___callPlugins():104}()
#3 /app/vendor/magento/framework/Interception/Interceptor.php(135): Magento\Email\Model\Mail\TransportInterfacePlugin->aroundSendMessage(Object(Magento\Email\Model\Transport\Interceptor), Object(Closure))
#4 /app/vendor/magento/framework/Interception/Interceptor.php(153): Magento\Email\Model\Transport\Interceptor->{closure:Magento\Framework\Interception\Interceptor::___callPlugins():104}()
#5 /app/generated/code/Magento/Email/Model/Transport/Interceptor.php(32): Magento\Email\Model\Transport\Interceptor->___callPlugins('sendMessage', Array, NULL)
#6 /app/vendor/magento/module-two-factor-auth/Model/EmailUserNotifier.php(106): Magento\Email\Model\Transport\Interceptor->sendMessage()
#7 /app/vendor/magento/module-two-factor-auth/Model/EmailUserNotifier.php(131): Magento\TwoFactorAuth\Model\EmailUserNotifier->sendConfigRequired(Object(Magento\AdminAdobeIms\Model\User\Interceptor), 'eyJ1c2VyX2lkIjo...', 'tfa_admin_app_c...', 'https://magento...')
#8 /app/vendor/magento/module-two-factor-auth/Model/UserConfig/UserConfigRequestManager.php(82): Magento\TwoFactorAuth\Model\EmailUserNotifier->sendAppConfigRequestMessage(Object(Magento\AdminAdobeIms\Model\User\Interceptor), 'eyJ1c2VyX2lkIjo...')
#9 /app/vendor/magento/module-two-factor-auth/Controller/Adminhtml/Tfa/Requestconfig.php(95): Magento\TwoFactorAuth\Model\UserConfig\UserConfigRequestManager->sendConfigRequestTo(Object(Magento\AdminAdobeIms\Model\User\Interceptor))
#10 /app/vendor/magento/framework/Interception/Interceptor.php(58): Magento\TwoFactorAuth\Controller\Adminhtml\Tfa\Requestconfig->execute()
#11 /app/vendor/magento/framework/Interception/Interceptor.php(138): Magento\TwoFactorAuth\Controller\Adminhtml\Tfa\Requestconfig\Interceptor->___callParent('execute', Array)
#12 /app/vendor/magento/framework/Interception/Interceptor.php(153): Magento\TwoFactorAuth\Controller\Adminhtml\Tfa\Requestconfig\Interceptor->{closure:Magento\Framework\Interception\Interceptor::___callPlugins():104}()
#13 /app/generated/code/Magento/TwoFactorAuth/Controller/Adminhtml/Tfa/Requestconfig/Interceptor.php(23): Magento\TwoFactorAuth\Controller\Adminhtml\Tfa\Requestconfig\Interceptor->___callPlugins('execute', Array, Array)
#14 /app/vendor/magento/framework/App/Action/Action.php(111): Magento\TwoFactorAuth\Controller\Adminhtml\Tfa\Requestconfig\Interceptor->execute()
#15 /app/vendor/magento/module-backend/App/AbstractAction.php(151): Magento\Framework\App\Action\Action->dispatch(Object(Magento\Framework\App\Request\Http))
#16 /app/vendor/magento/module-two-factor-auth/Controller/Adminhtml/AbstractAction.php(31): Magento\Backend\App\AbstractAction->dispatch(Object(Magento\Framework\App\Request\Http))
#17 /app/vendor/magento/framework/Interception/Interceptor.php(58): Magento\TwoFactorAuth\Controller\Adminhtml\AbstractAction->dispatch(Object(Magento\Framework\App\Request\Http))
#18 /app/vendor/magento/framework/Interception/Interceptor.php(138): Magento\TwoFactorAuth\Controller\Adminhtml\Tfa\Requestconfig\Interceptor->___callParent('dispatch', Array)
#19 /app/vendor/magento/module-backend/App/Action/Plugin/Authentication.php(145): Magento\TwoFactorAuth\Controller\Adminhtml\Tfa\Requestconfig\Interceptor->{closure:Magento\Framework\Interception\Interceptor::___callPlugins():104}(Object(Magento\Framework\App\Request\Http))
#20 /app/vendor/magento/framework/Interception/Interceptor.php(135): Magento\Backend\App\Action\Plugin\Authentication->aroundDispatch(Object(Magento\TwoFactorAuth\Controller\Adminhtml\Tfa\Requestconfig\Interceptor), Object(Closure), Object(Magento\Framework\App\Request\Http))
#21 /app/vendor/magento/framework/Interception/Interceptor.php(153): Magento\TwoFactorAuth\Controller\Adminhtml\Tfa\Requestconfig\Interceptor->{closure:Magento\Framework\Interception\Interceptor::___callPlugins():104}(Object(Magento\Framework\App\Request\Http))
#22 /app/generated/code/Magento/TwoFactorAuth/Controller/Adminhtml/Tfa/Requestconfig/Interceptor.php(32): Magento\TwoFactorAuth\Controller\Adminhtml\Tfa\Requestconfig\Interceptor->___callPlugins('dispatch', Array, Array)
#23 /app/vendor/magento/framework/App/FrontController.php(245): Magento\TwoFactorAuth\Controller\Adminhtml\Tfa\Requestconfig\Interceptor->dispatch(Object(Magento\Framework\App\Request\Http))
#24 /app/vendor/magento/framework/App/FrontController.php(212): Magento\Framework\App\FrontController->getActionResponse(Object(Magento\TwoFactorAuth\Controller\Adminhtml\Tfa\Requestconfig\Interceptor), Object(Magento\Framework\App\Request\Http))
#25 /app/vendor/magento/framework/App/FrontController.php(146): Magento\Framework\App\FrontController->processRequest(Object(Magento\Framework\App\Request\Http), Object(Magento\TwoFactorAuth\Controller\Adminhtml\Tfa\Requestconfig\Interceptor))
#26 /app/vendor/magento/framework/Interception/Interceptor.php(58): Magento\Framework\App\FrontController->dispatch(Object(Magento\Framework\App\Request\Http))
#27 /app/vendor/magento/framework/Interception/Interceptor.php(138): Magento\Framework\App\FrontController\Interceptor->___callParent('dispatch', Array)
#28 /app/vendor/magento/framework/Interception/Interceptor.php(153): Magento\Framework\App\FrontController\Interceptor->{closure:Magento\Framework\Interception\Interceptor::___callPlugins():104}(Object(Magento\Framework\App\Request\Http))
#29 /app/generated/code/Magento/Framework/App/FrontController/Interceptor.php(23): Magento\Framework\App\FrontController\Interceptor->___callPlugins('dispatch', Array, Array)
#30 /app/vendor/magento/framework/App/Http.php(116): Magento\Framework\App\FrontController\Interceptor->dispatch(Object(Magento\Framework\App\Request\Http))
#31 /app/vendor/magento/framework/Interception/Interceptor.php(58): Magento\Framework\App\Http->launch()
#32 /app/vendor/magento/framework/Interception/Interceptor.php(138): Magento\Framework\App\Http\Interceptor->___callParent('launch', Array)
#33 /app/vendor/magento/module-application-performance-monitor/Plugin/ApplicationPerformanceMonitor.php(38): Magento\Framework\App\Http\Interceptor->{closure:Magento\Framework\Interception\Interceptor::___callPlugins():104}()
#34 /app/vendor/magento/framework/Interception/Interceptor.php(135): Magento\ApplicationPerformanceMonitor\Plugin\ApplicationPerformanceMonitor->aroundLaunch(Object(Magento\Framework\App\Http\Interceptor), Object(Closure))
#35 /app/vendor/magento/framework/Interception/Interceptor.php(153): Magento\Framework\App\Http\Interceptor->{closure:Magento\Framework\Interception\Interceptor::___callPlugins():104}()
#36 /app/generated/code/Magento/Framework/App/Http/Interceptor.php(23): Magento\Framework\App\Http\Interceptor->___callPlugins('launch', Array, NULL)
#37 /app/vendor/magento/framework/App/Bootstrap.php(264): Magento\Framework\App\Http\Interceptor->launch()
#38 /app/pub/index.php(30): Magento\Framework\App\Bootstrap->run(Object(Magento\Framework\App\Http\Interceptor))
#39 {main} {"exception":"[object] (Magento\\Framework\\Exception\\MailException(code: 0): Unable to send mail. Please try again later. at /app/vendor/magento/module-email/Model/Transport.php:247)
[previous exception] [object] (InvalidArgumentException(code: 0): Unsupported sendmail command flags \"/usr/local/bin/mhsendmail --smtp-addr=mailhog:1025\"; must be one of \"-bs\" or \"-t\" but can include additional flags. at /app/vendor/symfony/mailer/Transport/SendmailTransport.php:58)"} []
[2026-05-15T00:59:18.242826+00:00] main.INFO: Broken reference: the 'tracking' element cannot be added as child to 'header', because the latter doesn't exist [] []
[2026-05-15T00:59:18.243141+00:00] main.INFO: Broken reference: the 'notification_area' element cannot be added as child to 'notifications', because the latter doesn't exist [] []
[2026-05-15T00:59:18.243313+00:00] main.INFO: Broken reference: the 'unread_system_messages' element cannot be added as child to 'notifications', because the latter doesn't exist [] []
[2026-05-15T00:59:18.243482+00:00] main.INFO: Broken reference: the 'notification_window' element cannot be added as child to 'notifications', because the latter doesn't exist [] []
[2026-05-15T00:59:18.243635+00:00] main.INFO: Broken reference: the 'notification.messages' element cannot be added as child to 'header', because the latter doesn't exist [] []
[2026-05-15T00:59:18.243786+00:00] main.INFO: Broken reference: the 'global_notices' element cannot be added as child to 'global.notices', because the latter doesn't exist [] []
[2026-05-15T00:59:18.243926+00:00] main.INFO: Broken reference: the 'logo' element cannot be added as child to 'header', because the latter doesn't exist [] []
[2026-05-15T00:59:18.244081+00:00] main.INFO: Broken reference: the 'global.search' element cannot be added as child to 'header', because the latter doesn't exist [] []
[2026-05-15T00:59:18.244219+00:00] main.INFO: Broken reference: the 'user' element cannot be added as child to 'header', because the latter doesn't exist [] []
[2026-05-15T00:59:18.244356+00:00] main.INFO: Broken reference: the 'menu' element cannot be added as child to 'page.menu', because the latter doesn't exist [] []
[2026-05-15T00:59:18.244492+00:00] main.INFO: Broken reference: the 'breadcrumbs' element cannot be added as child to 'page.breadcrumbs', because the latter doesn't exist [] []
[2026-05-15T00:59:18.244629+00:00] main.INFO: Broken reference: the 'formkey' element cannot be added as child to 'page.formkey', because the latter doesn't exist [] []
[2026-05-15T00:59:18.244765+00:00] main.INFO: Broken reference: the 'page.title' element cannot be added as child to 'main.top', because the latter doesn't exist [] []
[2026-05-15T00:59:18.244934+00:00] main.INFO: Broken reference: the 'messages' element cannot be added as child to 'page.messages', because the latter doesn't exist [] []
[2026-05-15T00:59:18.245130+00:00] main.INFO: Broken reference: the 'page.actions.toolbar' element cannot be added as child to 'page.main.actions', because the latter doesn't exist [] []
[2026-05-15T00:59:18.245271+00:00] main.INFO: Broken reference: the 'legal' element cannot be added as child to 'footer', because the latter doesn't exist [] []
[2026-05-15T00:59:18.245507+00:00] main.INFO: Broken reference: the 'header.inner.left' element cannot be added as child to 'header', because the latter doesn't exist [] []
[2026-05-15T00:59:18.245656+00:00] main.INFO: Broken reference: the 'header.inner.right' element cannot be added as child to 'header', because the latter doesn't exist [] []
[2026-05-15T00:59:18.245860+00:00] main.INFO: Broken reference: the 'user' tries to reorder itself towards '', but their parents are different: 'header' and '' respectively. [] []
[2026-05-15T00:59:18.246094+00:00] main.INFO: Broken reference: the 'notification.messages' tries to reorder itself towards 'user', but their parents are different: 'header' and '' respectively. [] []
[2026-05-15T00:59:18.246238+00:00] main.INFO: Broken reference: the 'logo' tries to reorder itself towards '', but their parents are different: 'header' and '' respectively. [] []
[2026-05-15T00:59:18.246377+00:00] main.INFO: Broken reference: the 'global.search' tries to reorder itself towards 'logo', but their parents are different: 'header' and '' respectively. [] []
[2026-05-15T00:59:18.246514+00:00] main.INFO: Broken reference: the 'page.actions.toolbar' tries to reorder itself towards '', but their parents are different: 'page.main.actions' and '' respectively. [] []
[2026-05-15T00:59:18.246688+00:00] main.INFO: Broken reference: the 'header.inner.left' tries to reorder itself towards '', but their parents are different: 'header' and '' respectively. [] []
[2026-05-15T00:59:18.246834+00:00] main.INFO: Broken reference: the 'header.inner.right' tries to reorder itself towards 'header.inner.left', but their parents are different: 'header' and '' respectively. [] []
[2026-05-15T00:59:18.247085+00:00] main.INFO: Broken reference: the 'notification.messages' tries to reorder itself towards 'user', but their parents are different: 'header.inner.right' and '' respectively. [] []
[2026-05-15T01:02:04.040990+00:00] main.DEBUG: cache_invalidate:  {"method":"GET","url":"http:/","invalidateInfo":{"tags":["MAGE"],"mode":"matchingTag"}} []
[2026-05-15T01:02:04.041632+00:00] main.DEBUG: cache_invalidate:  {"method":"GET","url":"http:/","invalidateInfo":{"tags":[],"mode":"all"},"trace":"Exception: full purge of cache storage triggered in /app/vendor/magento/framework/Cache/InvalidateLogger.php:52
Stack trace:
#0 /app/vendor/magento/framework/Cache/Frontend/Decorator/Logger.php(62): Magento\\Framework\\Cache\\InvalidateLogger->execute(Array)
#1 /app/vendor/magento/framework/Cache/Frontend/Decorator/Logger.php(50): Magento\\Framework\\Cache\\Frontend\\Decorator\\Logger->log(Array)
#2 /app/vendor/magento/framework/App/Cache.php(105): Magento\\Framework\\Cache\\Frontend\\Decorator\\Logger->clean()
#3 /app/setup/src/Magento/Setup/Console/Command/AbstractModuleCommand.php(80): Magento\\Framework\\App\\Cache->clean()
#4 /app/setup/src/Magento/Setup/Console/Command/AbstractModuleManageCommand.php(104): Magento\\Setup\\Console\\Command\\AbstractModuleCommand->cleanup(Object(Symfony\\Component\\Console\\Input\\ArgvInput), Object(Symfony\\Component\\Console\\Output\\ConsoleOutput))
#5 /app/vendor/symfony/console/Command/Command.php(341): Magento\\Setup\\Console\\Command\\AbstractModuleManageCommand->execute(Object(Symfony\\Component\\Console\\Input\\ArgvInput), Object(Symfony\\Component\\Console\\Output\\ConsoleOutput))
#6 /app/vendor/symfony/console/Application.php(1094): Symfony\\Component\\Console\\Command\\Command->run(Object(Symfony\\Component\\Console\\Input\\ArgvInput), Object(Symfony\\Component\\Console\\Output\\ConsoleOutput))
#7 /app/vendor/symfony/console/Application.php(356): Symfony\\Component\\Console\\Application->doRunCommand(Object(Magento\\Setup\\Console\\Command\\ModuleDisableCommand), Object(Symfony\\Component\\Console\\Input\\ArgvInput), Object(Symfony\\Component\\Console\\Output\\ConsoleOutput))
#8 /app/vendor/magento/framework/Console/Cli.php(137): Symfony\\Component\\Console\\Application->doRun(Object(Symfony\\Component\\Console\\Input\\ArgvInput), Object(Symfony\\Component\\Console\\Output\\ConsoleOutput))
#9 /app/vendor/symfony/console/Application.php(195): Magento\\Framework\\Console\\Cli->doRun(Object(Symfony\\Component\\Console\\Input\\ArgvInput), Object(Symfony\\Component\\Console\\Output\\ConsoleOutput))
#10 /app/bin/magento(23): Symfony\\Component\\Console\\Application->run()
#11 {main}"} []
[2026-05-15T01:02:04.043856+00:00] main.DEBUG: cache_invalidate:  {"method":"GET","url":"http:/","invalidateInfo":{"tags":["MAGE"],"mode":"matchingTag"}} []
[2026-05-15T01:02:04.044038+00:00] main.DEBUG: cache_invalidate:  {"method":"GET","url":"http:/","invalidateInfo":{"tags":[],"mode":"all"},"trace":"Exception: full purge of cache storage triggered in /app/vendor/magento/framework/Cache/InvalidateLogger.php:52
Stack trace:
#0 /app/vendor/magento/framework/Cache/Frontend/Decorator/Logger.php(62): Magento\\Framework\\Cache\\InvalidateLogger->execute(Array)
#1 /app/vendor/magento/framework/Cache/Frontend/Decorator/Logger.php(50): Magento\\Framework\\Cache\\Frontend\\Decorator\\Logger->log(Array)
#2 /app/vendor/magento/framework/App/Cache.php(105): Magento\\Framework\\Cache\\Frontend\\Decorator\\Logger->clean()
#3 /app/setup/src/Magento/Setup/Console/Command/AbstractModuleCommand.php(80): Magento\\Framework\\App\\Cache->clean()
#4 /app/setup/src/Magento/Setup/Console/Command/AbstractModuleManageCommand.php(104): Magento\\Setup\\Console\\Command\\AbstractModuleCommand->cleanup(Object(Symfony\\Component\\Console\\Input\\ArgvInput), Object(Symfony\\Component\\Console\\Output\\ConsoleOutput))
#5 /app/vendor/symfony/console/Command/Command.php(341): Magento\\Setup\\Console\\Command\\AbstractModuleManageCommand->execute(Object(Symfony\\Component\\Console\\Input\\ArgvInput), Object(Symfony\\Component\\Console\\Output\\ConsoleOutput))
#6 /app/vendor/symfony/console/Application.php(1094): Symfony\\Component\\Console\\Command\\Command->run(Object(Symfony\\Component\\Console\\Input\\ArgvInput), Object(Symfony\\Component\\Console\\Output\\ConsoleOutput))
#7 /app/vendor/symfony/console/Application.php(356): Symfony\\Component\\Console\\Application->doRunCommand(Object(Magento\\Setup\\Console\\Command\\ModuleDisableCommand), Object(Symfony\\Component\\Console\\Input\\ArgvInput), Object(Symfony\\Component\\Console\\Output\\ConsoleOutput))
#8 /app/vendor/magento/framework/Console/Cli.php(137): Symfony\\Component\\Console\\Application->doRun(Object(Symfony\\Component\\Console\\Input\\ArgvInput), Object(Symfony\\Component\\Console\\Output\\ConsoleOutput))
#9 /app/vendor/symfony/console/Application.php(195): Magento\\Framework\\Console\\Cli->doRun(Object(Symfony\\Component\\Console\\Input\\ArgvInput), Object(Symfony\\Component\\Console\\Output\\ConsoleOutput))
#10 /app/bin/magento(23): Symfony\\Component\\Console\\Application->run()
#11 {main}"} []
[2026-05-15T01:02:24.071531+00:00] main.DEBUG: cache_invalidate:  {"method":"GET","url":"http:/","invalidateInfo":{"tags":["FPC","MAGE"],"mode":"matchingTag"}} []
[2026-05-15T01:02:24.072127+00:00] main.DEBUG: cache_invalidate:  {"method":"GET","url":"http:/","invalidateInfo":{"tags":["FPC"],"mode":"matchingTag"}} []
[2026-05-15T01:02:24.091412+00:00] main.DEBUG: cache_invalidate:  {"method":"GET","url":"http:/","invalidateInfo":{"tags":["MAGE"],"mode":"matchingTag"}} []
[2026-05-15T01:02:24.091640+00:00] main.DEBUG: cache_invalidate:  {"method":"GET","url":"http:/","invalidateInfo":{"tags":[],"mode":"all"},"trace":"Exception: full purge of cache storage triggered in /app/vendor/magento/framework/Cache/InvalidateLogger.php:52
Stack trace:
#0 /app/vendor/magento/framework/Cache/Frontend/Decorator/Logger.php(62): Magento\\Framework\\Cache\\InvalidateLogger->execute(Array)
#1 /app/vendor/magento/framework/Cache/Frontend/Decorator/Logger.php(50): Magento\\Framework\\Cache\\Frontend\\Decorator\\Logger->log(Array)
#2 /app/vendor/magento/framework/Cache/Frontend/Decorator/Bare.php(92): Magento\\Framework\\Cache\\Frontend\\Decorator\\Logger->clean('all', Array)
#3 /app/vendor/magento/framework/App/Cache/Type/AccessProxy.php(110): Magento\\Framework\\Cache\\Frontend\\Decorator\\Bare->clean('all', Array)
#4 /app/vendor/magento/framework/App/Cache/Manager.php(111): Magento\\Framework\\App\\Cache\\Type\\AccessProxy->clean()
#5 /app/vendor/magento/module-backend/Console/Command/CacheFlushCommand.php(39): Magento\\Framework\\App\\Cache\\Manager->flush(Array)
#6 /app/vendor/magento/module-backend/Console/Command/AbstractCacheTypeManageCommand.php(64): Magento\\Backend\\Console\\Command\\CacheFlushCommand->performAction(Array)
#7 /app/vendor/symfony/console/Command/Command.php(341): Magento\\Backend\\Console\\Command\\AbstractCacheTypeManageCommand->execute(Object(Symfony\\Component\\Console\\Input\\ArgvInput), Object(Symfony\\Component\\Console\\Output\\ConsoleOutput))
#8 /app/vendor/magento/framework/Interception/Interceptor.php(58): Symfony\\Component\\Console\\Command\\Command->run(Object(Symfony\\Component\\Console\\Input\\ArgvInput), Object(Symfony\\Component\\Console\\Output\\ConsoleOutput))
#9 /app/vendor/magento/framework/Interception/Interceptor.php(138): Magento\\Backend\\Console\\Command\\CacheFlushCommand\\Interceptor->___callParent('run', Array)
#10 /app/vendor/magento/framework/Interception/Interceptor.php(153): Magento\\Backend\\Console\\Command\\CacheFlushCommand\\Interceptor->{closure:Magento\\Framework\\Interception\\Interceptor::___callPlugins():104}(Object(Symfony\\Component\\Console\\Input\\ArgvInput), Object(Symfony\\Component\\Console\\Output\\ConsoleOutput))
#11 /app/generated/code/Magento/Backend/Console/Command/CacheFlushCommand/Interceptor.php(77): Magento\\Backend\\Console\\Command\\CacheFlushCommand\\Interceptor->___callPlugins('run', Array, Array)
#12 /app/vendor/symfony/console/Application.php(1094): Magento\\Backend\\Console\\Command\\CacheFlushCommand\\Interceptor->run(Object(Symfony\\Component\\Console\\Input\\ArgvInput), Object(Symfony\\Component\\Console\\Output\\ConsoleOutput))
#13 /app/vendor/symfony/console/Application.php(356): Symfony\\Component\\Console\\Application->doRunCommand(Object(Magento\\Backend\\Console\\Command\\CacheFlushCommand\\Interceptor), Object(Symfony\\Component\\Console\\Input\\ArgvInput), Object(Symfony\\Component\\Console\\Output\\ConsoleOutput))
#14 /app/vendor/magento/framework/Console/Cli.php(137): Symfony\\Component\\Console\\Application->doRun(Object(Symfony\\Component\\Console\\Input\\ArgvInput), Object(Symfony\\Component\\Console\\Output\\ConsoleOutput))
#15 /app/vendor/symfony/console/Application.php(195): Magento\\Framework\\Console\\Cli->doRun(Object(Symfony\\Component\\Console\\Input\\ArgvInput), Object(Symfony\\Component\\Console\\Output\\ConsoleOutput))
#16 /app/bin/magento(23): Symfony\\Component\\Console\\Application->run()
#17 {main}"} []
[2026-05-15T01:02:24.093827+00:00] main.DEBUG: cache_invalidate:  {"method":"GET","url":"http:/","invalidateInfo":{"tags":["MAGE"],"mode":"matchingTag"}} []
[2026-05-15T01:02:24.094017+00:00] main.DEBUG: cache_invalidate:  {"method":"GET","url":"http:/","invalidateInfo":{"tags":[],"mode":"all"},"trace":"Exception: full purge of cache storage triggered in /app/vendor/magento/framework/Cache/InvalidateLogger.php:52
Stack trace:
#0 /app/vendor/magento/framework/Cache/Frontend/Decorator/Logger.php(62): Magento\\Framework\\Cache\\InvalidateLogger->execute(Array)
#1 /app/vendor/magento/framework/Cache/Frontend/Decorator/Logger.php(50): Magento\\Framework\\Cache\\Frontend\\Decorator\\Logger->log(Array)
#2 /app/vendor/magento/framework/Cache/Frontend/Decorator/Bare.php(92): Magento\\Framework\\Cache\\Frontend\\Decorator\\Logger->clean('all', Array)
#3 /app/vendor/magento/framework/App/Cache/Type/AccessProxy.php(110): Magento\\Framework\\Cache\\Frontend\\Decorator\\Bare->clean('all', Array)
#4 /app/vendor/magento/framework/App/Cache/Manager.php(111): Magento\\Framework\\App\\Cache\\Type\\AccessProxy->clean()
#5 /app/vendor/magento/module-backend/Console/Command/CacheFlushCommand.php(39): Magento\\Framework\\App\\Cache\\Manager->flush(Array)
#6 /app/vendor/magento/module-backend/Console/Command/AbstractCacheTypeManageCommand.php(64): Magento\\Backend\\Console\\Command\\CacheFlushCommand->performAction(Array)
#7 /app/vendor/symfony/console/Command/Command.php(341): Magento\\Backend\\Console\\Command\\AbstractCacheTypeManageCommand->execute(Object(Symfony\\Component\\Console\\Input\\ArgvInput), Object(Symfony\\Component\\Console\\Output\\ConsoleOutput))
#8 /app/vendor/magento/framework/Interception/Interceptor.php(58): Symfony\\Component\\Console\\Command\\Command->run(Object(Symfony\\Component\\Console\\Input\\ArgvInput), Object(Symfony\\Component\\Console\\Output\\ConsoleOutput))
#9 /app/vendor/magento/framework/Interception/Interceptor.php(138): Magento\\Backend\\Console\\Command\\CacheFlushCommand\\Interceptor->___callParent('run', Array)
#10 /app/vendor/magento/framework/Interception/Interceptor.php(153): Magento\\Backend\\Console\\Command\\CacheFlushCommand\\Interceptor->{closure:Magento\\Framework\\Interception\\Interceptor::___callPlugins():104}(Object(Symfony\\Component\\Console\\Input\\ArgvInput), Object(Symfony\\Component\\Console\\Output\\ConsoleOutput))
#11 /app/generated/code/Magento/Backend/Console/Command/CacheFlushCommand/Interceptor.php(77): Magento\\Backend\\Console\\Command\\CacheFlushCommand\\Interceptor->___callPlugins('run', Array, Array)
#12 /app/vendor/symfony/console/Application.php(1094): Magento\\Backend\\Console\\Command\\CacheFlushCommand\\Interceptor->run(Object(Symfony\\Component\\Console\\Input\\ArgvInput), Object(Symfony\\Component\\Console\\Output\\ConsoleOutput))
#13 /app/vendor/symfony/console/Application.php(356): Symfony\\Component\\Console\\Application->doRunCommand(Object(Magento\\Backend\\Console\\Command\\CacheFlushCommand\\Interceptor), Object(Symfony\\Component\\Console\\Input\\ArgvInput), Object(Symfony\\Component\\Console\\Output\\ConsoleOutput))
#14 /app/vendor/magento/framework/Console/Cli.php(137): Symfony\\Component\\Console\\Application->doRun(Object(Symfony\\Component\\Console\\Input\\ArgvInput), Object(Symfony\\Component\\Console\\Output\\ConsoleOutput))
#15 /app/vendor/symfony/console/Application.php(195): Magento\\Framework\\Console\\Cli->doRun(Object(Symfony\\Component\\Console\\Input\\ArgvInput), Object(Symfony\\Component\\Console\\Output\\ConsoleOutput))
#16 /app/bin/magento(23): Symfony\\Component\\Console\\Application->run()
#17 {main}"} []
[2026-05-15T01:02:24.096188+00:00] main.DEBUG: cache_invalidate:  {"method":"GET","url":"http:/","invalidateInfo":{"tags":["MAGE"],"mode":"matchingTag"}} []
[2026-05-15T01:02:24.096370+00:00] main.DEBUG: cache_invalidate:  {"method":"GET","url":"http:/","invalidateInfo":{"tags":[],"mode":"all"},"trace":"Exception: full purge of cache storage triggered in /app/vendor/magento/framework/Cache/InvalidateLogger.php:52
Stack trace:
#0 /app/vendor/magento/framework/Cache/Frontend/Decorator/Logger.php(62): Magento\\Framework\\Cache\\InvalidateLogger->execute(Array)
#1 /app/vendor/magento/framework/Cache/Frontend/Decorator/Logger.php(50): Magento\\Framework\\Cache\\Frontend\\Decorator\\Logger->log(Array)
#2 /app/vendor/magento/framework/Cache/Frontend/Decorator/Bare.php(92): Magento\\Framework\\Cache\\Frontend\\Decorator\\Logger->clean('all', Array)
#3 /app/vendor/magento/framework/App/Cache/Type/AccessProxy.php(110): Magento\\Framework\\Cache\\Frontend\\Decorator\\Bare->clean('all', Array)
#4 /app/vendor/magento/framework/App/Cache/Manager.php(111): Magento\\Framework\\App\\Cache\\Type\\AccessProxy->clean()
#5 /app/vendor/magento/module-backend/Console/Command/CacheFlushCommand.php(39): Magento\\Framework\\App\\Cache\\Manager->flush(Array)
#6 /app/vendor/magento/module-backend/Console/Command/AbstractCacheTypeManageCommand.php(64): Magento\\Backend\\Console\\Command\\CacheFlushCommand->performAction(Array)
#7 /app/vendor/symfony/console/Command/Command.php(341): Magento\\Backend\\Console\\Command\\AbstractCacheTypeManageCommand->execute(Object(Symfony\\Component\\Console\\Input\\ArgvInput), Object(Symfony\\Component\\Console\\Output\\ConsoleOutput))
#8 /app/vendor/magento/framework/Interception/Interceptor.php(58): Symfony\\Component\\Console\\Command\\Command->run(Object(Symfony\\Component\\Console\\Input\\ArgvInput), Object(Symfony\\Component\\Console\\Output\\ConsoleOutput))
#9 /app/vendor/magento/framework/Interception/Interceptor.php(138): Magento\\Backend\\Console\\Command\\CacheFlushCommand\\Interceptor->___callParent('run', Array)
#10 /app/vendor/magento/framework/Interception/Interceptor.php(153): Magento\\Backend\\Console\\Command\\CacheFlushCommand\\Interceptor->{closure:Magento\\Framework\\Interception\\Interceptor::___callPlugins():104}(Object(Symfony\\Component\\Console\\Input\\ArgvInput), Object(Symfony\\Component\\Console\\Output\\ConsoleOutput))
#11 /app/generated/code/Magento/Backend/Console/Command/CacheFlushCommand/Interceptor.php(77): Magento\\Backend\\Console\\Command\\CacheFlushCommand\\Interceptor->___callPlugins('run', Array, Array)
#12 /app/vendor/symfony/console/Application.php(1094): Magento\\Backend\\Console\\Command\\CacheFlushCommand\\Interceptor->run(Object(Symfony\\Component\\Console\\Input\\ArgvInput), Object(Symfony\\Component\\Console\\Output\\ConsoleOutput))
#13 /app/vendor/symfony/console/Application.php(356): Symfony\\Component\\Console\\Application->doRunCommand(Object(Magento\\Backend\\Console\\Command\\CacheFlushCommand\\Interceptor), Object(Symfony\\Component\\Console\\Input\\ArgvInput), Object(Symfony\\Component\\Console\\Output\\ConsoleOutput))
#14 /app/vendor/magento/framework/Console/Cli.php(137): Symfony\\Component\\Console\\Application->doRun(Object(Symfony\\Component\\Console\\Input\\ArgvInput), Object(Symfony\\Component\\Console\\Output\\ConsoleOutput))
#15 /app/vendor/symfony/console/Application.php(195): Magento\\Framework\\Console\\Cli->doRun(Object(Symfony\\Component\\Console\\Input\\ArgvInput), Object(Symfony\\Component\\Console\\Output\\ConsoleOutput))
#16 /app/bin/magento(23): Symfony\\Component\\Console\\Application->run()
#17 {main}"} []
[2026-05-15T01:02:24.098518+00:00] main.DEBUG: cache_invalidate:  {"method":"GET","url":"http:/","invalidateInfo":{"tags":["MAGE"],"mode":"matchingTag"}} []
[2026-05-15T01:02:24.098694+00:00] main.DEBUG: cache_invalidate:  {"method":"GET","url":"http:/","invalidateInfo":{"tags":[],"mode":"all"},"trace":"Exception: full purge of cache storage triggered in /app/vendor/magento/framework/Cache/InvalidateLogger.php:52
Stack trace:
#0 /app/vendor/magento/framework/Cache/Frontend/Decorator/Logger.php(62): Magento\\Framework\\Cache\\InvalidateLogger->execute(Array)
#1 /app/vendor/magento/framework/Cache/Frontend/Decorator/Logger.php(50): Magento\\Framework\\Cache\\Frontend\\Decorator\\Logger->log(Array)
#2 /app/vendor/magento/framework/Cache/Frontend/Decorator/Bare.php(92): Magento\\Framework\\Cache\\Frontend\\Decorator\\Logger->clean('all', Array)
#3 /app/vendor/magento/framework/App/Cache/Type/AccessProxy.php(110): Magento\\Framework\\Cache\\Frontend\\Decorator\\Bare->clean('all', Array)
#4 /app/vendor/magento/framework/App/Cache/Manager.php(111): Magento\\Framework\\App\\Cache\\Type\\AccessProxy->clean()
#5 /app/vendor/magento/module-backend/Console/Command/CacheFlushCommand.php(39): Magento\\Framework\\App\\Cache\\Manager->flush(Array)
#6 /app/vendor/magento/module-backend/Console/Command/AbstractCacheTypeManageCommand.php(64): Magento\\Backend\\Console\\Command\\CacheFlushCommand->performAction(Array)
#7 /app/vendor/symfony/console/Command/Command.php(341): Magento\\Backend\\Console\\Command\\AbstractCacheTypeManageCommand->execute(Object(Symfony\\Component\\Console\\Input\\ArgvInput), Object(Symfony\\Component\\Console\\Output\\ConsoleOutput))
#8 /app/vendor/magento/framework/Interception/Interceptor.php(58): Symfony\\Component\\Console\\Command\\Command->run(Object(Symfony\\Component\\Console\\Input\\ArgvInput), Object(Symfony\\Component\\Console\\Output\\ConsoleOutput))
#9 /app/vendor/magento/framework/Interception/Interceptor.php(138): Magento\\Backend\\Console\\Command\\CacheFlushCommand\\Interceptor->___callParent('run', Array)
#10 /app/vendor/magento/framework/Interception/Interceptor.php(153): Magento\\Backend\\Console\\Command\\CacheFlushCommand\\Interceptor->{closure:Magento\\Framework\\Interception\\Interceptor::___callPlugins():104}(Object(Symfony\\Component\\Console\\Input\\ArgvInput), Object(Symfony\\Component\\Console\\Output\\ConsoleOutput))
#11 /app/generated/code/Magento/Backend/Console/Command/CacheFlushCommand/Interceptor.php(77): Magento\\Backend\\Console\\Command\\CacheFlushCommand\\Interceptor->___callPlugins('run', Array, Array)
#12 /app/vendor/symfony/console/Application.php(1094): Magento\\Backend\\Console\\Command\\CacheFlushCommand\\Interceptor->run(Object(Symfony\\Component\\Console\\Input\\ArgvInput), Object(Symfony\\Component\\Console\\Output\\ConsoleOutput))
#13 /app/vendor/symfony/console/Application.php(356): Symfony\\Component\\Console\\Application->doRunCommand(Object(Magento\\Backend\\Console\\Command\\CacheFlushCommand\\Interceptor), Object(Symfony\\Component\\Console\\Input\\ArgvInput), Object(Symfony\\Component\\Console\\Output\\ConsoleOutput))
#14 /app/vendor/magento/framework/Console/Cli.php(137): Symfony\\Component\\Console\\Application->doRun(Object(Symfony\\Component\\Console\\Input\\ArgvInput), Object(Symfony\\Component\\Console\\Output\\ConsoleOutput))
#15 /app/vendor/symfony/console/Application.php(195): Magento\\Framework\\Console\\Cli->doRun(Object(Symfony\\Component\\Console\\Input\\ArgvInput), Object(Symfony\\Component\\Console\\Output\\ConsoleOutput))
#16 /app/bin/magento(23): Symfony\\Component\\Console\\Application->run()
#17 {main}"} []
[2026-05-15T01:02:24.100763+00:00] main.DEBUG: cache_invalidate:  {"method":"GET","url":"http:/","invalidateInfo":{"tags":["MAGE"],"mode":"matchingTag"}} []
[2026-05-15T01:02:24.100937+00:00] main.DEBUG: cache_invalidate:  {"method":"GET","url":"http:/","invalidateInfo":{"tags":[],"mode":"all"},"trace":"Exception: full purge of cache storage triggered in /app/vendor/magento/framework/Cache/InvalidateLogger.php:52
Stack trace:
#0 /app/vendor/magento/framework/Cache/Frontend/Decorator/Logger.php(62): Magento\\Framework\\Cache\\InvalidateLogger->execute(Array)
#1 /app/vendor/magento/framework/Cache/Frontend/Decorator/Logger.php(50): Magento\\Framework\\Cache\\Frontend\\Decorator\\Logger->log(Array)
#2 /app/vendor/magento/framework/Cache/Frontend/Decorator/Bare.php(92): Magento\\Framework\\Cache\\Frontend\\Decorator\\Logger->clean('all', Array)
#3 /app/vendor/magento/framework/App/Cache/Type/AccessProxy.php(110): Magento\\Framework\\Cache\\Frontend\\Decorator\\Bare->clean('all', Array)
#4 /app/vendor/magento/framework/App/Cache/Manager.php(111): Magento\\Framework\\App\\Cache\\Type\\AccessProxy->clean()
#5 /app/vendor/magento/module-backend/Console/Command/CacheFlushCommand.php(39): Magento\\Framework\\App\\Cache\\Manager->flush(Array)
#6 /app/vendor/magento/module-backend/Console/Command/AbstractCacheTypeManageCommand.php(64): Magento\\Backend\\Console\\Command\\CacheFlushCommand->performAction(Array)
#7 /app/vendor/symfony/console/Command/Command.php(341): Magento\\Backend\\Console\\Command\\AbstractCacheTypeManageCommand->execute(Object(Symfony\\Component\\Console\\Input\\ArgvInput), Object(Symfony\\Component\\Console\\Output\\ConsoleOutput))
#8 /app/vendor/magento/framework/Interception/Interceptor.php(58): Symfony\\Component\\Console\\Command\\Command->run(Object(Symfony\\Component\\Console\\Input\\ArgvInput), Object(Symfony\\Component\\Console\\Output\\ConsoleOutput))
#9 /app/vendor/magento/framework/Interception/Interceptor.php(138): Magento\\Backend\\Console\\Command\\CacheFlushCommand\\Interceptor->___callParent('run', Array)
#10 /app/vendor/magento/framework/Interception/Interceptor.php(153): Magento\\Backend\\Console\\Command\\CacheFlushCommand\\Interceptor->{closure:Magento\\Framework\\Interception\\Interceptor::___callPlugins():104}(Object(Symfony\\Component\\Console\\Input\\ArgvInput), Object(Symfony\\Component\\Console\\Output\\ConsoleOutput))
#11 /app/generated/code/Magento/Backend/Console/Command/CacheFlushCommand/Interceptor.php(77): Magento\\Backend\\Console\\Command\\CacheFlushCommand\\Interceptor->___callPlugins('run', Array, Array)
#12 /app/vendor/symfony/console/Application.php(1094): Magento\\Backend\\Console\\Command\\CacheFlushCommand\\Interceptor->run(Object(Symfony\\Component\\Console\\Input\\ArgvInput), Object(Symfony\\Component\\Console\\Output\\ConsoleOutput))
#13 /app/vendor/symfony/console/Application.php(356): Symfony\\Component\\Console\\Application->doRunCommand(Object(Magento\\Backend\\Console\\Command\\CacheFlushCommand\\Interceptor), Object(Symfony\\Component\\Console\\Input\\ArgvInput), Object(Symfony\\Component\\Console\\Output\\ConsoleOutput))
#14 /app/vendor/magento/framework/Console/Cli.php(137): Symfony\\Component\\Console\\Application->doRun(Object(Symfony\\Component\\Console\\Input\\ArgvInput), Object(Symfony\\Component\\Console\\Output\\ConsoleOutput))
#15 /app/vendor/symfony/console/Application.php(195): Magento\\Framework\\Console\\Cli->doRun(Object(Symfony\\Component\\Console\\Input\\ArgvInput), Object(Symfony\\Component\\Console\\Output\\ConsoleOutput))
#16 /app/bin/magento(23): Symfony\\Component\\Console\\Application->run()
#17 {main}"} []
[2026-05-15T01:02:24.103580+00:00] main.DEBUG: cache_invalidate:  {"method":"GET","url":"http:/","invalidateInfo":{"tags":["MAGE"],"mode":"matchingTag"}} []
[2026-05-15T01:02:24.103748+00:00] main.DEBUG: cache_invalidate:  {"method":"GET","url":"http:/","invalidateInfo":{"tags":[],"mode":"all"},"trace":"Exception: full purge of cache storage triggered in /app/vendor/magento/framework/Cache/InvalidateLogger.php:52
Stack trace:
#0 /app/vendor/magento/framework/Cache/Frontend/Decorator/Logger.php(62): Magento\\Framework\\Cache\\InvalidateLogger->execute(Array)
#1 /app/vendor/magento/framework/Cache/Frontend/Decorator/Logger.php(50): Magento\\Framework\\Cache\\Frontend\\Decorator\\Logger->log(Array)
#2 /app/vendor/magento/framework/Cache/Frontend/Decorator/Bare.php(92): Magento\\Framework\\Cache\\Frontend\\Decorator\\Logger->clean('all', Array)
#3 /app/vendor/magento/framework/App/Cache/Type/AccessProxy.php(110): Magento\\Framework\\Cache\\Frontend\\Decorator\\Bare->clean('all', Array)
#4 /app/vendor/magento/framework/App/Cache/Manager.php(111): Magento\\Framework\\App\\Cache\\Type\\AccessProxy->clean()
#5 /app/vendor/magento/module-backend/Console/Command/CacheFlushCommand.php(39): Magento\\Framework\\App\\Cache\\Manager->flush(Array)
#6 /app/vendor/magento/module-backend/Console/Command/AbstractCacheTypeManageCommand.php(64): Magento\\Backend\\Console\\Command\\CacheFlushCommand->performAction(Array)
#7 /app/vendor/symfony/console/Command/Command.php(341): Magento\\Backend\\Console\\Command\\AbstractCacheTypeManageCommand->execute(Object(Symfony\\Component\\Console\\Input\\ArgvInput), Object(Symfony\\Component\\Console\\Output\\ConsoleOutput))
#8 /app/vendor/magento/framework/Interception/Interceptor.php(58): Symfony\\Component\\Console\\Command\\Command->run(Object(Symfony\\Component\\Console\\Input\\ArgvInput), Object(Symfony\\Component\\Console\\Output\\ConsoleOutput))
#9 /app/vendor/magento/framework/Interception/Interceptor.php(138): Magento\\Backend\\Console\\Command\\CacheFlushCommand\\Interceptor->___callParent('run', Array)
#10 /app/vendor/magento/framework/Interception/Interceptor.php(153): Magento\\Backend\\Console\\Command\\CacheFlushCommand\\Interceptor->{closure:Magento\\Framework\\Interception\\Interceptor::___callPlugins():104}(Object(Symfony\\Component\\Console\\Input\\ArgvInput), Object(Symfony\\Component\\Console\\Output\\ConsoleOutput))
#11 /app/generated/code/Magento/Backend/Console/Command/CacheFlushCommand/Interceptor.php(77): Magento\\Backend\\Console\\Command\\CacheFlushCommand\\Interceptor->___callPlugins('run', Array, Array)
#12 /app/vendor/symfony/console/Application.php(1094): Magento\\Backend\\Console\\Command\\CacheFlushCommand\\Interceptor->run(Object(Symfony\\Component\\Console\\Input\\ArgvInput), Object(Symfony\\Component\\Console\\Output\\ConsoleOutput))
#13 /app/vendor/symfony/console/Application.php(356): Symfony\\Component\\Console\\Application->doRunCommand(Object(Magento\\Backend\\Console\\Command\\CacheFlushCommand\\Interceptor), Object(Symfony\\Component\\Console\\Input\\ArgvInput), Object(Symfony\\Component\\Console\\Output\\ConsoleOutput))
#14 /app/vendor/magento/framework/Console/Cli.php(137): Symfony\\Component\\Console\\Application->doRun(Object(Symfony\\Component\\Console\\Input\\ArgvInput), Object(Symfony\\Component\\Console\\Output\\ConsoleOutput))
#15 /app/vendor/symfony/console/Application.php(195): Magento\\Framework\\Console\\Cli->doRun(Object(Symfony\\Component\\Console\\Input\\ArgvInput), Object(Symfony\\Component\\Console\\Output\\ConsoleOutput))
#16 /app/bin/magento(23): Symfony\\Component\\Console\\Application->run()
#17 {main}"} []
[2026-05-15T01:02:24.105717+00:00] main.DEBUG: cache_invalidate:  {"method":"GET","url":"http:/","invalidateInfo":{"tags":["MAGE"],"mode":"matchingTag"}} []
[2026-05-15T01:02:24.105893+00:00] main.DEBUG: cache_invalidate:  {"method":"GET","url":"http:/","invalidateInfo":{"tags":[],"mode":"all"},"trace":"Exception: full purge of cache storage triggered in /app/vendor/magento/framework/Cache/InvalidateLogger.php:52
Stack trace:
#0 /app/vendor/magento/framework/Cache/Frontend/Decorator/Logger.php(62): Magento\\Framework\\Cache\\InvalidateLogger->execute(Array)
#1 /app/vendor/magento/framework/Cache/Frontend/Decorator/Logger.php(50): Magento\\Framework\\Cache\\Frontend\\Decorator\\Logger->log(Array)
#2 /app/vendor/magento/framework/Cache/Frontend/Decorator/Bare.php(92): Magento\\Framework\\Cache\\Frontend\\Decorator\\Logger->clean('all', Array)
#3 /app/vendor/magento/framework/App/Cache/Type/AccessProxy.php(110): Magento\\Framework\\Cache\\Frontend\\Decorator\\Bare->clean('all', Array)
#4 /app/vendor/magento/framework/App/Cache/Manager.php(111): Magento\\Framework\\App\\Cache\\Type\\AccessProxy->clean()
#5 /app/vendor/magento/module-backend/Console/Command/CacheFlushCommand.php(39): Magento\\Framework\\App\\Cache\\Manager->flush(Array)
#6 /app/vendor/magento/module-backend/Console/Command/AbstractCacheTypeManageCommand.php(64): Magento\\Backend\\Console\\Command\\CacheFlushCommand->performAction(Array)
#7 /app/vendor/symfony/console/Command/Command.php(341): Magento\\Backend\\Console\\Command\\AbstractCacheTypeManageCommand->execute(Object(Symfony\\Component\\Console\\Input\\ArgvInput), Object(Symfony\\Component\\Console\\Output\\ConsoleOutput))
#8 /app/vendor/magento/framework/Interception/Interceptor.php(58): Symfony\\Component\\Console\\Command\\Command->run(Object(Symfony\\Component\\Console\\Input\\ArgvInput), Object(Symfony\\Component\\Console\\Output\\ConsoleOutput))
#9 /app/vendor/magento/framework/Interception/Interceptor.php(138): Magento\\Backend\\Console\\Command\\CacheFlushCommand\\Interceptor->___callParent('run', Array)
#10 /app/vendor/magento/framework/Interception/Interceptor.php(153): Magento\\Backend\\Console\\Command\\CacheFlushCommand\\Interceptor->{closure:Magento\\Framework\\Interception\\Interceptor::___callPlugins():104}(Object(Symfony\\Component\\Console\\Input\\ArgvInput), Object(Symfony\\Component\\Console\\Output\\ConsoleOutput))
#11 /app/generated/code/Magento/Backend/Console/Command/CacheFlushCommand/Interceptor.php(77): Magento\\Backend\\Console\\Command\\CacheFlushCommand\\Interceptor->___callPlugins('run', Array, Array)
#12 /app/vendor/symfony/console/Application.php(1094): Magento\\Backend\\Console\\Command\\CacheFlushCommand\\Interceptor->run(Object(Symfony\\Component\\Console\\Input\\ArgvInput), Object(Symfony\\Component\\Console\\Output\\ConsoleOutput))
#13 /app/vendor/symfony/console/Application.php(356): Symfony\\Component\\Console\\Application->doRunCommand(Object(Magento\\Backend\\Console\\Command\\CacheFlushCommand\\Interceptor), Object(Symfony\\Component\\Console\\Input\\ArgvInput), Object(Symfony\\Component\\Console\\Output\\ConsoleOutput))
#14 /app/vendor/magento/framework/Console/Cli.php(137): Symfony\\Component\\Console\\Application->doRun(Object(Symfony\\Component\\Console\\Input\\ArgvInput), Object(Symfony\\Component\\Console\\Output\\ConsoleOutput))
#15 /app/vendor/symfony/console/Application.php(195): Magento\\Framework\\Console\\Cli->doRun(Object(Symfony\\Component\\Console\\Input\\ArgvInput), Object(Symfony\\Component\\Console\\Output\\ConsoleOutput))
#16 /app/bin/magento(23): Symfony\\Component\\Console\\Application->run()
#17 {main}"} []
[2026-05-15T01:02:24.108152+00:00] main.DEBUG: cache_invalidate:  {"method":"GET","url":"http:/","invalidateInfo":{"tags":["MAGE"],"mode":"matchingTag"}} []
[2026-05-15T01:02:24.108353+00:00] main.DEBUG: cache_invalidate:  {"method":"GET","url":"http:/","invalidateInfo":{"tags":[],"mode":"all"},"trace":"Exception: full purge of cache storage triggered in /app/vendor/magento/framework/Cache/InvalidateLogger.php:52
Stack trace:
#0 /app/vendor/magento/framework/Cache/Frontend/Decorator/Logger.php(62): Magento\\Framework\\Cache\\InvalidateLogger->execute(Array)
#1 /app/vendor/magento/framework/Cache/Frontend/Decorator/Logger.php(50): Magento\\Framework\\Cache\\Frontend\\Decorator\\Logger->log(Array)
#2 /app/vendor/magento/framework/Cache/Frontend/Decorator/Bare.php(92): Magento\\Framework\\Cache\\Frontend\\Decorator\\Logger->clean('all', Array)
#3 /app/vendor/magento/framework/App/Cache/Type/AccessProxy.php(110): Magento\\Framework\\Cache\\Frontend\\Decorator\\Bare->clean('all', Array)
#4 /app/vendor/magento/framework/App/Cache/Manager.php(111): Magento\\Framework\\App\\Cache\\Type\\AccessProxy->clean()
#5 /app/vendor/magento/module-backend/Console/Command/CacheFlushCommand.php(39): Magento\\Framework\\App\\Cache\\Manager->flush(Array)
#6 /app/vendor/magento/module-backend/Console/Command/AbstractCacheTypeManageCommand.php(64): Magento\\Backend\\Console\\Command\\CacheFlushCommand->performAction(Array)
#7 /app/vendor/symfony/console/Command/Command.php(341): Magento\\Backend\\Console\\Command\\AbstractCacheTypeManageCommand->execute(Object(Symfony\\Component\\Console\\Input\\ArgvInput), Object(Symfony\\Component\\Console\\Output\\ConsoleOutput))
#8 /app/vendor/magento/framework/Interception/Interceptor.php(58): Symfony\\Component\\Console\\Command\\Command->run(Object(Symfony\\Component\\Console\\Input\\ArgvInput), Object(Symfony\\Component\\Console\\Output\\ConsoleOutput))
#9 /app/vendor/magento/framework/Interception/Interceptor.php(138): Magento\\Backend\\Console\\Command\\CacheFlushCommand\\Interceptor->___callParent('run', Array)
#10 /app/vendor/magento/framework/Interception/Interceptor.php(153): Magento\\Backend\\Console\\Command\\CacheFlushCommand\\Interceptor->{closure:Magento\\Framework\\Interception\\Interceptor::___callPlugins():104}(Object(Symfony\\Component\\Console\\Input\\ArgvInput), Object(Symfony\\Component\\Console\\Output\\ConsoleOutput))
#11 /app/generated/code/Magento/Backend/Console/Command/CacheFlushCommand/Interceptor.php(77): Magento\\Backend\\Console\\Command\\CacheFlushCommand\\Interceptor->___callPlugins('run', Array, Array)
#12 /app/vendor/symfony/console/Application.php(1094): Magento\\Backend\\Console\\Command\\CacheFlushCommand\\Interceptor->run(Object(Symfony\\Component\\Console\\Input\\ArgvInput), Object(Symfony\\Component\\Console\\Output\\ConsoleOutput))
#13 /app/vendor/symfony/console/Application.php(356): Symfony\\Component\\Console\\Application->doRunCommand(Object(Magento\\Backend\\Console\\Command\\CacheFlushCommand\\Interceptor), Object(Symfony\\Component\\Console\\Input\\ArgvInput), Object(Symfony\\Component\\Console\\Output\\ConsoleOutput))
#14 /app/vendor/magento/framework/Console/Cli.php(137): Symfony\\Component\\Console\\Application->doRun(Object(Symfony\\Component\\Console\\Input\\ArgvInput), Object(Symfony\\Component\\Console\\Output\\ConsoleOutput))
#15 /app/vendor/symfony/console/Application.php(195): Magento\\Framework\\Console\\Cli->doRun(Object(Symfony\\Component\\Console\\Input\\ArgvInput), Object(Symfony\\Component\\Console\\Output\\ConsoleOutput))
#16 /app/bin/magento(23): Symfony\\Component\\Console\\Application->run()
#17 {main}"} []
[2026-05-15T01:02:24.110452+00:00] main.DEBUG: cache_invalidate:  {"method":"GET","url":"http:/","invalidateInfo":{"tags":["MAGE"],"mode":"matchingTag"}} []
[2026-05-15T01:02:24.110625+00:00] main.DEBUG: cache_invalidate:  {"method":"GET","url":"http:/","invalidateInfo":{"tags":[],"mode":"all"},"trace":"Exception: full purge of cache storage triggered in /app/vendor/magento/framework/Cache/InvalidateLogger.php:52
Stack trace:
#0 /app/vendor/magento/framework/Cache/Frontend/Decorator/Logger.php(62): Magento\\Framework\\Cache\\InvalidateLogger->execute(Array)
#1 /app/vendor/magento/framework/Cache/Frontend/Decorator/Logger.php(50): Magento\\Framework\\Cache\\Frontend\\Decorator\\Logger->log(Array)
#2 /app/vendor/magento/framework/Cache/Frontend/Decorator/Bare.php(92): Magento\\Framework\\Cache\\Frontend\\Decorator\\Logger->clean('all', Array)
#3 /app/vendor/magento/framework/App/Cache/Type/AccessProxy.php(110): Magento\\Framework\\Cache\\Frontend\\Decorator\\Bare->clean('all', Array)
#4 /app/vendor/magento/framework/App/Cache/Manager.php(111): Magento\\Framework\\App\\Cache\\Type\\AccessProxy->clean()
#5 /app/vendor/magento/module-backend/Console/Command/CacheFlushCommand.php(39): Magento\\Framework\\App\\Cache\\Manager->flush(Array)
#6 /app/vendor/magento/module-backend/Console/Command/AbstractCacheTypeManageCommand.php(64): Magento\\Backend\\Console\\Command\\CacheFlushCommand->performAction(Array)
#7 /app/vendor/symfony/console/Command/Command.php(341): Magento\\Backend\\Console\\Command\\AbstractCacheTypeManageCommand->execute(Object(Symfony\\Component\\Console\\Input\\ArgvInput), Object(Symfony\\Component\\Console\\Output\\ConsoleOutput))
#8 /app/vendor/magento/framework/Interception/Interceptor.php(58): Symfony\\Component\\Console\\Command\\Command->run(Object(Symfony\\Component\\Console\\Input\\ArgvInput), Object(Symfony\\Component\\Console\\Output\\ConsoleOutput))
#9 /app/vendor/magento/framework/Interception/Interceptor.php(138): Magento\\Backend\\Console\\Command\\CacheFlushCommand\\Interceptor->___callParent('run', Array)
#10 /app/vendor/magento/framework/Interception/Interceptor.php(153): Magento\\Backend\\Console\\Command\\CacheFlushCommand\\Interceptor->{closure:Magento\\Framework\\Interception\\Interceptor::___callPlugins():104}(Object(Symfony\\Component\\Console\\Input\\ArgvInput), Object(Symfony\\Component\\Console\\Output\\ConsoleOutput))
#11 /app/generated/code/Magento/Backend/Console/Command/CacheFlushCommand/Interceptor.php(77): Magento\\Backend\\Console\\Command\\CacheFlushCommand\\Interceptor->___callPlugins('run', Array, Array)
#12 /app/vendor/symfony/console/Application.php(1094): Magento\\Backend\\Console\\Command\\CacheFlushCommand\\Interceptor->run(Object(Symfony\\Component\\Console\\Input\\ArgvInput), Object(Symfony\\Component\\Console\\Output\\ConsoleOutput))
#13 /app/vendor/symfony/console/Application.php(356): Symfony\\Component\\Console\\Application->doRunCommand(Object(Magento\\Backend\\Console\\Command\\CacheFlushCommand\\Interceptor), Object(Symfony\\Component\\Console\\Input\\ArgvInput), Object(Symfony\\Component\\Console\\Output\\ConsoleOutput))
#14 /app/vendor/magento/framework/Console/Cli.php(137): Symfony\\Component\\Console\\Application->doRun(Object(Symfony\\Component\\Console\\Input\\ArgvInput), Object(Symfony\\Component\\Console\\Output\\ConsoleOutput))
#15 /app/vendor/symfony/console/Application.php(195): Magento\\Framework\\Console\\Cli->doRun(Object(Symfony\\Component\\Console\\Input\\ArgvInput), Object(Symfony\\Component\\Console\\Output\\ConsoleOutput))
#16 /app/bin/magento(23): Symfony\\Component\\Console\\Application->run()
#17 {main}"} []
[2026-05-15T01:02:24.112746+00:00] main.DEBUG: cache_invalidate:  {"method":"GET","url":"http:/","invalidateInfo":{"tags":["MAGE"],"mode":"matchingTag"}} []
[2026-05-15T01:02:24.112923+00:00] main.DEBUG: cache_invalidate:  {"method":"GET","url":"http:/","invalidateInfo":{"tags":[],"mode":"all"},"trace":"Exception: full purge of cache storage triggered in /app/vendor/magento/framework/Cache/InvalidateLogger.php:52
Stack trace:
#0 /app/vendor/magento/framework/Cache/Frontend/Decorator/Logger.php(62): Magento\\Framework\\Cache\\InvalidateLogger->execute(Array)
#1 /app/vendor/magento/framework/Cache/Frontend/Decorator/Logger.php(50): Magento\\Framework\\Cache\\Frontend\\Decorator\\Logger->log(Array)
#2 /app/vendor/magento/framework/Cache/Frontend/Decorator/Bare.php(92): Magento\\Framework\\Cache\\Frontend\\Decorator\\Logger->clean('all', Array)
#3 /app/vendor/magento/framework/App/Cache/Type/AccessProxy.php(110): Magento\\Framework\\Cache\\Frontend\\Decorator\\Bare->clean('all', Array)
#4 /app/vendor/magento/framework/App/Cache/Manager.php(111): Magento\\Framework\\App\\Cache\\Type\\AccessProxy->clean()
#5 /app/vendor/magento/module-backend/Console/Command/CacheFlushCommand.php(39): Magento\\Framework\\App\\Cache\\Manager->flush(Array)
#6 /app/vendor/magento/module-backend/Console/Command/AbstractCacheTypeManageCommand.php(64): Magento\\Backend\\Console\\Command\\CacheFlushCommand->performAction(Array)
#7 /app/vendor/symfony/console/Command/Command.php(341): Magento\\Backend\\Console\\Command\\AbstractCacheTypeManageCommand->execute(Object(Symfony\\Component\\Console\\Input\\ArgvInput), Object(Symfony\\Component\\Console\\Output\\ConsoleOutput))
#8 /app/vendor/magento/framework/Interception/Interceptor.php(58): Symfony\\Component\\Console\\Command\\Command->run(Object(Symfony\\Component\\Console\\Input\\ArgvInput), Object(Symfony\\Component\\Console\\Output\\ConsoleOutput))
#9 /app/vendor/magento/framework/Interception/Interceptor.php(138): Magento\\Backend\\Console\\Command\\CacheFlushCommand\\Interceptor->___callParent('run', Array)
#10 /app/vendor/magento/framework/Interception/Interceptor.php(153): Magento\\Backend\\Console\\Command\\CacheFlushCommand\\Interceptor->{closure:Magento\\Framework\\Interception\\Interceptor::___callPlugins():104}(Object(Symfony\\Component\\Console\\Input\\ArgvInput), Object(Symfony\\Component\\Console\\Output\\ConsoleOutput))
#11 /app/generated/code/Magento/Backend/Console/Command/CacheFlushCommand/Interceptor.php(77): Magento\\Backend\\Console\\Command\\CacheFlushCommand\\Interceptor->___callPlugins('run', Array, Array)
#12 /app/vendor/symfony/console/Application.php(1094): Magento\\Backend\\Console\\Command\\CacheFlushCommand\\Interceptor->run(Object(Symfony\\Component\\Console\\Input\\ArgvInput), Object(Symfony\\Component\\Console\\Output\\ConsoleOutput))
#13 /app/vendor/symfony/console/Application.php(356): Symfony\\Component\\Console\\Application->doRunCommand(Object(Magento\\Backend\\Console\\Command\\CacheFlushCommand\\Interceptor), Object(Symfony\\Component\\Console\\Input\\ArgvInput), Object(Symfony\\Component\\Console\\Output\\ConsoleOutput))
#14 /app/vendor/magento/framework/Console/Cli.php(137): Symfony\\Component\\Console\\Application->doRun(Object(Symfony\\Component\\Console\\Input\\ArgvInput), Object(Symfony\\Component\\Console\\Output\\ConsoleOutput))
#15 /app/vendor/symfony/console/Application.php(195): Magento\\Framework\\Console\\Cli->doRun(Object(Symfony\\Component\\Console\\Input\\ArgvInput), Object(Symfony\\Component\\Console\\Output\\ConsoleOutput))
#16 /app/bin/magento(23): Symfony\\Component\\Console\\Application->run()
#17 {main}"} []
[2026-05-15T01:02:24.114964+00:00] main.DEBUG: cache_invalidate:  {"method":"GET","url":"http:/","invalidateInfo":{"tags":["MAGE"],"mode":"matchingTag"}} []
[2026-05-15T01:02:24.115181+00:00] main.DEBUG: cache_invalidate:  {"method":"GET","url":"http:/","invalidateInfo":{"tags":[],"mode":"all"},"trace":"Exception: full purge of cache storage triggered in /app/vendor/magento/framework/Cache/InvalidateLogger.php:52
Stack trace:
#0 /app/vendor/magento/framework/Cache/Frontend/Decorator/Logger.php(62): Magento\\Framework\\Cache\\InvalidateLogger->execute(Array)
#1 /app/vendor/magento/framework/Cache/Frontend/Decorator/Logger.php(50): Magento\\Framework\\Cache\\Frontend\\Decorator\\Logger->log(Array)
#2 /app/vendor/magento/framework/Cache/Frontend/Decorator/Bare.php(92): Magento\\Framework\\Cache\\Frontend\\Decorator\\Logger->clean('all', Array)
#3 /app/vendor/magento/framework/App/Cache/Type/AccessProxy.php(110): Magento\\Framework\\Cache\\Frontend\\Decorator\\Bare->clean('all', Array)
#4 /app/vendor/magento/framework/App/Cache/Manager.php(111): Magento\\Framework\\App\\Cache\\Type\\AccessProxy->clean()
#5 /app/vendor/magento/module-backend/Console/Command/CacheFlushCommand.php(39): Magento\\Framework\\App\\Cache\\Manager->flush(Array)
#6 /app/vendor/magento/module-backend/Console/Command/AbstractCacheTypeManageCommand.php(64): Magento\\Backend\\Console\\Command\\CacheFlushCommand->performAction(Array)
#7 /app/vendor/symfony/console/Command/Command.php(341): Magento\\Backend\\Console\\Command\\AbstractCacheTypeManageCommand->execute(Object(Symfony\\Component\\Console\\Input\\ArgvInput), Object(Symfony\\Component\\Console\\Output\\ConsoleOutput))
#8 /app/vendor/magento/framework/Interception/Interceptor.php(58): Symfony\\Component\\Console\\Command\\Command->run(Object(Symfony\\Component\\Console\\Input\\ArgvInput), Object(Symfony\\Component\\Console\\Output\\ConsoleOutput))
#9 /app/vendor/magento/framework/Interception/Interceptor.php(138): Magento\\Backend\\Console\\Command\\CacheFlushCommand\\Interceptor->___callParent('run', Array)
#10 /app/vendor/magento/framework/Interception/Interceptor.php(153): Magento\\Backend\\Console\\Command\\CacheFlushCommand\\Interceptor->{closure:Magento\\Framework\\Interception\\Interceptor::___callPlugins():104}(Object(Symfony\\Component\\Console\\Input\\ArgvInput), Object(Symfony\\Component\\Console\\Output\\ConsoleOutput))
#11 /app/generated/code/Magento/Backend/Console/Command/CacheFlushCommand/Interceptor.php(77): Magento\\Backend\\Console\\Command\\CacheFlushCommand\\Interceptor->___callPlugins('run', Array, Array)
#12 /app/vendor/symfony/console/Application.php(1094): Magento\\Backend\\Console\\Command\\CacheFlushCommand\\Interceptor->run(Object(Symfony\\Component\\Console\\Input\\ArgvInput), Object(Symfony\\Component\\Console\\Output\\ConsoleOutput))
#13 /app/vendor/symfony/console/Application.php(356): Symfony\\Component\\Console\\Application->doRunCommand(Object(Magento\\Backend\\Console\\Command\\CacheFlushCommand\\Interceptor), Object(Symfony\\Component\\Console\\Input\\ArgvInput), Object(Symfony\\Component\\Console\\Output\\ConsoleOutput))
#14 /app/vendor/magento/framework/Console/Cli.php(137): Symfony\\Component\\Console\\Application->doRun(Object(Symfony\\Component\\Console\\Input\\ArgvInput), Object(Symfony\\Component\\Console\\Output\\ConsoleOutput))
#15 /app/vendor/symfony/console/Application.php(195): Magento\\Framework\\Console\\Cli->doRun(Object(Symfony\\Component\\Console\\Input\\ArgvInput), Object(Symfony\\Component\\Console\\Output\\ConsoleOutput))
#16 /app/bin/magento(23): Symfony\\Component\\Console\\Application->run()
#17 {main}"} []
[2026-05-15T01:02:24.117142+00:00] main.DEBUG: cache_invalidate:  {"method":"GET","url":"http:/","invalidateInfo":{"tags":["MAGE"],"mode":"matchingTag"}} []
[2026-05-15T01:02:24.117300+00:00] main.DEBUG: cache_invalidate:  {"method":"GET","url":"http:/","invalidateInfo":{"tags":[],"mode":"all"},"trace":"Exception: full purge of cache storage triggered in /app/vendor/magento/framework/Cache/InvalidateLogger.php:52
Stack trace:
#0 /app/vendor/magento/framework/Cache/Frontend/Decorator/Logger.php(62): Magento\\Framework\\Cache\\InvalidateLogger->execute(Array)
#1 /app/vendor/magento/framework/Cache/Frontend/Decorator/Logger.php(50): Magento\\Framework\\Cache\\Frontend\\Decorator\\Logger->log(Array)
#2 /app/vendor/magento/framework/Cache/Frontend/Decorator/Bare.php(92): Magento\\Framework\\Cache\\Frontend\\Decorator\\Logger->clean('all', Array)
#3 /app/vendor/magento/framework/App/Cache/Type/AccessProxy.php(110): Magento\\Framework\\Cache\\Frontend\\Decorator\\Bare->clean('all', Array)
#4 /app/vendor/magento/framework/App/Cache/Manager.php(111): Magento\\Framework\\App\\Cache\\Type\\AccessProxy->clean()
#5 /app/vendor/magento/module-backend/Console/Command/CacheFlushCommand.php(39): Magento\\Framework\\App\\Cache\\Manager->flush(Array)
#6 /app/vendor/magento/module-backend/Console/Command/AbstractCacheTypeManageCommand.php(64): Magento\\Backend\\Console\\Command\\CacheFlushCommand->performAction(Array)
#7 /app/vendor/symfony/console/Command/Command.php(341): Magento\\Backend\\Console\\Command\\AbstractCacheTypeManageCommand->execute(Object(Symfony\\Component\\Console\\Input\\ArgvInput), Object(Symfony\\Component\\Console\\Output\\ConsoleOutput))
#8 /app/vendor/magento/framework/Interception/Interceptor.php(58): Symfony\\Component\\Console\\Command\\Command->run(Object(Symfony\\Component\\Console\\Input\\ArgvInput), Object(Symfony\\Component\\Console\\Output\\ConsoleOutput))
#9 /app/vendor/magento/framework/Interception/Interceptor.php(138): Magento\\Backend\\Console\\Command\\CacheFlushCommand\\Interceptor->___callParent('run', Array)
#10 /app/vendor/magento/framework/Interception/Interceptor.php(153): Magento\\Backend\\Console\\Command\\CacheFlushCommand\\Interceptor->{closure:Magento\\Framework\\Interception\\Interceptor::___callPlugins():104}(Object(Symfony\\Component\\Console\\Input\\ArgvInput), Object(Symfony\\Component\\Console\\Output\\ConsoleOutput))
#11 /app/generated/code/Magento/Backend/Console/Command/CacheFlushCommand/Interceptor.php(77): Magento\\Backend\\Console\\Command\\CacheFlushCommand\\Interceptor->___callPlugins('run', Array, Array)
#12 /app/vendor/symfony/console/Application.php(1094): Magento\\Backend\\Console\\Command\\CacheFlushCommand\\Interceptor->run(Object(Symfony\\Component\\Console\\Input\\ArgvInput), Object(Symfony\\Component\\Console\\Output\\ConsoleOutput))
#13 /app/vendor/symfony/console/Application.php(356): Symfony\\Component\\Console\\Application->doRunCommand(Object(Magento\\Backend\\Console\\Command\\CacheFlushCommand\\Interceptor), Object(Symfony\\Component\\Console\\Input\\ArgvInput), Object(Symfony\\Component\\Console\\Output\\ConsoleOutput))
#14 /app/vendor/magento/framework/Console/Cli.php(137): Symfony\\Component\\Console\\Application->doRun(Object(Symfony\\Component\\Console\\Input\\ArgvInput), Object(Symfony\\Component\\Console\\Output\\ConsoleOutput))
#15 /app/vendor/symfony/console/Application.php(195): Magento\\Framework\\Console\\Cli->doRun(Object(Symfony\\Component\\Console\\Input\\ArgvInput), Object(Symfony\\Component\\Console\\Output\\ConsoleOutput))
#16 /app/bin/magento(23): Symfony\\Component\\Console\\Application->run()
#17 {main}"} []
[2026-05-15T01:02:24.117849+00:00] main.DEBUG: cache_invalidate:  {"method":"GET","url":"http:/","invalidateInfo":{"tags":["MAGE"],"mode":"matchingTag"}} []
[2026-05-15T01:02:24.117988+00:00] main.DEBUG: cache_invalidate:  {"method":"GET","url":"http:/","invalidateInfo":{"tags":[],"mode":"all"},"trace":"Exception: full purge of cache storage triggered in /app/vendor/magento/framework/Cache/InvalidateLogger.php:52
Stack trace:
#0 /app/vendor/magento/framework/Cache/Frontend/Decorator/Logger.php(62): Magento\\Framework\\Cache\\InvalidateLogger->execute(Array)
#1 /app/vendor/magento/framework/Cache/Frontend/Decorator/Logger.php(50): Magento\\Framework\\Cache\\Frontend\\Decorator\\Logger->log(Array)
#2 /app/vendor/magento/framework/Cache/Frontend/Decorator/Bare.php(92): Magento\\Framework\\Cache\\Frontend\\Decorator\\Logger->clean('all', Array)
#3 /app/vendor/magento/framework/App/Cache/Type/AccessProxy.php(110): Magento\\Framework\\Cache\\Frontend\\Decorator\\Bare->clean('all', Array)
#4 /app/vendor/magento/framework/App/Cache/Manager.php(111): Magento\\Framework\\App\\Cache\\Type\\AccessProxy->clean()
#5 /app/vendor/magento/module-backend/Console/Command/CacheFlushCommand.php(39): Magento\\Framework\\App\\Cache\\Manager->flush(Array)
#6 /app/vendor/magento/module-backend/Console/Command/AbstractCacheTypeManageCommand.php(64): Magento\\Backend\\Console\\Command\\CacheFlushCommand->performAction(Array)
#7 /app/vendor/symfony/console/Command/Command.php(341): Magento\\Backend\\Console\\Command\\AbstractCacheTypeManageCommand->execute(Object(Symfony\\Component\\Console\\Input\\ArgvInput), Object(Symfony\\Component\\Console\\Output\\ConsoleOutput))
#8 /app/vendor/magento/framework/Interception/Interceptor.php(58): Symfony\\Component\\Console\\Command\\Command->run(Object(Symfony\\Component\\Console\\Input\\ArgvInput), Object(Symfony\\Component\\Console\\Output\\ConsoleOutput))
#9 /app/vendor/magento/framework/Interception/Interceptor.php(138): Magento\\Backend\\Console\\Command\\CacheFlushCommand\\Interceptor->___callParent('run', Array)
#10 /app/vendor/magento/framework/Interception/Interceptor.php(153): Magento\\Backend\\Console\\Command\\CacheFlushCommand\\Interceptor->{closure:Magento\\Framework\\Interception\\Interceptor::___callPlugins():104}(Object(Symfony\\Component\\Console\\Input\\ArgvInput), Object(Symfony\\Component\\Console\\Output\\ConsoleOutput))
#11 /app/generated/code/Magento/Backend/Console/Command/CacheFlushCommand/Interceptor.php(77): Magento\\Backend\\Console\\Command\\CacheFlushCommand\\Interceptor->___callPlugins('run', Array, Array)
#12 /app/vendor/symfony/console/Application.php(1094): Magento\\Backend\\Console\\Command\\CacheFlushCommand\\Interceptor->run(Object(Symfony\\Component\\Console\\Input\\ArgvInput), Object(Symfony\\Component\\Console\\Output\\ConsoleOutput))
#13 /app/vendor/symfony/console/Application.php(356): Symfony\\Component\\Console\\Application->doRunCommand(Object(Magento\\Backend\\Console\\Command\\CacheFlushCommand\\Interceptor), Object(Symfony\\Component\\Console\\Input\\ArgvInput), Object(Symfony\\Component\\Console\\Output\\ConsoleOutput))
#14 /app/vendor/magento/framework/Console/Cli.php(137): Symfony\\Component\\Console\\Application->doRun(Object(Symfony\\Component\\Console\\Input\\ArgvInput), Object(Symfony\\Component\\Console\\Output\\ConsoleOutput))
#15 /app/vendor/symfony/console/Application.php(195): Magento\\Framework\\Console\\Cli->doRun(Object(Symfony\\Component\\Console\\Input\\ArgvInput), Object(Symfony\\Component\\Console\\Output\\ConsoleOutput))
#16 /app/bin/magento(23): Symfony\\Component\\Console\\Application->run()
#17 {main}"} []
[2026-05-15T01:02:24.119921+00:00] main.DEBUG: cache_invalidate:  {"method":"GET","url":"http:/","invalidateInfo":{"tags":["MAGE"],"mode":"matchingTag"}} []
[2026-05-15T01:02:24.120080+00:00] main.DEBUG: cache_invalidate:  {"method":"GET","url":"http:/","invalidateInfo":{"tags":[],"mode":"all"},"trace":"Exception: full purge of cache storage triggered in /app/vendor/magento/framework/Cache/InvalidateLogger.php:52
Stack trace:
#0 /app/vendor/magento/framework/Cache/Frontend/Decorator/Logger.php(62): Magento\\Framework\\Cache\\InvalidateLogger->execute(Array)
#1 /app/vendor/magento/framework/Cache/Frontend/Decorator/Logger.php(50): Magento\\Framework\\Cache\\Frontend\\Decorator\\Logger->log(Array)
#2 /app/vendor/magento/framework/Cache/Frontend/Decorator/Bare.php(92): Magento\\Framework\\Cache\\Frontend\\Decorator\\Logger->clean('all', Array)
#3 /app/vendor/magento/framework/App/Cache/Type/AccessProxy.php(110): Magento\\Framework\\Cache\\Frontend\\Decorator\\Bare->clean('all', Array)
#4 /app/vendor/magento/framework/App/Cache/Manager.php(111): Magento\\Framework\\App\\Cache\\Type\\AccessProxy->clean()
#5 /app/vendor/magento/module-backend/Console/Command/CacheFlushCommand.php(39): Magento\\Framework\\App\\Cache\\Manager->flush(Array)
#6 /app/vendor/magento/module-backend/Console/Command/AbstractCacheTypeManageCommand.php(64): Magento\\Backend\\Console\\Command\\CacheFlushCommand->performAction(Array)
#7 /app/vendor/symfony/console/Command/Command.php(341): Magento\\Backend\\Console\\Command\\AbstractCacheTypeManageCommand->execute(Object(Symfony\\Component\\Console\\Input\\ArgvInput), Object(Symfony\\Component\\Console\\Output\\ConsoleOutput))
#8 /app/vendor/magento/framework/Interception/Interceptor.php(58): Symfony\\Component\\Console\\Command\\Command->run(Object(Symfony\\Component\\Console\\Input\\ArgvInput), Object(Symfony\\Component\\Console\\Output\\ConsoleOutput))
#9 /app/vendor/magento/framework/Interception/Interceptor.php(138): Magento\\Backend\\Console\\Command\\CacheFlushCommand\\Interceptor->___callParent('run', Array)
#10 /app/vendor/magento/framework/Interception/Interceptor.php(153): Magento\\Backend\\Console\\Command\\CacheFlushCommand\\Interceptor->{closure:Magento\\Framework\\Interception\\Interceptor::___callPlugins():104}(Object(Symfony\\Component\\Console\\Input\\ArgvInput), Object(Symfony\\Component\\Console\\Output\\ConsoleOutput))
#11 /app/generated/code/Magento/Backend/Console/Command/CacheFlushCommand/Interceptor.php(77): Magento\\Backend\\Console\\Command\\CacheFlushCommand\\Interceptor->___callPlugins('run', Array, Array)
#12 /app/vendor/symfony/console/Application.php(1094): Magento\\Backend\\Console\\Command\\CacheFlushCommand\\Interceptor->run(Object(Symfony\\Component\\Console\\Input\\ArgvInput), Object(Symfony\\Component\\Console\\Output\\ConsoleOutput))
#13 /app/vendor/symfony/console/Application.php(356): Symfony\\Component\\Console\\Application->doRunCommand(Object(Magento\\Backend\\Console\\Command\\CacheFlushCommand\\Interceptor), Object(Symfony\\Component\\Console\\Input\\ArgvInput), Object(Symfony\\Component\\Console\\Output\\ConsoleOutput))
#14 /app/vendor/magento/framework/Console/Cli.php(137): Symfony\\Component\\Console\\Application->doRun(Object(Symfony\\Component\\Console\\Input\\ArgvInput), Object(Symfony\\Component\\Console\\Output\\ConsoleOutput))
#15 /app/vendor/symfony/console/Application.php(195): Magento\\Framework\\Console\\Cli->doRun(Object(Symfony\\Component\\Console\\Input\\ArgvInput), Object(Symfony\\Component\\Console\\Output\\ConsoleOutput))
#16 /app/bin/magento(23): Symfony\\Component\\Console\\Application->run()
#17 {main}"} []
[2026-05-15T01:02:24.122015+00:00] main.DEBUG: cache_invalidate:  {"method":"GET","url":"http:/","invalidateInfo":{"tags":["MAGE"],"mode":"matchingTag"}} []
[2026-05-15T01:02:24.122171+00:00] main.DEBUG: cache_invalidate:  {"method":"GET","url":"http:/","invalidateInfo":{"tags":[],"mode":"all"},"trace":"Exception: full purge of cache storage triggered in /app/vendor/magento/framework/Cache/InvalidateLogger.php:52
Stack trace:
#0 /app/vendor/magento/framework/Cache/Frontend/Decorator/Logger.php(62): Magento\\Framework\\Cache\\InvalidateLogger->execute(Array)
#1 /app/vendor/magento/framework/Cache/Frontend/Decorator/Logger.php(50): Magento\\Framework\\Cache\\Frontend\\Decorator\\Logger->log(Array)
#2 /app/vendor/magento/framework/Cache/Frontend/Decorator/Bare.php(92): Magento\\Framework\\Cache\\Frontend\\Decorator\\Logger->clean('all', Array)
#3 /app/vendor/magento/framework/App/Cache/Type/AccessProxy.php(110): Magento\\Framework\\Cache\\Frontend\\Decorator\\Bare->clean('all', Array)
#4 /app/vendor/magento/framework/App/Cache/Manager.php(111): Magento\\Framework\\App\\Cache\\Type\\AccessProxy->clean()
#5 /app/vendor/magento/module-backend/Console/Command/CacheFlushCommand.php(39): Magento\\Framework\\App\\Cache\\Manager->flush(Array)
#6 /app/vendor/magento/module-backend/Console/Command/AbstractCacheTypeManageCommand.php(64): Magento\\Backend\\Console\\Command\\CacheFlushCommand->performAction(Array)
#7 /app/vendor/symfony/console/Command/Command.php(341): Magento\\Backend\\Console\\Command\\AbstractCacheTypeManageCommand->execute(Object(Symfony\\Component\\Console\\Input\\ArgvInput), Object(Symfony\\Component\\Console\\Output\\ConsoleOutput))
#8 /app/vendor/magento/framework/Interception/Interceptor.php(58): Symfony\\Component\\Console\\Command\\Command->run(Object(Symfony\\Component\\Console\\Input\\ArgvInput), Object(Symfony\\Component\\Console\\Output\\ConsoleOutput))
#9 /app/vendor/magento/framework/Interception/Interceptor.php(138): Magento\\Backend\\Console\\Command\\CacheFlushCommand\\Interceptor->___callParent('run', Array)
#10 /app/vendor/magento/framework/Interception/Interceptor.php(153): Magento\\Backend\\Console\\Command\\CacheFlushCommand\\Interceptor->{closure:Magento\\Framework\\Interception\\Interceptor::___callPlugins():104}(Object(Symfony\\Component\\Console\\Input\\ArgvInput), Object(Symfony\\Component\\Console\\Output\\ConsoleOutput))
#11 /app/generated/code/Magento/Backend/Console/Command/CacheFlushCommand/Interceptor.php(77): Magento\\Backend\\Console\\Command\\CacheFlushCommand\\Interceptor->___callPlugins('run', Array, Array)
#12 /app/vendor/symfony/console/Application.php(1094): Magento\\Backend\\Console\\Command\\CacheFlushCommand\\Interceptor->run(Object(Symfony\\Component\\Console\\Input\\ArgvInput), Object(Symfony\\Component\\Console\\Output\\ConsoleOutput))
#13 /app/vendor/symfony/console/Application.php(356): Symfony\\Component\\Console\\Application->doRunCommand(Object(Magento\\Backend\\Console\\Command\\CacheFlushCommand\\Interceptor), Object(Symfony\\Component\\Console\\Input\\ArgvInput), Object(Symfony\\Component\\Console\\Output\\ConsoleOutput))
#14 /app/vendor/magento/framework/Console/Cli.php(137): Symfony\\Component\\Console\\Application->doRun(Object(Symfony\\Component\\Console\\Input\\ArgvInput), Object(Symfony\\Component\\Console\\Output\\ConsoleOutput))
#15 /app/vendor/symfony/console/Application.php(195): Magento\\Framework\\Console\\Cli->doRun(Object(Symfony\\Component\\Console\\Input\\ArgvInput), Object(Symfony\\Component\\Console\\Output\\ConsoleOutput))
#16 /app/bin/magento(23): Symfony\\Component\\Console\\Application->run()
#17 {main}"} []
[2026-05-15T01:02:43.978873+00:00] main.INFO: Broken reference: the 'tracking' element cannot be added as child to 'header', because the latter doesn't exist [] []
[2026-05-15T01:02:43.979478+00:00] main.INFO: Broken reference: the 'notification_area' element cannot be added as child to 'notifications', because the latter doesn't exist [] []
[2026-05-15T01:02:43.979859+00:00] main.INFO: Broken reference: the 'unread_system_messages' element cannot be added as child to 'notifications', because the latter doesn't exist [] []
[2026-05-15T01:02:43.980115+00:00] main.INFO: Broken reference: the 'notification_window' element cannot be added as child to 'notifications', because the latter doesn't exist [] []
[2026-05-15T01:02:43.980268+00:00] main.INFO: Broken reference: the 'notification.messages' element cannot be added as child to 'header', because the latter doesn't exist [] []
[2026-05-15T01:02:43.980421+00:00] main.INFO: Broken reference: the 'global_notices' element cannot be added as child to 'global.notices', because the latter doesn't exist [] []
[2026-05-15T01:02:43.980590+00:00] main.INFO: Broken reference: the 'logo' element cannot be added as child to 'header', because the latter doesn't exist [] []
[2026-05-15T01:02:43.980737+00:00] main.INFO: Broken reference: the 'global.search' element cannot be added as child to 'header', because the latter doesn't exist [] []
[2026-05-15T01:02:43.980878+00:00] main.INFO: Broken reference: the 'user' element cannot be added as child to 'header', because the latter doesn't exist [] []
[2026-05-15T01:02:43.981058+00:00] main.INFO: Broken reference: the 'menu' element cannot be added as child to 'page.menu', because the latter doesn't exist [] []
[2026-05-15T01:02:43.981206+00:00] main.INFO: Broken reference: the 'breadcrumbs' element cannot be added as child to 'page.breadcrumbs', because the latter doesn't exist [] []
[2026-05-15T01:02:43.981345+00:00] main.INFO: Broken reference: the 'formkey' element cannot be added as child to 'page.formkey', because the latter doesn't exist [] []
[2026-05-15T01:02:43.981483+00:00] main.INFO: Broken reference: the 'page.title' element cannot be added as child to 'main.top', because the latter doesn't exist [] []
[2026-05-15T01:02:43.981619+00:00] main.INFO: Broken reference: the 'messages' element cannot be added as child to 'page.messages', because the latter doesn't exist [] []
[2026-05-15T01:02:43.981756+00:00] main.INFO: Broken reference: the 'page.actions.toolbar' element cannot be added as child to 'page.main.actions', because the latter doesn't exist [] []
[2026-05-15T01:02:43.981892+00:00] main.INFO: Broken reference: the 'legal' element cannot be added as child to 'footer', because the latter doesn't exist [] []
[2026-05-15T01:02:43.982161+00:00] main.INFO: Broken reference: the 'header.inner.left' element cannot be added as child to 'header', because the latter doesn't exist [] []
[2026-05-15T01:02:43.982325+00:00] main.INFO: Broken reference: the 'header.inner.right' element cannot be added as child to 'header', because the latter doesn't exist [] []
[2026-05-15T01:02:43.982568+00:00] main.INFO: Broken reference: the 'user' tries to reorder itself towards '', but their parents are different: 'header' and '' respectively. [] []
[2026-05-15T01:02:43.982716+00:00] main.INFO: Broken reference: the 'notification.messages' tries to reorder itself towards 'user', but their parents are different: 'header' and '' respectively. [] []
[2026-05-15T01:02:43.982857+00:00] main.INFO: Broken reference: the 'logo' tries to reorder itself towards '', but their parents are different: 'header' and '' respectively. [] []
[2026-05-15T01:02:43.982992+00:00] main.INFO: Broken reference: the 'global.search' tries to reorder itself towards 'logo', but their parents are different: 'header' and '' respectively. [] []
[2026-05-15T01:02:43.983145+00:00] main.INFO: Broken reference: the 'page.actions.toolbar' tries to reorder itself towards '', but their parents are different: 'page.main.actions' and '' respectively. [] []
[2026-05-15T01:02:43.983341+00:00] main.INFO: Broken reference: the 'header.inner.left' tries to reorder itself towards '', but their parents are different: 'header' and '' respectively. [] []
[2026-05-15T01:02:43.983487+00:00] main.INFO: Broken reference: the 'header.inner.right' tries to reorder itself towards 'header.inner.left', but their parents are different: 'header' and '' respectively. [] []
[2026-05-15T01:02:43.983637+00:00] main.INFO: Broken reference: the 'notification.messages' tries to reorder itself towards 'user', but their parents are different: 'header.inner.right' and '' respectively. [] []
[2026-05-15T01:02:51.712745+00:00] main.DEBUG: cache_invalidate:  {"method":"POST","url":"https://magento2.docker/index.php/admin/admin/","invalidateInfo":{"tags":["BACKEND_MAINMENU","MAGE"],"mode":"matchingTag"}} []
[2026-05-15T01:02:51.713043+00:00] main.DEBUG: cache_invalidate:  {"method":"POST","url":"https://magento2.docker/index.php/admin/admin/","invalidateInfo":{"tags":["BACKEND_MAINMENU"],"mode":"matchingAnyTag"}} []
[2026-05-15T01:02:51.732143+00:00] main.DEBUG: cache_invalidate:  {"method":"POST","url":"https://magento2.docker/index.php/admin/admin/","invalidateInfo":{"tags":["PB_EDITOR_CONFIG","CONFIG","MAGE"],"mode":"matchingTag"}} []
[2026-05-15T01:02:51.732371+00:00] main.DEBUG: cache_invalidate:  {"method":"POST","url":"https://magento2.docker/index.php/admin/admin/","invalidateInfo":{"tags":["PB_EDITOR_CONFIG","CONFIG"],"mode":"matchingTag"}} []
[2026-05-15T01:02:51.748642+00:00] main.DEBUG: Item Magento_Backend::system_currency was removed [] []
[2026-05-15T01:02:51.753142+00:00] main.DEBUG: Add of item with id Magento_AdminNotification::system_adminnotification was processed [] []
[2026-05-15T01:02:51.753330+00:00] main.DEBUG: Add of item with id Magento_Theme::design_config was processed [] []
[2026-05-15T01:02:51.753464+00:00] main.DEBUG: Add of item with id Magento_Theme::system_design_theme was processed [] []
[2026-05-15T01:02:51.753576+00:00] main.DEBUG: Add of item with id Magento_Backend::system_design_schedule was processed [] []
[2026-05-15T01:02:51.753721+00:00] main.DEBUG: Add of item with id Magento_Backend::system_store was processed [] []
[2026-05-15T01:02:51.753823+00:00] main.DEBUG: Add of item with id Magento_Backend::dashboard was processed [] []
[2026-05-15T01:02:51.753947+00:00] main.DEBUG: Add of item with id Magento_Backend::system was processed [] []
[2026-05-15T01:02:51.754116+00:00] main.DEBUG: Add of item with id Magento_Backend::system_tools was processed [] []
[2026-05-15T01:02:51.754251+00:00] main.DEBUG: Add of item with id Magento_Backend::system_design was processed [] []
[2026-05-15T01:02:51.754356+00:00] main.DEBUG: Add of item with id Magento_Backend::system_convert was processed [] []
[2026-05-15T01:02:51.754495+00:00] main.DEBUG: Add of item with id Magento_Backend::system_cache was processed [] []
[2026-05-15T01:02:51.754592+00:00] main.DEBUG: Add of item with id Magento_Backend::marketing was processed [] []
[2026-05-15T01:02:51.754734+00:00] main.DEBUG: Add of item with id Magento_Backend::marketing_communications was processed [] []
[2026-05-15T01:02:51.754831+00:00] main.DEBUG: Add of item with id Magento_Backend::marketing_seo was processed [] []
[2026-05-15T01:02:51.754991+00:00] main.DEBUG: Add of item with id Magento_Backend::marketing_user_content was processed [] []
[2026-05-15T01:02:51.755161+00:00] main.DEBUG: Add of item with id Magento_Backend::content was processed [] []
[2026-05-15T01:02:51.755286+00:00] main.DEBUG: Add of item with id Magento_Backend::content_elements was processed [] []
[2026-05-15T01:02:51.755393+00:00] main.DEBUG: Add of item with id Magento_Backend::stores was processed [] []
[2026-05-15T01:02:51.755515+00:00] main.DEBUG: Add of item with id Magento_Backend::stores_settings was processed [] []
[2026-05-15T01:02:51.755610+00:00] main.DEBUG: Add of item with id Magento_Backend::stores_attributes was processed [] []
[2026-05-15T01:02:51.755718+00:00] main.DEBUG: Add of item with id Magento_Backend::other_settings was processed [] []
[2026-05-15T01:02:51.755823+00:00] main.DEBUG: Add of item with id Magento_Backend::system_other_settings was processed [] []
[2026-05-15T01:02:51.755975+00:00] main.DEBUG: Add of item with id Magento_Config::system_config was processed [] []
[2026-05-15T01:02:51.756108+00:00] main.DEBUG: Add of item with id Magento_User::system_acl was processed [] []
[2026-05-15T01:02:51.756283+00:00] main.DEBUG: Add of item with id Magento_User::system_acl_users was processed [] []
[2026-05-15T01:02:51.756449+00:00] main.DEBUG: Add of item with id Magento_User::system_acl_roles was processed [] []
[2026-05-15T01:02:51.756612+00:00] main.DEBUG: Add of item with id Magento_User::system_acl_locks was processed [] []
[2026-05-15T01:02:51.756776+00:00] main.DEBUG: Add of item with id Magento_Backup::system_tools_backup was processed [] []
[2026-05-15T01:02:51.756937+00:00] main.DEBUG: Add of item with id Magento_Customer::customer was processed [] []
[2026-05-15T01:02:51.757103+00:00] main.DEBUG: Add of item with id Magento_Customer::customer_manage was processed [] []
[2026-05-15T01:02:51.757213+00:00] main.DEBUG: Add of item with id Magento_Customer::customer_online was processed [] []
[2026-05-15T01:02:51.757318+00:00] main.DEBUG: Add of item with id Magento_Customer::customer_group was processed [] []
[2026-05-15T01:02:51.757415+00:00] main.DEBUG: Add of item with id Magento_Indexer::system_index was processed [] []
[2026-05-15T01:02:51.757517+00:00] main.DEBUG: Add of item with id Magento_Variable::system_variable was processed [] []
[2026-05-15T01:02:51.757727+00:00] main.DEBUG: Add of item with id Magento_Cms::cms_page was processed [] []
[2026-05-15T01:02:51.757838+00:00] main.DEBUG: Add of item with id Magento_Cms::cms_block was processed [] []
[2026-05-15T01:02:51.757924+00:00] main.DEBUG: Add of item with id Magento_Integration::system_extensions was processed [] []
[2026-05-15T01:02:51.758100+00:00] main.DEBUG: Add of item with id Magento_Integration::system_integrations was processed [] []
[2026-05-15T01:02:51.758209+00:00] main.DEBUG: Add of item with id Magento_Catalog::catalog was processed [] []
[2026-05-15T01:02:51.758350+00:00] main.DEBUG: Add of item with id Magento_Catalog::catalog_products was processed [] []
[2026-05-15T01:02:51.758444+00:00] main.DEBUG: Add of item with id Magento_Catalog::catalog_categories was processed [] []
[2026-05-15T01:02:51.758582+00:00] main.DEBUG: Add of item with id Magento_Catalog::catalog_attributes_attributes was processed [] []
[2026-05-15T01:02:51.758676+00:00] main.DEBUG: Add of item with id Magento_Catalog::catalog_attributes_sets was processed [] []
[2026-05-15T01:02:51.758863+00:00] main.DEBUG: Add of item with id Magento_Catalog::inventory was processed [] []
[2026-05-15T01:02:51.759038+00:00] main.DEBUG: Add of item with id Magento_CatalogRule::promo was processed [] []
[2026-05-15T01:02:51.759225+00:00] main.DEBUG: Add of item with id Magento_CatalogRule::promo_catalog was processed [] []
[2026-05-15T01:02:51.759349+00:00] main.DEBUG: Add of item with id Magento_Search::search_terms was processed [] []
[2026-05-15T01:02:51.759447+00:00] main.DEBUG: Add of item with id Magento_Search::search_synonyms was processed [] []
[2026-05-15T01:02:51.759606+00:00] main.DEBUG: Add of item with id Magento_MediaGalleryUi::media was processed [] []
[2026-05-15T01:02:51.759800+00:00] main.DEBUG: Add of item with id Magento_MediaGalleryUi::media_gallery was processed [] []
[2026-05-15T01:02:51.759931+00:00] main.DEBUG: Add of item with id Magento_Sales::sales was processed [] []
[2026-05-15T01:02:51.760125+00:00] main.DEBUG: Add of item with id Magento_Sales::sales_operation was processed [] []
[2026-05-15T01:02:51.760316+00:00] main.DEBUG: Add of item with id Magento_Sales::sales_order was processed [] []
[2026-05-15T01:02:51.760492+00:00] main.DEBUG: Add of item with id Magento_Sales::sales_invoice was processed [] []
[2026-05-15T01:02:51.760643+00:00] main.DEBUG: Add of item with id Magento_Sales::sales_shipment was processed [] []
[2026-05-15T01:02:51.760826+00:00] main.DEBUG: Add of item with id Magento_Sales::sales_creditmemo was processed [] []
[2026-05-15T01:02:51.761025+00:00] main.DEBUG: Add of item with id Magento_Sales::sales_transactions was processed [] []
[2026-05-15T01:02:51.761233+00:00] main.DEBUG: Add of item with id Magento_Sales::system_order_statuses was processed [] []
[2026-05-15T01:02:51.761453+00:00] main.DEBUG: Add of item with id Magento_Widget::cms_widget_instance was processed [] []
[2026-05-15T01:02:51.761692+00:00] main.DEBUG: Add of item with id Magento_Analytics::business_intelligence was processed [] []
[2026-05-15T01:02:51.761885+00:00] main.DEBUG: Add of item with id Magento_Analytics::advanced_reporting was processed [] []
[2026-05-15T01:02:51.762097+00:00] main.DEBUG: Add of item with id Magento_Analytics::bi_essentials was processed [] []
[2026-05-15T01:02:51.762353+00:00] main.DEBUG: Add of item with id Magento_Downloadable::report_products_downloads was processed [] []
[2026-05-15T01:02:51.762583+00:00] main.DEBUG: Add of item with id Magento_Newsletter::newsletter_template was processed [] []
[2026-05-15T01:02:51.762753+00:00] main.DEBUG: Add of item with id Magento_Newsletter::newsletter_queue was processed [] []
[2026-05-15T01:02:51.762918+00:00] main.DEBUG: Add of item with id Magento_Newsletter::newsletter_subscriber was processed [] []
[2026-05-15T01:02:51.763152+00:00] main.DEBUG: Add of item with id Magento_Newsletter::newsletter_problem was processed [] []
[2026-05-15T01:02:51.763315+00:00] main.DEBUG: Add of item with id Magento_ImportExport::system_convert_import was processed [] []
[2026-05-15T01:02:51.763490+00:00] main.DEBUG: Add of item with id Magento_ImportExport::system_convert_export was processed [] []
[2026-05-15T01:02:51.763654+00:00] main.DEBUG: Add of item with id Magento_ImportExport::system_convert_history was processed [] []
[2026-05-15T01:02:51.763817+00:00] main.DEBUG: Add of item with id Magento_Email::template was processed [] []
[2026-05-15T01:02:51.763981+00:00] main.DEBUG: Add of item with id Magento_InventoryAdminUi::inventory was processed [] []
[2026-05-15T01:02:51.764192+00:00] main.DEBUG: Add of item with id Magento_InventoryAdminUi::source was processed [] []
[2026-05-15T01:02:51.764352+00:00] main.DEBUG: Add of item with id Magento_InventoryAdminUi::stock was processed [] []
[2026-05-15T01:02:51.764513+00:00] main.DEBUG: Add of item with id Magento_Reports::report was processed [] []
[2026-05-15T01:02:51.764675+00:00] main.DEBUG: Add of item with id Magento_Reports::report_marketing was processed [] []
[2026-05-15T01:02:51.764838+00:00] main.DEBUG: Add of item with id Magento_Reports::report_salesroot was processed [] []
[2026-05-15T01:02:51.765050+00:00] main.DEBUG: Add of item with id Magento_Reports::report_salesroot_sales was processed [] []
[2026-05-15T01:02:51.765212+00:00] main.DEBUG: Add of item with id Magento_Reports::report_salesroot_tax was processed [] []
[2026-05-15T01:02:51.765373+00:00] main.DEBUG: Add of item with id Magento_Reports::report_salesroot_invoiced was processed [] []
[2026-05-15T01:02:51.765533+00:00] main.DEBUG: Add of item with id Magento_Reports::report_salesroot_shipping was processed [] []
[2026-05-15T01:02:51.765693+00:00] main.DEBUG: Add of item with id Magento_Reports::report_salesroot_refunded was processed [] []
[2026-05-15T01:02:51.765852+00:00] main.DEBUG: Add of item with id Magento_Reports::report_salesroot_coupons was processed [] []
[2026-05-15T01:02:51.766021+00:00] main.DEBUG: Add of item with id Magento_Reports::report_shopcart_product was processed [] []
[2026-05-15T01:02:51.766184+00:00] main.DEBUG: Add of item with id Magento_Reports::report_shopcart_abandoned was processed [] []
[2026-05-15T01:02:51.766345+00:00] main.DEBUG: Add of item with id Magento_Reports::report_products was processed [] []
[2026-05-15T01:02:51.766505+00:00] main.DEBUG: Add of item with id Magento_Reports::report_products_bestsellers was processed [] []
[2026-05-15T01:02:51.766665+00:00] main.DEBUG: Add of item with id Magento_Reports::report_products_sold was processed [] []
[2026-05-15T01:02:51.766825+00:00] main.DEBUG: Add of item with id Magento_Reports::report_products_viewed was processed [] []
[2026-05-15T01:02:51.766985+00:00] main.DEBUG: Add of item with id Magento_Reports::report_products_lowstock was processed [] []
[2026-05-15T01:02:51.767156+00:00] main.DEBUG: Add of item with id Magento_Reports::report_customers was processed [] []
[2026-05-15T01:02:51.767356+00:00] main.DEBUG: Add of item with id Magento_Reports::report_customers_accounts was processed [] []
[2026-05-15T01:02:51.767515+00:00] main.DEBUG: Add of item with id Magento_Reports::report_customers_totals was processed [] []
[2026-05-15T01:02:51.767675+00:00] main.DEBUG: Add of item with id Magento_Reports::report_customers_orders was processed [] []
[2026-05-15T01:02:51.767837+00:00] main.DEBUG: Add of item with id Magento_Reports::report_statistics was processed [] []
[2026-05-15T01:02:51.768044+00:00] main.DEBUG: Add of item with id Magento_Reports::report_statistics_refresh was processed [] []
[2026-05-15T01:02:51.768206+00:00] main.DEBUG: Add of item with id Magento_Search::report_search_term was processed [] []
[2026-05-15T01:02:51.768367+00:00] main.DEBUG: Add of item with id Magento_LoginAsCustomerLog::login_log was processed [] []
[2026-05-15T01:02:51.768528+00:00] main.DEBUG: Add of item with id Magento_Marketplace::partners was processed [] []
[2026-05-15T01:02:51.768689+00:00] main.DEBUG: Add of item with id Magento_SalesRule::promo_quote was processed [] []
[2026-05-15T01:02:51.768860+00:00] main.DEBUG: Add of item with id Magento_Sitemap::catalog_sitemap was processed [] []
[2026-05-15T01:02:51.769033+00:00] main.DEBUG: Add of item with id Magento_PageBuilder::templates was processed [] []
[2026-05-15T01:02:51.769197+00:00] main.DEBUG: Add of item with id Magento_PaymentServicesDashboard::paymentservicesdashboard was processed [] []
[2026-05-15T01:02:51.769358+00:00] main.DEBUG: Add of item with id Magento_Paypal::report_salesroot_paypal_settlement_reports was processed [] []
[2026-05-15T01:02:51.769518+00:00] main.DEBUG: Add of item with id Magento_Paypal::paypal_billing_agreement was processed [] []
[2026-05-15T01:02:51.769680+00:00] main.DEBUG: Add of item with id Magento_CheckoutAgreements::sales_checkoutagreement was processed [] []
[2026-05-15T01:02:51.769841+00:00] main.DEBUG: Add of item with id Magento_Review::catalog_reviews_ratings_ratings was processed [] []
[2026-05-15T01:02:51.770051+00:00] main.DEBUG: Add of item with id Magento_Review::catalog_reviews_ratings_pending was processed [] []
[2026-05-15T01:02:51.770211+00:00] main.DEBUG: Add of item with id Magento_Review::catalog_reviews_ratings_reviews_all was processed [] []
[2026-05-15T01:02:51.770373+00:00] main.DEBUG: Add of item with id Magento_Review::report_review was processed [] []
[2026-05-15T01:02:51.770571+00:00] main.DEBUG: Add of item with id Magento_Review::report_review_customer was processed [] []
[2026-05-15T01:02:51.770730+00:00] main.DEBUG: Add of item with id Magento_Review::report_review_product was processed [] []
[2026-05-15T01:02:51.770890+00:00] main.DEBUG: Add of item with id Magento_ServicesId::configuration was processed [] []
[2026-05-15T01:02:51.771097+00:00] main.DEBUG: Add of item with id Magento_ServicesId::services_id was processed [] []
[2026-05-15T01:02:51.771257+00:00] main.DEBUG: Add of item with id Magento_UrlRewrite::urlrewrite was processed [] []
[2026-05-15T01:02:51.771418+00:00] main.DEBUG: Add of item with id Magento_AsynchronousOperations::system_magento_logging was processed [] []
[2026-05-15T01:02:51.771620+00:00] main.DEBUG: Add of item with id Magento_AsynchronousOperations::system_magento_logging_bulk_operations was processed [] []
[2026-05-15T01:02:51.771779+00:00] main.DEBUG: Add of item with id Magento_Tax::sales_tax was processed [] []
[2026-05-15T01:02:51.771977+00:00] main.DEBUG: Add of item with id Magento_Tax::sales_tax_rules was processed [] []
[2026-05-15T01:02:51.772158+00:00] main.DEBUG: Add of item with id Magento_Tax::sales_tax_rates was processed [] []
[2026-05-15T01:02:51.772321+00:00] main.DEBUG: Add of item with id Magento_TaxImportExport::system_convert_tax was processed [] []
[2026-05-15T01:02:51.772483+00:00] main.DEBUG: Add of item with id Magento_CurrencySymbol::system_currency was processed [] []
[2026-05-15T01:02:51.772691+00:00] main.DEBUG: Add of item with id Magento_CurrencySymbol::system_currency_rates was processed [] []
[2026-05-15T01:02:51.772852+00:00] main.DEBUG: Add of item with id Magento_CurrencySymbol::system_currency_symbols was processed [] []
[2026-05-15T01:02:51.773023+00:00] main.DEBUG: Add of item with id PayPal_Braintree::settlement_report was processed [] []
[2026-05-15T01:02:51.773188+00:00] main.DEBUG: Add of item with id PayPal_Braintree::virtual_terminal was processed [] []
[2026-05-15T01:02:52.443101+00:00] main.INFO: Broken reference: the 'notification.messages' tries to reorder itself towards 'user', but their parents are different: 'header.inner.right' and 'header' respectively. [] []
[2026-05-15T05:01:37.010771+00:00] main.INFO: Broken reference: the 'tracking' element cannot be added as child to 'header', because the latter doesn't exist [] []
[2026-05-15T05:01:37.114573+00:00] main.INFO: Broken reference: the 'notification_area' element cannot be added as child to 'notifications', because the latter doesn't exist [] []
[2026-05-15T05:01:37.115074+00:00] main.INFO: Broken reference: the 'unread_system_messages' element cannot be added as child to 'notifications', because the latter doesn't exist [] []
[2026-05-15T05:01:37.115356+00:00] main.INFO: Broken reference: the 'notification_window' element cannot be added as child to 'notifications', because the latter doesn't exist [] []
[2026-05-15T05:01:37.115661+00:00] main.INFO: Broken reference: the 'notification.messages' element cannot be added as child to 'header', because the latter doesn't exist [] []
[2026-05-15T05:01:37.115953+00:00] main.INFO: Broken reference: the 'global_notices' element cannot be added as child to 'global.notices', because the latter doesn't exist [] []
[2026-05-15T05:01:37.116273+00:00] main.INFO: Broken reference: the 'logo' element cannot be added as child to 'header', because the latter doesn't exist [] []
[2026-05-15T05:01:37.116551+00:00] main.INFO: Broken reference: the 'global.search' element cannot be added as child to 'header', because the latter doesn't exist [] []
[2026-05-15T05:01:37.116734+00:00] main.INFO: Broken reference: the 'user' element cannot be added as child to 'header', because the latter doesn't exist [] []
[2026-05-15T05:01:37.116911+00:00] main.INFO: Broken reference: the 'menu' element cannot be added as child to 'page.menu', because the latter doesn't exist [] []
[2026-05-15T05:01:37.117087+00:00] main.INFO: Broken reference: the 'breadcrumbs' element cannot be added as child to 'page.breadcrumbs', because the latter doesn't exist [] []
[2026-05-15T05:01:37.117263+00:00] main.INFO: Broken reference: the 'formkey' element cannot be added as child to 'page.formkey', because the latter doesn't exist [] []
[2026-05-15T05:01:37.117454+00:00] main.INFO: Broken reference: the 'page.title' element cannot be added as child to 'main.top', because the latter doesn't exist [] []
[2026-05-15T05:01:37.117636+00:00] main.INFO: Broken reference: the 'messages' element cannot be added as child to 'page.messages', because the latter doesn't exist [] []
[2026-05-15T05:01:37.117812+00:00] main.INFO: Broken reference: the 'page.actions.toolbar' element cannot be added as child to 'page.main.actions', because the latter doesn't exist [] []
[2026-05-15T05:01:37.117988+00:00] main.INFO: Broken reference: the 'legal' element cannot be added as child to 'footer', because the latter doesn't exist [] []
[2026-05-15T05:01:37.118328+00:00] main.INFO: Broken reference: the 'header.inner.left' element cannot be added as child to 'header', because the latter doesn't exist [] []
[2026-05-15T05:01:37.118550+00:00] main.INFO: Broken reference: the 'header.inner.right' element cannot be added as child to 'header', because the latter doesn't exist [] []
[2026-05-15T05:01:37.118851+00:00] main.INFO: Broken reference: the 'user' tries to reorder itself towards '', but their parents are different: 'header' and '' respectively. [] []
[2026-05-15T05:01:37.119050+00:00] main.INFO: Broken reference: the 'notification.messages' tries to reorder itself towards 'user', but their parents are different: 'header' and '' respectively. [] []
[2026-05-15T05:01:37.119466+00:00] main.INFO: Broken reference: the 'logo' tries to reorder itself towards '', but their parents are different: 'header' and '' respectively. [] []
[2026-05-15T05:01:37.119858+00:00] main.INFO: Broken reference: the 'global.search' tries to reorder itself towards 'logo', but their parents are different: 'header' and '' respectively. [] []
[2026-05-15T05:01:37.120089+00:00] main.INFO: Broken reference: the 'page.actions.toolbar' tries to reorder itself towards '', but their parents are different: 'page.main.actions' and '' respectively. [] []
[2026-05-15T05:01:37.120336+00:00] main.INFO: Broken reference: the 'header.inner.left' tries to reorder itself towards '', but their parents are different: 'header' and '' respectively. [] []
[2026-05-15T05:01:37.120570+00:00] main.INFO: Broken reference: the 'header.inner.right' tries to reorder itself towards 'header.inner.left', but their parents are different: 'header' and '' respectively. [] []
[2026-05-15T05:01:37.120787+00:00] main.INFO: Broken reference: the 'notification.messages' tries to reorder itself towards 'user', but their parents are different: 'header.inner.right' and '' respectively. [] []
[2026-05-15T05:01:44.799644+00:00] main.DEBUG: cache_invalidate:  {"method":"POST","url":"https://magento2.docker/index.php/admin/admin/index/index/key/e1b052c8c9cbdc91000e3fdf42c5fa85d72a9b494f8aa1d9ad4c06dc70d89e68/","invalidateInfo":{"tags":["BACKEND_MAINMENU","MAGE"],"mode":"matchingTag"}} []
[2026-05-15T05:01:44.800006+00:00] main.DEBUG: cache_invalidate:  {"method":"POST","url":"https://magento2.docker/index.php/admin/admin/index/index/key/e1b052c8c9cbdc91000e3fdf42c5fa85d72a9b494f8aa1d9ad4c06dc70d89e68/","invalidateInfo":{"tags":["BACKEND_MAINMENU"],"mode":"matchingAnyTag"}} []
[2026-05-15T05:01:45.761016+00:00] main.DEBUG: cache_invalidate:  {"method":"POST","url":"https://magento2.docker/index.php/admin/admin/index/index/key/e1b052c8c9cbdc91000e3fdf42c5fa85d72a9b494f8aa1d9ad4c06dc70d89e68/","invalidateInfo":{"tags":["PB_EDITOR_CONFIG","CONFIG","MAGE"],"mode":"matchingTag"}} []
[2026-05-15T05:01:45.761376+00:00] main.DEBUG: cache_invalidate:  {"method":"POST","url":"https://magento2.docker/index.php/admin/admin/index/index/key/e1b052c8c9cbdc91000e3fdf42c5fa85d72a9b494f8aa1d9ad4c06dc70d89e68/","invalidateInfo":{"tags":["PB_EDITOR_CONFIG","CONFIG"],"mode":"matchingTag"}} []
[2026-05-15T05:01:45.848505+00:00] main.DEBUG: Item Magento_Backend::system_currency was removed [] []
[2026-05-15T05:01:45.898226+00:00] main.DEBUG: Add of item with id Magento_AdminNotification::system_adminnotification was processed [] []
[2026-05-15T05:01:45.898521+00:00] main.DEBUG: Add of item with id Magento_Theme::design_config was processed [] []
[2026-05-15T05:01:45.898698+00:00] main.DEBUG: Add of item with id Magento_Theme::system_design_theme was processed [] []
[2026-05-15T05:01:45.898853+00:00] main.DEBUG: Add of item with id Magento_Backend::system_design_schedule was processed [] []
[2026-05-15T05:01:45.898987+00:00] main.DEBUG: Add of item with id Magento_Backend::system_store was processed [] []
[2026-05-15T05:01:45.899083+00:00] main.DEBUG: Add of item with id Magento_Backend::dashboard was processed [] []
[2026-05-15T05:01:45.899170+00:00] main.DEBUG: Add of item with id Magento_Backend::system was processed [] []
[2026-05-15T05:01:45.899279+00:00] main.DEBUG: Add of item with id Magento_Backend::system_tools was processed [] []
[2026-05-15T05:01:45.899390+00:00] main.DEBUG: Add of item with id Magento_Backend::system_design was processed [] []
[2026-05-15T05:01:45.899496+00:00] main.DEBUG: Add of item with id Magento_Backend::system_convert was processed [] []
[2026-05-15T05:01:45.899603+00:00] main.DEBUG: Add of item with id Magento_Backend::system_cache was processed [] []
[2026-05-15T05:01:45.899690+00:00] main.DEBUG: Add of item with id Magento_Backend::marketing was processed [] []
[2026-05-15T05:01:45.899793+00:00] main.DEBUG: Add of item with id Magento_Backend::marketing_communications was processed [] []
[2026-05-15T05:01:45.899880+00:00] main.DEBUG: Add of item with id Magento_Backend::marketing_seo was processed [] []
[2026-05-15T05:01:45.899962+00:00] main.DEBUG: Add of item with id Magento_Backend::marketing_user_content was processed [] []
[2026-05-15T05:01:45.900042+00:00] main.DEBUG: Add of item with id Magento_Backend::content was processed [] []
[2026-05-15T05:01:45.900122+00:00] main.DEBUG: Add of item with id Magento_Backend::content_elements was processed [] []
[2026-05-15T05:01:45.900201+00:00] main.DEBUG: Add of item with id Magento_Backend::stores was processed [] []
[2026-05-15T05:01:45.900302+00:00] main.DEBUG: Add of item with id Magento_Backend::stores_settings was processed [] []
[2026-05-15T05:01:45.900388+00:00] main.DEBUG: Add of item with id Magento_Backend::stores_attributes was processed [] []
[2026-05-15T05:01:45.900550+00:00] main.DEBUG: Add of item with id Magento_Backend::other_settings was processed [] []
[2026-05-15T05:01:45.900705+00:00] main.DEBUG: Add of item with id Magento_Backend::system_other_settings was processed [] []
[2026-05-15T05:01:45.900826+00:00] main.DEBUG: Add of item with id Magento_Config::system_config was processed [] []
[2026-05-15T05:01:45.900925+00:00] main.DEBUG: Add of item with id Magento_User::system_acl was processed [] []
[2026-05-15T05:01:45.901037+00:00] main.DEBUG: Add of item with id Magento_User::system_acl_users was processed [] []
[2026-05-15T05:01:45.901125+00:00] main.DEBUG: Add of item with id Magento_User::system_acl_roles was processed [] []
[2026-05-15T05:01:45.901207+00:00] main.DEBUG: Add of item with id Magento_User::system_acl_locks was processed [] []
[2026-05-15T05:01:45.901288+00:00] main.DEBUG: Add of item with id Magento_Backup::system_tools_backup was processed [] []
[2026-05-15T05:01:45.901368+00:00] main.DEBUG: Add of item with id Magento_Customer::customer was processed [] []
[2026-05-15T05:01:45.901503+00:00] main.DEBUG: Add of item with id Magento_Customer::customer_manage was processed [] []
[2026-05-15T05:01:45.901592+00:00] main.DEBUG: Add of item with id Magento_Customer::customer_online was processed [] []
[2026-05-15T05:01:45.901674+00:00] main.DEBUG: Add of item with id Magento_Customer::customer_group was processed [] []
[2026-05-15T05:01:45.901755+00:00] main.DEBUG: Add of item with id Magento_Indexer::system_index was processed [] []
[2026-05-15T05:01:45.901837+00:00] main.DEBUG: Add of item with id Magento_Variable::system_variable was processed [] []
[2026-05-15T05:01:45.901940+00:00] main.DEBUG: Add of item with id Magento_Cms::cms_page was processed [] []
[2026-05-15T05:01:45.902027+00:00] main.DEBUG: Add of item with id Magento_Cms::cms_block was processed [] []
[2026-05-15T05:01:45.902109+00:00] main.DEBUG: Add of item with id Magento_Integration::system_extensions was processed [] []
[2026-05-15T05:01:45.902213+00:00] main.DEBUG: Add of item with id Magento_Integration::system_integrations was processed [] []
[2026-05-15T05:01:45.902299+00:00] main.DEBUG: Add of item with id Magento_Catalog::catalog was processed [] []
[2026-05-15T05:01:45.902418+00:00] main.DEBUG: Add of item with id Magento_Catalog::catalog_products was processed [] []
[2026-05-15T05:01:45.902525+00:00] main.DEBUG: Add of item with id Magento_Catalog::catalog_categories was processed [] []
[2026-05-15T05:01:45.902631+00:00] main.DEBUG: Add of item with id Magento_Catalog::catalog_attributes_attributes was processed [] []
[2026-05-15T05:01:45.902759+00:00] main.DEBUG: Add of item with id Magento_Catalog::catalog_attributes_sets was processed [] []
[2026-05-15T05:01:45.902873+00:00] main.DEBUG: Add of item with id Magento_Catalog::inventory was processed [] []
[2026-05-15T05:01:45.902961+00:00] main.DEBUG: Add of item with id Magento_CatalogRule::promo was processed [] []
[2026-05-15T05:01:45.903065+00:00] main.DEBUG: Add of item with id Magento_CatalogRule::promo_catalog was processed [] []
[2026-05-15T05:01:45.903170+00:00] main.DEBUG: Add of item with id Magento_Search::search_terms was processed [] []
[2026-05-15T05:01:45.903256+00:00] main.DEBUG: Add of item with id Magento_Search::search_synonyms was processed [] []
[2026-05-15T05:01:45.903337+00:00] main.DEBUG: Add of item with id Magento_MediaGalleryUi::media was processed [] []
[2026-05-15T05:01:45.903451+00:00] main.DEBUG: Add of item with id Magento_MediaGalleryUi::media_gallery was processed [] []
[2026-05-15T05:01:45.903539+00:00] main.DEBUG: Add of item with id Magento_Sales::sales was processed [] []
[2026-05-15T05:01:45.903640+00:00] main.DEBUG: Add of item with id Magento_Sales::sales_operation was processed [] []
[2026-05-15T05:01:45.903744+00:00] main.DEBUG: Add of item with id Magento_Sales::sales_order was processed [] []
[2026-05-15T05:01:45.903830+00:00] main.DEBUG: Add of item with id Magento_Sales::sales_invoice was processed [] []
[2026-05-15T05:01:45.903912+00:00] main.DEBUG: Add of item with id Magento_Sales::sales_shipment was processed [] []
[2026-05-15T05:01:45.903992+00:00] main.DEBUG: Add of item with id Magento_Sales::sales_creditmemo was processed [] []
[2026-05-15T05:01:45.904071+00:00] main.DEBUG: Add of item with id Magento_Sales::sales_transactions was processed [] []
[2026-05-15T05:01:45.904151+00:00] main.DEBUG: Add of item with id Magento_Sales::system_order_statuses was processed [] []
[2026-05-15T05:01:45.904239+00:00] main.DEBUG: Add of item with id Magento_Widget::cms_widget_instance was processed [] []
[2026-05-15T05:01:45.904343+00:00] main.DEBUG: Add of item with id Magento_Analytics::business_intelligence was processed [] []
[2026-05-15T05:01:45.904460+00:00] main.DEBUG: Add of item with id Magento_Analytics::advanced_reporting was processed [] []
[2026-05-15T05:01:45.904547+00:00] main.DEBUG: Add of item with id Magento_Analytics::bi_essentials was processed [] []
[2026-05-15T05:01:45.904649+00:00] main.DEBUG: Add of item with id Magento_Downloadable::report_products_downloads was processed [] []
[2026-05-15T05:01:45.904752+00:00] main.DEBUG: Add of item with id Magento_Newsletter::newsletter_template was processed [] []
[2026-05-15T05:01:45.904837+00:00] main.DEBUG: Add of item with id Magento_Newsletter::newsletter_queue was processed [] []
[2026-05-15T05:01:45.904919+00:00] main.DEBUG: Add of item with id Magento_Newsletter::newsletter_subscriber was processed [] []
[2026-05-15T05:01:45.905018+00:00] main.DEBUG: Add of item with id Magento_Newsletter::newsletter_problem was processed [] []
[2026-05-15T05:01:45.905120+00:00] main.DEBUG: Add of item with id Magento_ImportExport::system_convert_import was processed [] []
[2026-05-15T05:01:45.905205+00:00] main.DEBUG: Add of item with id Magento_ImportExport::system_convert_export was processed [] []
[2026-05-15T05:01:45.905286+00:00] main.DEBUG: Add of item with id Magento_ImportExport::system_convert_history was processed [] []
[2026-05-15T05:01:45.905366+00:00] main.DEBUG: Add of item with id Magento_Email::template was processed [] []
[2026-05-15T05:01:45.905464+00:00] main.DEBUG: Add of item with id Magento_InventoryAdminUi::inventory was processed [] []
[2026-05-15T05:01:45.905569+00:00] main.DEBUG: Add of item with id Magento_InventoryAdminUi::source was processed [] []
[2026-05-15T05:01:45.905653+00:00] main.DEBUG: Add of item with id Magento_InventoryAdminUi::stock was processed [] []
[2026-05-15T05:01:45.905733+00:00] main.DEBUG: Add of item with id Magento_Reports::report was processed [] []
[2026-05-15T05:01:45.905813+00:00] main.DEBUG: Add of item with id Magento_Reports::report_marketing was processed [] []
[2026-05-15T05:01:45.905892+00:00] main.DEBUG: Add of item with id Magento_Reports::report_salesroot was processed [] []
[2026-05-15T05:01:45.905991+00:00] main.DEBUG: Add of item with id Magento_Reports::report_salesroot_sales was processed [] []
[2026-05-15T05:01:45.906095+00:00] main.DEBUG: Add of item with id Magento_Reports::report_salesroot_tax was processed [] []
[2026-05-15T05:01:45.906184+00:00] main.DEBUG: Add of item with id Magento_Reports::report_salesroot_invoiced was processed [] []
[2026-05-15T05:01:45.906265+00:00] main.DEBUG: Add of item with id Magento_Reports::report_salesroot_shipping was processed [] []
[2026-05-15T05:01:45.906345+00:00] main.DEBUG: Add of item with id Magento_Reports::report_salesroot_refunded was processed [] []
[2026-05-15T05:01:45.906437+00:00] main.DEBUG: Add of item with id Magento_Reports::report_salesroot_coupons was processed [] []
[2026-05-15T05:01:45.906600+00:00] main.DEBUG: Add of item with id Magento_Reports::report_shopcart_product was processed [] []
[2026-05-15T05:01:45.906688+00:00] main.DEBUG: Add of item with id Magento_Reports::report_shopcart_abandoned was processed [] []
[2026-05-15T05:01:45.906768+00:00] main.DEBUG: Add of item with id Magento_Reports::report_products was processed [] []
[2026-05-15T05:01:45.906847+00:00] main.DEBUG: Add of item with id Magento_Reports::report_products_bestsellers was processed [] []
[2026-05-15T05:01:45.906927+00:00] main.DEBUG: Add of item with id Magento_Reports::report_products_sold was processed [] []
[2026-05-15T05:01:45.907006+00:00] main.DEBUG: Add of item with id Magento_Reports::report_products_viewed was processed [] []
[2026-05-15T05:01:45.907086+00:00] main.DEBUG: Add of item with id Magento_Reports::report_products_lowstock was processed [] []
[2026-05-15T05:01:45.907174+00:00] main.DEBUG: Add of item with id Magento_Reports::report_customers was processed [] []
[2026-05-15T05:01:45.907281+00:00] main.DEBUG: Add of item with id Magento_Reports::report_customers_accounts was processed [] []
[2026-05-15T05:01:45.907365+00:00] main.DEBUG: Add of item with id Magento_Reports::report_customers_totals was processed [] []
[2026-05-15T05:01:45.907460+00:00] main.DEBUG: Add of item with id Magento_Reports::report_customers_orders was processed [] []
[2026-05-15T05:01:45.907541+00:00] main.DEBUG: Add of item with id Magento_Reports::report_statistics was processed [] []
[2026-05-15T05:01:45.907643+00:00] main.DEBUG: Add of item with id Magento_Reports::report_statistics_refresh was processed [] []
[2026-05-15T05:01:45.907728+00:00] main.DEBUG: Add of item with id Magento_Search::report_search_term was processed [] []
[2026-05-15T05:01:45.907809+00:00] main.DEBUG: Add of item with id Magento_LoginAsCustomerLog::login_log was processed [] []
[2026-05-15T05:01:45.907889+00:00] main.DEBUG: Add of item with id Magento_Marketplace::partners was processed [] []
[2026-05-15T05:01:45.907969+00:00] main.DEBUG: Add of item with id Magento_SalesRule::promo_quote was processed [] []
[2026-05-15T05:01:45.908047+00:00] main.DEBUG: Add of item with id Magento_Sitemap::catalog_sitemap was processed [] []
[2026-05-15T05:01:45.908127+00:00] main.DEBUG: Add of item with id Magento_PageBuilder::templates was processed [] []
[2026-05-15T05:01:45.908207+00:00] main.DEBUG: Add of item with id Magento_PaymentServicesDashboard::paymentservicesdashboard was processed [] []
[2026-05-15T05:01:45.908287+00:00] main.DEBUG: Add of item with id Magento_Paypal::report_salesroot_paypal_settlement_reports was processed [] []
[2026-05-15T05:01:45.908367+00:00] main.DEBUG: Add of item with id Magento_Paypal::paypal_billing_agreement was processed [] []
[2026-05-15T05:01:45.908464+00:00] main.DEBUG: Add of item with id Magento_CheckoutAgreements::sales_checkoutagreement was processed [] []
[2026-05-15T05:01:45.908546+00:00] main.DEBUG: Add of item with id Magento_Review::catalog_reviews_ratings_ratings was processed [] []
[2026-05-15T05:01:45.908649+00:00] main.DEBUG: Add of item with id Magento_Review::catalog_reviews_ratings_pending was processed [] []
[2026-05-15T05:01:45.908735+00:00] main.DEBUG: Add of item with id Magento_Review::catalog_reviews_ratings_reviews_all was processed [] []
[2026-05-15T05:01:45.908833+00:00] main.DEBUG: Add of item with id Magento_Review::report_review was processed [] []
[2026-05-15T05:01:45.909003+00:00] main.DEBUG: Add of item with id Magento_Review::report_review_customer was processed [] []
[2026-05-15T05:01:45.909151+00:00] main.DEBUG: Add of item with id Magento_Review::report_review_product was processed [] []
[2026-05-15T05:01:45.909287+00:00] main.DEBUG: Add of item with id Magento_ServicesId::configuration was processed [] []
[2026-05-15T05:01:45.909408+00:00] main.DEBUG: Add of item with id Magento_ServicesId::services_id was processed [] []
[2026-05-15T05:01:45.909501+00:00] main.DEBUG: Add of item with id Magento_UrlRewrite::urlrewrite was processed [] []
[2026-05-15T05:01:45.909583+00:00] main.DEBUG: Add of item with id Magento_AsynchronousOperations::system_magento_logging was processed [] []
[2026-05-15T05:01:45.909686+00:00] main.DEBUG: Add of item with id Magento_AsynchronousOperations::system_magento_logging_bulk_operations was processed [] []
[2026-05-15T05:01:45.909774+00:00] main.DEBUG: Add of item with id Magento_Tax::sales_tax was processed [] []
[2026-05-15T05:01:45.909877+00:00] main.DEBUG: Add of item with id Magento_Tax::sales_tax_rules was processed [] []
[2026-05-15T05:01:45.909963+00:00] main.DEBUG: Add of item with id Magento_Tax::sales_tax_rates was processed [] []
[2026-05-15T05:01:45.910044+00:00] main.DEBUG: Add of item with id Magento_TaxImportExport::system_convert_tax was processed [] []
[2026-05-15T05:01:45.910124+00:00] main.DEBUG: Add of item with id Magento_CurrencySymbol::system_currency was processed [] []
[2026-05-15T05:01:45.910225+00:00] main.DEBUG: Add of item with id Magento_CurrencySymbol::system_currency_rates was processed [] []
[2026-05-15T05:01:45.910318+00:00] main.DEBUG: Add of item with id Magento_CurrencySymbol::system_currency_symbols was processed [] []
[2026-05-15T05:01:45.910411+00:00] main.DEBUG: Add of item with id PayPal_Braintree::settlement_report was processed [] []
[2026-05-15T05:01:45.910514+00:00] main.DEBUG: Add of item with id PayPal_Braintree::virtual_terminal was processed [] []
[2026-05-15T05:01:48.138081+00:00] main.INFO: Broken reference: the 'notification.messages' tries to reorder itself towards 'user', but their parents are different: 'header.inner.right' and 'header' respectively. [] []
[2026-05-15T05:08:16.392077+00:00] main.INFO: Broken reference: the 'tracking' element cannot be added as child to 'header', because the latter doesn't exist [] []
[2026-05-15T05:08:16.503705+00:00] main.INFO: Broken reference: the 'notification_area' element cannot be added as child to 'notifications', because the latter doesn't exist [] []
[2026-05-15T05:08:16.504060+00:00] main.INFO: Broken reference: the 'unread_system_messages' element cannot be added as child to 'notifications', because the latter doesn't exist [] []
[2026-05-15T05:08:16.504379+00:00] main.INFO: Broken reference: the 'notification_window' element cannot be added as child to 'notifications', because the latter doesn't exist [] []
[2026-05-15T05:08:16.504610+00:00] main.INFO: Broken reference: the 'notification.messages' element cannot be added as child to 'header', because the latter doesn't exist [] []
[2026-05-15T05:08:16.504828+00:00] main.INFO: Broken reference: the 'global_notices' element cannot be added as child to 'global.notices', because the latter doesn't exist [] []
[2026-05-15T05:08:16.505009+00:00] main.INFO: Broken reference: the 'logo' element cannot be added as child to 'header', because the latter doesn't exist [] []
[2026-05-15T05:08:16.505228+00:00] main.INFO: Broken reference: the 'global.search' element cannot be added as child to 'header', because the latter doesn't exist [] []
[2026-05-15T05:08:16.505407+00:00] main.INFO: Broken reference: the 'user' element cannot be added as child to 'header', because the latter doesn't exist [] []
[2026-05-15T05:08:16.505584+00:00] main.INFO: Broken reference: the 'menu' element cannot be added as child to 'page.menu', because the latter doesn't exist [] []
[2026-05-15T05:08:16.505759+00:00] main.INFO: Broken reference: the 'breadcrumbs' element cannot be added as child to 'page.breadcrumbs', because the latter doesn't exist [] []
[2026-05-15T05:08:16.505933+00:00] main.INFO: Broken reference: the 'formkey' element cannot be added as child to 'page.formkey', because the latter doesn't exist [] []
[2026-05-15T05:08:16.506104+00:00] main.INFO: Broken reference: the 'page.title' element cannot be added as child to 'main.top', because the latter doesn't exist [] []
[2026-05-15T05:08:16.506287+00:00] main.INFO: Broken reference: the 'messages' element cannot be added as child to 'page.messages', because the latter doesn't exist [] []
[2026-05-15T05:08:16.506483+00:00] main.INFO: Broken reference: the 'page.actions.toolbar' element cannot be added as child to 'page.main.actions', because the latter doesn't exist [] []
[2026-05-15T05:08:16.506660+00:00] main.INFO: Broken reference: the 'legal' element cannot be added as child to 'footer', because the latter doesn't exist [] []
[2026-05-15T05:08:16.506998+00:00] main.INFO: Broken reference: the 'header.inner.left' element cannot be added as child to 'header', because the latter doesn't exist [] []
[2026-05-15T05:08:16.507197+00:00] main.INFO: Broken reference: the 'header.inner.right' element cannot be added as child to 'header', because the latter doesn't exist [] []
[2026-05-15T05:08:16.507468+00:00] main.INFO: Broken reference: the 'user' tries to reorder itself towards '', but their parents are different: 'header' and '' respectively. [] []
[2026-05-15T05:08:16.507652+00:00] main.INFO: Broken reference: the 'notification.messages' tries to reorder itself towards 'user', but their parents are different: 'header' and '' respectively. [] []
[2026-05-15T05:08:16.507837+00:00] main.INFO: Broken reference: the 'logo' tries to reorder itself towards '', but their parents are different: 'header' and '' respectively. [] []
[2026-05-15T05:08:16.508012+00:00] main.INFO: Broken reference: the 'global.search' tries to reorder itself towards 'logo', but their parents are different: 'header' and '' respectively. [] []
[2026-05-15T05:08:16.508192+00:00] main.INFO: Broken reference: the 'page.actions.toolbar' tries to reorder itself towards '', but their parents are different: 'page.main.actions' and '' respectively. [] []
[2026-05-15T05:08:16.508413+00:00] main.INFO: Broken reference: the 'header.inner.left' tries to reorder itself towards '', but their parents are different: 'header' and '' respectively. [] []
[2026-05-15T05:08:16.508593+00:00] main.INFO: Broken reference: the 'header.inner.right' tries to reorder itself towards 'header.inner.left', but their parents are different: 'header' and '' respectively. [] []
[2026-05-15T05:08:16.508781+00:00] main.INFO: Broken reference: the 'notification.messages' tries to reorder itself towards 'user', but their parents are different: 'header.inner.right' and '' respectively. [] []
[2026-05-15T05:13:27.403460+00:00] main.INFO: Broken reference: the 'tracking' element cannot be added as child to 'header', because the latter doesn't exist [] []
[2026-05-15T05:13:27.491906+00:00] main.INFO: Broken reference: the 'notification_area' element cannot be added as child to 'notifications', because the latter doesn't exist [] []
[2026-05-15T05:13:27.492194+00:00] main.INFO: Broken reference: the 'unread_system_messages' element cannot be added as child to 'notifications', because the latter doesn't exist [] []
[2026-05-15T05:13:27.492388+00:00] main.INFO: Broken reference: the 'notification_window' element cannot be added as child to 'notifications', because the latter doesn't exist [] []
[2026-05-15T05:13:27.492587+00:00] main.INFO: Broken reference: the 'notification.messages' element cannot be added as child to 'header', because the latter doesn't exist [] []
[2026-05-15T05:13:27.492787+00:00] main.INFO: Broken reference: the 'global_notices' element cannot be added as child to 'global.notices', because the latter doesn't exist [] []
[2026-05-15T05:13:27.492965+00:00] main.INFO: Broken reference: the 'logo' element cannot be added as child to 'header', because the latter doesn't exist [] []
[2026-05-15T05:13:27.493143+00:00] main.INFO: Broken reference: the 'global.search' element cannot be added as child to 'header', because the latter doesn't exist [] []
[2026-05-15T05:13:27.493318+00:00] main.INFO: Broken reference: the 'user' element cannot be added as child to 'header', because the latter doesn't exist [] []
[2026-05-15T05:13:27.493495+00:00] main.INFO: Broken reference: the 'menu' element cannot be added as child to 'page.menu', because the latter doesn't exist [] []
[2026-05-15T05:13:27.493732+00:00] main.INFO: Broken reference: the 'breadcrumbs' element cannot be added as child to 'page.breadcrumbs', because the latter doesn't exist [] []
[2026-05-15T05:13:27.493906+00:00] main.INFO: Broken reference: the 'formkey' element cannot be added as child to 'page.formkey', because the latter doesn't exist [] []
[2026-05-15T05:13:27.494078+00:00] main.INFO: Broken reference: the 'page.title' element cannot be added as child to 'main.top', because the latter doesn't exist [] []
[2026-05-15T05:13:27.494249+00:00] main.INFO: Broken reference: the 'messages' element cannot be added as child to 'page.messages', because the latter doesn't exist [] []
[2026-05-15T05:13:27.494419+00:00] main.INFO: Broken reference: the 'page.actions.toolbar' element cannot be added as child to 'page.main.actions', because the latter doesn't exist [] []
[2026-05-15T05:13:27.494603+00:00] main.INFO: Broken reference: the 'legal' element cannot be added as child to 'footer', because the latter doesn't exist [] []
[2026-05-15T05:13:27.494938+00:00] main.INFO: Broken reference: the 'header.inner.left' element cannot be added as child to 'header', because the latter doesn't exist [] []
[2026-05-15T05:13:27.495138+00:00] main.INFO: Broken reference: the 'header.inner.right' element cannot be added as child to 'header', because the latter doesn't exist [] []
[2026-05-15T05:13:27.495435+00:00] main.INFO: Broken reference: the 'user' tries to reorder itself towards '', but their parents are different: 'header' and '' respectively. [] []
[2026-05-15T05:13:27.495628+00:00] main.INFO: Broken reference: the 'notification.messages' tries to reorder itself towards 'user', but their parents are different: 'header' and '' respectively. [] []
[2026-05-15T05:13:27.495803+00:00] main.INFO: Broken reference: the 'logo' tries to reorder itself towards '', but their parents are different: 'header' and '' respectively. [] []
[2026-05-15T05:13:27.495974+00:00] main.INFO: Broken reference: the 'global.search' tries to reorder itself towards 'logo', but their parents are different: 'header' and '' respectively. [] []
[2026-05-15T05:13:27.496143+00:00] main.INFO: Broken reference: the 'page.actions.toolbar' tries to reorder itself towards '', but their parents are different: 'page.main.actions' and '' respectively. [] []
[2026-05-15T05:13:27.496416+00:00] main.INFO: Broken reference: the 'header.inner.left' tries to reorder itself towards '', but their parents are different: 'header' and '' respectively. [] []
[2026-05-15T05:13:27.496853+00:00] main.INFO: Broken reference: the 'header.inner.right' tries to reorder itself towards 'header.inner.left', but their parents are different: 'header' and '' respectively. [] []
[2026-05-15T05:13:27.497310+00:00] main.INFO: Broken reference: the 'notification.messages' tries to reorder itself towards 'user', but their parents are different: 'header.inner.right' and '' respectively. [] []
[2026-05-15T05:13:40.183118+00:00] main.DEBUG: cache_invalidate:  {"method":"POST","url":"https://magento2.docker/index.php/admin/admin/index/index/key/4a437edbd2d9880fbb768d45f9a7eed0fedcb6428d33f6647bd47f97ce0e6dd2/","invalidateInfo":{"tags":["BACKEND_MAINMENU","MAGE"],"mode":"matchingTag"}} []
[2026-05-15T05:13:40.183572+00:00] main.DEBUG: cache_invalidate:  {"method":"POST","url":"https://magento2.docker/index.php/admin/admin/index/index/key/4a437edbd2d9880fbb768d45f9a7eed0fedcb6428d33f6647bd47f97ce0e6dd2/","invalidateInfo":{"tags":["BACKEND_MAINMENU"],"mode":"matchingAnyTag"}} []
[2026-05-15T05:13:40.435846+00:00] main.DEBUG: cache_invalidate:  {"method":"POST","url":"https://magento2.docker/index.php/admin/admin/index/index/key/4a437edbd2d9880fbb768d45f9a7eed0fedcb6428d33f6647bd47f97ce0e6dd2/","invalidateInfo":{"tags":["PB_EDITOR_CONFIG","CONFIG","MAGE"],"mode":"matchingTag"}} []
[2026-05-15T05:13:40.436100+00:00] main.DEBUG: cache_invalidate:  {"method":"POST","url":"https://magento2.docker/index.php/admin/admin/index/index/key/4a437edbd2d9880fbb768d45f9a7eed0fedcb6428d33f6647bd47f97ce0e6dd2/","invalidateInfo":{"tags":["PB_EDITOR_CONFIG","CONFIG"],"mode":"matchingTag"}} []
[2026-05-15T05:13:41.075148+00:00] main.INFO: Broken reference: the 'notification.messages' tries to reorder itself towards 'user', but their parents are different: 'header.inner.right' and 'header' respectively. [] []
[2026-05-15T05:14:10.452675+00:00] main.INFO: Broken reference: the 'notification.messages' tries to reorder itself towards 'user', but their parents are different: 'header.inner.right' and 'header' respectively. [] []
[2026-05-15T05:14:27.724195+00:00] main.INFO: Broken reference: the 'product.reviews' element cannot be added as child to 'product_tabs', because the latter doesn't exist [] []
[2026-05-15T05:14:27.724718+00:00] main.INFO: Broken reference: the 'notification.messages' tries to reorder itself towards 'user', but their parents are different: 'header.inner.right' and 'header' respectively. [] []
[2026-05-15T05:15:18.879002+00:00] main.DEBUG: cache_invalidate:  {"method":"POST","url":"https://magento2.docker/index.php/admin/catalog/product/save/type/simple/store/0/set/4/key/5b360a4bfc7e60f8a33db5fd604681c5dadf99846dab9d4188752342cbdc7cb0/back/edit","invalidateInfo":{"tags":["cat_p_1","MAGE"],"mode":"matchingTag"}} []
[2026-05-15T05:15:18.879532+00:00] main.DEBUG: cache_invalidate:  {"method":"POST","url":"https://magento2.docker/index.php/admin/catalog/product/save/type/simple/store/0/set/4/key/5b360a4bfc7e60f8a33db5fd604681c5dadf99846dab9d4188752342cbdc7cb0/back/edit","invalidateInfo":{"tags":["cat_p_new","MAGE"],"mode":"matchingTag"}} []
[2026-05-15T05:15:18.879875+00:00] main.DEBUG: cache_invalidate:  {"method":"POST","url":"https://magento2.docker/index.php/admin/catalog/product/save/type/simple/store/0/set/4/key/5b360a4bfc7e60f8a33db5fd604681c5dadf99846dab9d4188752342cbdc7cb0/back/edit","invalidateInfo":{"tags":["rss_p_new","MAGE"],"mode":"matchingTag"}} []
[2026-05-15T05:15:18.880001+00:00] main.DEBUG: cache_invalidate:  {"method":"POST","url":"https://magento2.docker/index.php/admin/catalog/product/save/type/simple/store/0/set/4/key/5b360a4bfc7e60f8a33db5fd604681c5dadf99846dab9d4188752342cbdc7cb0/back/edit","invalidateInfo":{"tags":["cat_p_1","cat_p_new","rss_p_new"],"mode":"matchingAnyTag"}} []
[2026-05-15T05:15:18.898284+00:00] main.DEBUG: cache_invalidate:  {"method":"POST","url":"https://magento2.docker/index.php/admin/catalog/product/save/type/simple/store/0/set/4/key/5b360a4bfc7e60f8a33db5fd604681c5dadf99846dab9d4188752342cbdc7cb0/back/edit","invalidateInfo":{"tags":["cat_p_1","FPC","MAGE"],"mode":"matchingTag"}} []
[2026-05-15T05:15:18.898598+00:00] main.DEBUG: cache_invalidate:  {"method":"POST","url":"https://magento2.docker/index.php/admin/catalog/product/save/type/simple/store/0/set/4/key/5b360a4bfc7e60f8a33db5fd604681c5dadf99846dab9d4188752342cbdc7cb0/back/edit","invalidateInfo":{"tags":["cat_p_1","FPC"],"mode":"matchingTag"}} []
[2026-05-15T05:15:18.900308+00:00] main.DEBUG: cache_invalidate:  {"method":"POST","url":"https://magento2.docker/index.php/admin/catalog/product/save/type/simple/store/0/set/4/key/5b360a4bfc7e60f8a33db5fd604681c5dadf99846dab9d4188752342cbdc7cb0/back/edit","invalidateInfo":{"tags":["cat_p_new","FPC","MAGE"],"mode":"matchingTag"}} []
[2026-05-15T05:15:18.900649+00:00] main.DEBUG: cache_invalidate:  {"method":"POST","url":"https://magento2.docker/index.php/admin/catalog/product/save/type/simple/store/0/set/4/key/5b360a4bfc7e60f8a33db5fd604681c5dadf99846dab9d4188752342cbdc7cb0/back/edit","invalidateInfo":{"tags":["cat_p_new","FPC"],"mode":"matchingTag"}} []
[2026-05-15T05:15:18.901055+00:00] main.DEBUG: cache_invalidate:  {"method":"POST","url":"https://magento2.docker/index.php/admin/catalog/product/save/type/simple/store/0/set/4/key/5b360a4bfc7e60f8a33db5fd604681c5dadf99846dab9d4188752342cbdc7cb0/back/edit","invalidateInfo":{"tags":["rss_p_new","FPC","MAGE"],"mode":"matchingTag"}} []
[2026-05-15T05:15:18.901217+00:00] main.DEBUG: cache_invalidate:  {"method":"POST","url":"https://magento2.docker/index.php/admin/catalog/product/save/type/simple/store/0/set/4/key/5b360a4bfc7e60f8a33db5fd604681c5dadf99846dab9d4188752342cbdc7cb0/back/edit","invalidateInfo":{"tags":["rss_p_new","FPC"],"mode":"matchingTag"}} []
[2026-05-15T05:15:19.216110+00:00] main.DEBUG: cache_invalidate:  {"method":"POST","url":"https://magento2.docker/index.php/admin/catalog/product/save/type/simple/store/0/set/4/key/5b360a4bfc7e60f8a33db5fd604681c5dadf99846dab9d4188752342cbdc7cb0/back/edit","invalidateInfo":{"tags":["cat_p_1","FPC","MAGE"],"mode":"matchingTag"}} []
[2026-05-15T05:15:19.216370+00:00] main.DEBUG: cache_invalidate:  {"method":"POST","url":"https://magento2.docker/index.php/admin/catalog/product/save/type/simple/store/0/set/4/key/5b360a4bfc7e60f8a33db5fd604681c5dadf99846dab9d4188752342cbdc7cb0/back/edit","invalidateInfo":{"tags":["cat_p_1","FPC"],"mode":"matchingTag"}} []
[2026-05-15T05:15:22.307429+00:00] main.DEBUG: cache_invalidate:  {"method":"POST","url":"https://magento2.docker/index.php/admin/catalog/product/save/type/simple/store/0/set/4/key/5b360a4bfc7e60f8a33db5fd604681c5dadf99846dab9d4188752342cbdc7cb0/back/edit","invalidateInfo":{"tags":["cat_p_1","FPC","MAGE"],"mode":"matchingTag"}} []
[2026-05-15T05:15:22.307743+00:00] main.DEBUG: cache_invalidate:  {"method":"POST","url":"https://magento2.docker/index.php/admin/catalog/product/save/type/simple/store/0/set/4/key/5b360a4bfc7e60f8a33db5fd604681c5dadf99846dab9d4188752342cbdc7cb0/back/edit","invalidateInfo":{"tags":["cat_p_1","FPC"],"mode":"matchingTag"}} []
[2026-05-15T05:15:22.322456+00:00] main.DEBUG: cache_invalidate:  {"method":"POST","url":"https://magento2.docker/index.php/admin/catalog/product/save/type/simple/store/0/set/4/key/5b360a4bfc7e60f8a33db5fd604681c5dadf99846dab9d4188752342cbdc7cb0/back/edit","invalidateInfo":{"tags":["cat_p_1","FPC","MAGE"],"mode":"matchingTag"}} []
[2026-05-15T05:15:22.322696+00:00] main.DEBUG: cache_invalidate:  {"method":"POST","url":"https://magento2.docker/index.php/admin/catalog/product/save/type/simple/store/0/set/4/key/5b360a4bfc7e60f8a33db5fd604681c5dadf99846dab9d4188752342cbdc7cb0/back/edit","invalidateInfo":{"tags":["cat_p_1","FPC"],"mode":"matchingTag"}} []
[2026-05-15T05:15:22.322946+00:00] main.DEBUG: cache_invalidate:  {"method":"POST","url":"https://magento2.docker/index.php/admin/catalog/product/save/type/simple/store/0/set/4/key/5b360a4bfc7e60f8a33db5fd604681c5dadf99846dab9d4188752342cbdc7cb0/back/edit","invalidateInfo":{"tags":["cat_p_new","FPC","MAGE"],"mode":"matchingTag"}} []
[2026-05-15T05:15:22.323075+00:00] main.DEBUG: cache_invalidate:  {"method":"POST","url":"https://magento2.docker/index.php/admin/catalog/product/save/type/simple/store/0/set/4/key/5b360a4bfc7e60f8a33db5fd604681c5dadf99846dab9d4188752342cbdc7cb0/back/edit","invalidateInfo":{"tags":["cat_p_new","FPC"],"mode":"matchingTag"}} []
[2026-05-15T05:15:22.323294+00:00] main.DEBUG: cache_invalidate:  {"method":"POST","url":"https://magento2.docker/index.php/admin/catalog/product/save/type/simple/store/0/set/4/key/5b360a4bfc7e60f8a33db5fd604681c5dadf99846dab9d4188752342cbdc7cb0/back/edit","invalidateInfo":{"tags":["rss_p_new","FPC","MAGE"],"mode":"matchingTag"}} []
[2026-05-15T05:15:22.323486+00:00] main.DEBUG: cache_invalidate:  {"method":"POST","url":"https://magento2.docker/index.php/admin/catalog/product/save/type/simple/store/0/set/4/key/5b360a4bfc7e60f8a33db5fd604681c5dadf99846dab9d4188752342cbdc7cb0/back/edit","invalidateInfo":{"tags":["rss_p_new","FPC"],"mode":"matchingTag"}} []
[2026-05-15T05:15:22.435402+00:00] main.DEBUG: cache_invalidate:  {"method":"POST","url":"https://magento2.docker/index.php/admin/catalog/product/save/type/simple/store/0/set/4/key/5b360a4bfc7e60f8a33db5fd604681c5dadf99846dab9d4188752342cbdc7cb0/back/edit","invalidateInfo":{"tags":["cat_p_1","MAGE"],"mode":"matchingTag"}} []
[2026-05-15T05:15:22.435915+00:00] main.DEBUG: cache_invalidate:  {"method":"POST","url":"https://magento2.docker/index.php/admin/catalog/product/save/type/simple/store/0/set/4/key/5b360a4bfc7e60f8a33db5fd604681c5dadf99846dab9d4188752342cbdc7cb0/back/edit","invalidateInfo":{"tags":["cat_p_new","MAGE"],"mode":"matchingTag"}} []
[2026-05-15T05:15:22.436269+00:00] main.DEBUG: cache_invalidate:  {"method":"POST","url":"https://magento2.docker/index.php/admin/catalog/product/save/type/simple/store/0/set/4/key/5b360a4bfc7e60f8a33db5fd604681c5dadf99846dab9d4188752342cbdc7cb0/back/edit","invalidateInfo":{"tags":["rss_p_new","MAGE"],"mode":"matchingTag"}} []
[2026-05-15T05:15:22.436453+00:00] main.DEBUG: cache_invalidate:  {"method":"POST","url":"https://magento2.docker/index.php/admin/catalog/product/save/type/simple/store/0/set/4/key/5b360a4bfc7e60f8a33db5fd604681c5dadf99846dab9d4188752342cbdc7cb0/back/edit","invalidateInfo":{"tags":["cat_p_1","cat_p_new","rss_p_new"],"mode":"matchingAnyTag"}} []
[2026-05-15T05:15:22.436797+00:00] main.DEBUG: cache_invalidate:  {"method":"POST","url":"https://magento2.docker/index.php/admin/catalog/product/save/type/simple/store/0/set/4/key/5b360a4bfc7e60f8a33db5fd604681c5dadf99846dab9d4188752342cbdc7cb0/back/edit","invalidateInfo":{"tags":["cat_p_1","MAGE"],"mode":"matchingTag"}} []
[2026-05-15T05:15:22.437148+00:00] main.DEBUG: cache_invalidate:  {"method":"POST","url":"https://magento2.docker/index.php/admin/catalog/product/save/type/simple/store/0/set/4/key/5b360a4bfc7e60f8a33db5fd604681c5dadf99846dab9d4188752342cbdc7cb0/back/edit","invalidateInfo":{"tags":["cat_p_new","MAGE"],"mode":"matchingTag"}} []
[2026-05-15T05:15:22.437500+00:00] main.DEBUG: cache_invalidate:  {"method":"POST","url":"https://magento2.docker/index.php/admin/catalog/product/save/type/simple/store/0/set/4/key/5b360a4bfc7e60f8a33db5fd604681c5dadf99846dab9d4188752342cbdc7cb0/back/edit","invalidateInfo":{"tags":["rss_p_new","MAGE"],"mode":"matchingTag"}} []
[2026-05-15T05:15:22.437656+00:00] main.DEBUG: cache_invalidate:  {"method":"POST","url":"https://magento2.docker/index.php/admin/catalog/product/save/type/simple/store/0/set/4/key/5b360a4bfc7e60f8a33db5fd604681c5dadf99846dab9d4188752342cbdc7cb0/back/edit","invalidateInfo":{"tags":["cat_p_1","cat_p_new","rss_p_new"],"mode":"matchingAnyTag"}} []
[2026-05-15T05:15:25.902043+00:00] main.INFO: Broken reference: the 'product.reviews' element cannot be added as child to 'product_tabs', because the latter doesn't exist [] []
[2026-05-15T05:15:25.902737+00:00] main.INFO: Broken reference: the 'notification.messages' tries to reorder itself towards 'user', but their parents are different: 'header.inner.right' and 'header' respectively. [] []
[2026-05-15T05:15:40.534357+00:00] main.INFO: Broken reference: the 'notification.messages' tries to reorder itself towards 'user', but their parents are different: 'header.inner.right' and 'header' respectively. [] []
[2026-05-15T05:15:51.659962+00:00] main.INFO: Broken reference: the 'notification.messages' tries to reorder itself towards 'user', but their parents are different: 'header.inner.right' and 'header' respectively. [] []
[2026-05-15T19:09:13.056056+00:00] main.INFO: Broken reference: the 'tracking' element cannot be added as child to 'header', because the latter doesn't exist [] []
[2026-05-15T19:09:13.241594+00:00] main.INFO: Broken reference: the 'notification_area' element cannot be added as child to 'notifications', because the latter doesn't exist [] []
[2026-05-15T19:09:13.241983+00:00] main.INFO: Broken reference: the 'unread_system_messages' element cannot be added as child to 'notifications', because the latter doesn't exist [] []
[2026-05-15T19:09:13.242226+00:00] main.INFO: Broken reference: the 'notification_window' element cannot be added as child to 'notifications', because the latter doesn't exist [] []
[2026-05-15T19:09:13.242440+00:00] main.INFO: Broken reference: the 'notification.messages' element cannot be added as child to 'header', because the latter doesn't exist [] []
[2026-05-15T19:09:13.242704+00:00] main.INFO: Broken reference: the 'global_notices' element cannot be added as child to 'global.notices', because the latter doesn't exist [] []
[2026-05-15T19:09:13.242903+00:00] main.INFO: Broken reference: the 'logo' element cannot be added as child to 'header', because the latter doesn't exist [] []
[2026-05-15T19:09:13.243116+00:00] main.INFO: Broken reference: the 'global.search' element cannot be added as child to 'header', because the latter doesn't exist [] []
[2026-05-15T19:09:13.243303+00:00] main.INFO: Broken reference: the 'user' element cannot be added as child to 'header', because the latter doesn't exist [] []
[2026-05-15T19:09:13.243595+00:00] main.INFO: Broken reference: the 'menu' element cannot be added as child to 'page.menu', because the latter doesn't exist [] []
[2026-05-15T19:09:13.243939+00:00] main.INFO: Broken reference: the 'breadcrumbs' element cannot be added as child to 'page.breadcrumbs', because the latter doesn't exist [] []
[2026-05-15T19:09:13.244199+00:00] main.INFO: Broken reference: the 'formkey' element cannot be added as child to 'page.formkey', because the latter doesn't exist [] []
[2026-05-15T19:09:13.244524+00:00] main.INFO: Broken reference: the 'page.title' element cannot be added as child to 'main.top', because the latter doesn't exist [] []
[2026-05-15T19:09:13.244787+00:00] main.INFO: Broken reference: the 'messages' element cannot be added as child to 'page.messages', because the latter doesn't exist [] []
[2026-05-15T19:09:13.245051+00:00] main.INFO: Broken reference: the 'page.actions.toolbar' element cannot be added as child to 'page.main.actions', because the latter doesn't exist [] []
[2026-05-15T19:09:13.245370+00:00] main.INFO: Broken reference: the 'legal' element cannot be added as child to 'footer', because the latter doesn't exist [] []
[2026-05-15T19:09:13.245892+00:00] main.INFO: Broken reference: the 'header.inner.left' element cannot be added as child to 'header', because the latter doesn't exist [] []
[2026-05-15T19:09:13.246098+00:00] main.INFO: Broken reference: the 'header.inner.right' element cannot be added as child to 'header', because the latter doesn't exist [] []
[2026-05-15T19:09:13.246573+00:00] main.INFO: Broken reference: the 'user' tries to reorder itself towards '', but their parents are different: 'header' and '' respectively. [] []
[2026-05-15T19:09:13.246784+00:00] main.INFO: Broken reference: the 'notification.messages' tries to reorder itself towards 'user', but their parents are different: 'header' and '' respectively. [] []
[2026-05-15T19:09:13.246964+00:00] main.INFO: Broken reference: the 'logo' tries to reorder itself towards '', but their parents are different: 'header' and '' respectively. [] []
[2026-05-15T19:09:13.247158+00:00] main.INFO: Broken reference: the 'global.search' tries to reorder itself towards 'logo', but their parents are different: 'header' and '' respectively. [] []
[2026-05-15T19:09:13.247333+00:00] main.INFO: Broken reference: the 'page.actions.toolbar' tries to reorder itself towards '', but their parents are different: 'page.main.actions' and '' respectively. [] []
[2026-05-15T19:09:13.247577+00:00] main.INFO: Broken reference: the 'header.inner.left' tries to reorder itself towards '', but their parents are different: 'header' and '' respectively. [] []
[2026-05-15T19:09:13.247761+00:00] main.INFO: Broken reference: the 'header.inner.right' tries to reorder itself towards 'header.inner.left', but their parents are different: 'header' and '' respectively. [] []
[2026-05-15T19:09:13.247953+00:00] main.INFO: Broken reference: the 'notification.messages' tries to reorder itself towards 'user', but their parents are different: 'header.inner.right' and '' respectively. [] []
[2026-05-15T19:09:22.892887+00:00] main.DEBUG: cache_invalidate:  {"method":"POST","url":"https://magento2.docker/index.php/admin/admin/index/index/key/86480e57e2a09b9219ddc5b8afd875813bfa7e625b8620aa8b47b8445bfcee45/","invalidateInfo":{"tags":["BACKEND_MAINMENU","MAGE"],"mode":"matchingTag"}} []
[2026-05-15T19:09:22.893282+00:00] main.DEBUG: cache_invalidate:  {"method":"POST","url":"https://magento2.docker/index.php/admin/admin/index/index/key/86480e57e2a09b9219ddc5b8afd875813bfa7e625b8620aa8b47b8445bfcee45/","invalidateInfo":{"tags":["BACKEND_MAINMENU"],"mode":"matchingAnyTag"}} []
[2026-05-15T19:09:23.804657+00:00] main.DEBUG: cache_invalidate:  {"method":"POST","url":"https://magento2.docker/index.php/admin/admin/index/index/key/86480e57e2a09b9219ddc5b8afd875813bfa7e625b8620aa8b47b8445bfcee45/","invalidateInfo":{"tags":["PB_EDITOR_CONFIG","CONFIG","MAGE"],"mode":"matchingTag"}} []
[2026-05-15T19:09:23.804927+00:00] main.DEBUG: cache_invalidate:  {"method":"POST","url":"https://magento2.docker/index.php/admin/admin/index/index/key/86480e57e2a09b9219ddc5b8afd875813bfa7e625b8620aa8b47b8445bfcee45/","invalidateInfo":{"tags":["PB_EDITOR_CONFIG","CONFIG"],"mode":"matchingTag"}} []
[2026-05-15T19:09:23.902411+00:00] main.DEBUG: Item Magento_Backend::system_currency was removed [] []
[2026-05-15T19:09:23.967825+00:00] main.DEBUG: Add of item with id Magento_AdminNotification::system_adminnotification was processed [] []
[2026-05-15T19:09:23.968061+00:00] main.DEBUG: Add of item with id Magento_Theme::design_config was processed [] []
[2026-05-15T19:09:23.968210+00:00] main.DEBUG: Add of item with id Magento_Theme::system_design_theme was processed [] []
[2026-05-15T19:09:23.968387+00:00] main.DEBUG: Add of item with id Magento_Backend::system_design_schedule was processed [] []
[2026-05-15T19:09:23.968587+00:00] main.DEBUG: Add of item with id Magento_Backend::system_store was processed [] []
[2026-05-15T19:09:23.968696+00:00] main.DEBUG: Add of item with id Magento_Backend::dashboard was processed [] []
[2026-05-15T19:09:23.968785+00:00] main.DEBUG: Add of item with id Magento_Backend::system was processed [] []
[2026-05-15T19:09:23.968893+00:00] main.DEBUG: Add of item with id Magento_Backend::system_tools was processed [] []
[2026-05-15T19:09:23.969004+00:00] main.DEBUG: Add of item with id Magento_Backend::system_design was processed [] []
[2026-05-15T19:09:23.969093+00:00] main.DEBUG: Add of item with id Magento_Backend::system_convert was processed [] []
[2026-05-15T19:09:23.969198+00:00] main.DEBUG: Add of item with id Magento_Backend::system_cache was processed [] []
[2026-05-15T19:09:23.969285+00:00] main.DEBUG: Add of item with id Magento_Backend::marketing was processed [] []
[2026-05-15T19:09:23.969389+00:00] main.DEBUG: Add of item with id Magento_Backend::marketing_communications was processed [] []
[2026-05-15T19:09:23.969489+00:00] main.DEBUG: Add of item with id Magento_Backend::marketing_seo was processed [] []
[2026-05-15T19:09:23.969581+00:00] main.DEBUG: Add of item with id Magento_Backend::marketing_user_content was processed [] []
[2026-05-15T19:09:23.969662+00:00] main.DEBUG: Add of item with id Magento_Backend::content was processed [] []
[2026-05-15T19:09:23.969742+00:00] main.DEBUG: Add of item with id Magento_Backend::content_elements was processed [] []
[2026-05-15T19:09:23.969823+00:00] main.DEBUG: Add of item with id Magento_Backend::stores was processed [] []
[2026-05-15T19:09:23.969925+00:00] main.DEBUG: Add of item with id Magento_Backend::stores_settings was processed [] []
[2026-05-15T19:09:23.970011+00:00] main.DEBUG: Add of item with id Magento_Backend::stores_attributes was processed [] []
[2026-05-15T19:09:23.970093+00:00] main.DEBUG: Add of item with id Magento_Backend::other_settings was processed [] []
[2026-05-15T19:09:23.970172+00:00] main.DEBUG: Add of item with id Magento_Backend::system_other_settings was processed [] []
[2026-05-15T19:09:23.970252+00:00] main.DEBUG: Add of item with id Magento_Config::system_config was processed [] []
[2026-05-15T19:09:23.970333+00:00] main.DEBUG: Add of item with id Magento_User::system_acl was processed [] []
[2026-05-15T19:09:23.970435+00:00] main.DEBUG: Add of item with id Magento_User::system_acl_users was processed [] []
[2026-05-15T19:09:23.970580+00:00] main.DEBUG: Add of item with id Magento_User::system_acl_roles was processed [] []
[2026-05-15T19:09:23.970714+00:00] main.DEBUG: Add of item with id Magento_User::system_acl_locks was processed [] []
[2026-05-15T19:09:23.970851+00:00] main.DEBUG: Add of item with id Magento_Backup::system_tools_backup was processed [] []
[2026-05-15T19:09:23.970984+00:00] main.DEBUG: Add of item with id Magento_Customer::customer was processed [] []
[2026-05-15T19:09:23.971165+00:00] main.DEBUG: Add of item with id Magento_Customer::customer_manage was processed [] []
[2026-05-15T19:09:23.971312+00:00] main.DEBUG: Add of item with id Magento_Customer::customer_online was processed [] []
[2026-05-15T19:09:23.971453+00:00] main.DEBUG: Add of item with id Magento_Customer::customer_group was processed [] []
[2026-05-15T19:09:23.971604+00:00] main.DEBUG: Add of item with id Magento_Indexer::system_index was processed [] []
[2026-05-15T19:09:23.971769+00:00] main.DEBUG: Add of item with id Magento_Variable::system_variable was processed [] []
[2026-05-15T19:09:23.971911+00:00] main.DEBUG: Add of item with id Magento_Cms::cms_page was processed [] []
[2026-05-15T19:09:23.972091+00:00] main.DEBUG: Add of item with id Magento_Cms::cms_block was processed [] []
[2026-05-15T19:09:23.972217+00:00] main.DEBUG: Add of item with id Magento_Integration::system_extensions was processed [] []
[2026-05-15T19:09:23.972333+00:00] main.DEBUG: Add of item with id Magento_Integration::system_integrations was processed [] []
[2026-05-15T19:09:23.972421+00:00] main.DEBUG: Add of item with id Magento_Catalog::catalog was processed [] []
[2026-05-15T19:09:23.972554+00:00] main.DEBUG: Add of item with id Magento_Catalog::catalog_products was processed [] []
[2026-05-15T19:09:23.972646+00:00] main.DEBUG: Add of item with id Magento_Catalog::catalog_categories was processed [] []
[2026-05-15T19:09:23.972750+00:00] main.DEBUG: Add of item with id Magento_Catalog::catalog_attributes_attributes was processed [] []
[2026-05-15T19:09:23.972837+00:00] main.DEBUG: Add of item with id Magento_Catalog::catalog_attributes_sets was processed [] []
[2026-05-15T19:09:23.972939+00:00] main.DEBUG: Add of item with id Magento_Catalog::inventory was processed [] []
[2026-05-15T19:09:23.973025+00:00] main.DEBUG: Add of item with id Magento_CatalogRule::promo was processed [] []
[2026-05-15T19:09:23.973126+00:00] main.DEBUG: Add of item with id Magento_CatalogRule::promo_catalog was processed [] []
[2026-05-15T19:09:23.973228+00:00] main.DEBUG: Add of item with id Magento_Search::search_terms was processed [] []
[2026-05-15T19:09:23.973313+00:00] main.DEBUG: Add of item with id Magento_Search::search_synonyms was processed [] []
[2026-05-15T19:09:23.973484+00:00] main.DEBUG: Add of item with id Magento_MediaGalleryUi::media was processed [] []
[2026-05-15T19:09:23.973600+00:00] main.DEBUG: Add of item with id Magento_MediaGalleryUi::media_gallery was processed [] []
[2026-05-15T19:09:23.973687+00:00] main.DEBUG: Add of item with id Magento_Sales::sales was processed [] []
[2026-05-15T19:09:23.973790+00:00] main.DEBUG: Add of item with id Magento_Sales::sales_operation was processed [] []
[2026-05-15T19:09:23.973895+00:00] main.DEBUG: Add of item with id Magento_Sales::sales_order was processed [] []
[2026-05-15T19:09:23.973989+00:00] main.DEBUG: Add of item with id Magento_Sales::sales_invoice was processed [] []
[2026-05-15T19:09:23.974070+00:00] main.DEBUG: Add of item with id Magento_Sales::sales_shipment was processed [] []
[2026-05-15T19:09:23.974188+00:00] main.DEBUG: Add of item with id Magento_Sales::sales_creditmemo was processed [] []
[2026-05-15T19:09:23.974371+00:00] main.DEBUG: Add of item with id Magento_Sales::sales_transactions was processed [] []
[2026-05-15T19:09:23.974517+00:00] main.DEBUG: Add of item with id Magento_Sales::system_order_statuses was processed [] []
[2026-05-15T19:09:23.974606+00:00] main.DEBUG: Add of item with id Magento_Widget::cms_widget_instance was processed [] []
[2026-05-15T19:09:23.974722+00:00] main.DEBUG: Add of item with id Magento_Analytics::business_intelligence was processed [] []
[2026-05-15T19:09:23.974858+00:00] main.DEBUG: Add of item with id Magento_Analytics::advanced_reporting was processed [] []
[2026-05-15T19:09:23.974945+00:00] main.DEBUG: Add of item with id Magento_Analytics::bi_essentials was processed [] []
[2026-05-15T19:09:23.975049+00:00] main.DEBUG: Add of item with id Magento_Downloadable::report_products_downloads was processed [] []
[2026-05-15T19:09:23.975155+00:00] main.DEBUG: Add of item with id Magento_Newsletter::newsletter_template was processed [] []
[2026-05-15T19:09:23.975242+00:00] main.DEBUG: Add of item with id Magento_Newsletter::newsletter_queue was processed [] []
[2026-05-15T19:09:23.975323+00:00] main.DEBUG: Add of item with id Magento_Newsletter::newsletter_subscriber was processed [] []
[2026-05-15T19:09:23.975424+00:00] main.DEBUG: Add of item with id Magento_Newsletter::newsletter_problem was processed [] []
[2026-05-15T19:09:23.975543+00:00] main.DEBUG: Add of item with id Magento_ImportExport::system_convert_import was processed [] []
[2026-05-15T19:09:23.975630+00:00] main.DEBUG: Add of item with id Magento_ImportExport::system_convert_export was processed [] []
[2026-05-15T19:09:23.975737+00:00] main.DEBUG: Add of item with id Magento_ImportExport::system_convert_history was processed [] []
[2026-05-15T19:09:23.975893+00:00] main.DEBUG: Add of item with id Magento_Email::template was processed [] []
[2026-05-15T19:09:23.976045+00:00] main.DEBUG: Add of item with id Magento_InventoryAdminUi::inventory was processed [] []
[2026-05-15T19:09:23.976243+00:00] main.DEBUG: Add of item with id Magento_InventoryAdminUi::source was processed [] []
[2026-05-15T19:09:23.976399+00:00] main.DEBUG: Add of item with id Magento_InventoryAdminUi::stock was processed [] []
[2026-05-15T19:09:23.976611+00:00] main.DEBUG: Add of item with id Magento_Reports::report was processed [] []
[2026-05-15T19:09:23.976766+00:00] main.DEBUG: Add of item with id Magento_Reports::report_marketing was processed [] []
[2026-05-15T19:09:23.976918+00:00] main.DEBUG: Add of item with id Magento_Reports::report_salesroot was processed [] []
[2026-05-15T19:09:23.977132+00:00] main.DEBUG: Add of item with id Magento_Reports::report_salesroot_sales was processed [] []
[2026-05-15T19:09:23.977293+00:00] main.DEBUG: Add of item with id Magento_Reports::report_salesroot_tax was processed [] []
[2026-05-15T19:09:23.977463+00:00] main.DEBUG: Add of item with id Magento_Reports::report_salesroot_invoiced was processed [] []
[2026-05-15T19:09:23.977619+00:00] main.DEBUG: Add of item with id Magento_Reports::report_salesroot_shipping was processed [] []
[2026-05-15T19:09:23.977761+00:00] main.DEBUG: Add of item with id Magento_Reports::report_salesroot_refunded was processed [] []
[2026-05-15T19:09:23.977901+00:00] main.DEBUG: Add of item with id Magento_Reports::report_salesroot_coupons was processed [] []
[2026-05-15T19:09:23.978060+00:00] main.DEBUG: Add of item with id Magento_Reports::report_shopcart_product was processed [] []
[2026-05-15T19:09:23.978173+00:00] main.DEBUG: Add of item with id Magento_Reports::report_shopcart_abandoned was processed [] []
[2026-05-15T19:09:23.978344+00:00] main.DEBUG: Add of item with id Magento_Reports::report_products was processed [] []
[2026-05-15T19:09:23.978499+00:00] main.DEBUG: Add of item with id Magento_Reports::report_products_bestsellers was processed [] []
[2026-05-15T19:09:23.978656+00:00] main.DEBUG: Add of item with id Magento_Reports::report_products_sold was processed [] []
[2026-05-15T19:09:23.978822+00:00] main.DEBUG: Add of item with id Magento_Reports::report_products_viewed was processed [] []
[2026-05-15T19:09:23.978955+00:00] main.DEBUG: Add of item with id Magento_Reports::report_products_lowstock was processed [] []
[2026-05-15T19:09:23.979069+00:00] main.DEBUG: Add of item with id Magento_Reports::report_customers was processed [] []
[2026-05-15T19:09:23.979412+00:00] main.DEBUG: Add of item with id Magento_Reports::report_customers_accounts was processed [] []
[2026-05-15T19:09:23.979664+00:00] main.DEBUG: Add of item with id Magento_Reports::report_customers_totals was processed [] []
[2026-05-15T19:09:23.979781+00:00] main.DEBUG: Add of item with id Magento_Reports::report_customers_orders was processed [] []
[2026-05-15T19:09:23.979866+00:00] main.DEBUG: Add of item with id Magento_Reports::report_statistics was processed [] []
[2026-05-15T19:09:23.979986+00:00] main.DEBUG: Add of item with id Magento_Reports::report_statistics_refresh was processed [] []
[2026-05-15T19:09:23.980091+00:00] main.DEBUG: Add of item with id Magento_Search::report_search_term was processed [] []
[2026-05-15T19:09:23.980175+00:00] main.DEBUG: Add of item with id Magento_LoginAsCustomerLog::login_log was processed [] []
[2026-05-15T19:09:23.980256+00:00] main.DEBUG: Add of item with id Magento_Marketplace::partners was processed [] []
[2026-05-15T19:09:23.980338+00:00] main.DEBUG: Add of item with id Magento_SalesRule::promo_quote was processed [] []
[2026-05-15T19:09:23.980419+00:00] main.DEBUG: Add of item with id Magento_Sitemap::catalog_sitemap was processed [] []
[2026-05-15T19:09:23.980538+00:00] main.DEBUG: Add of item with id Magento_PageBuilder::templates was processed [] []
[2026-05-15T19:09:23.980624+00:00] main.DEBUG: Add of item with id Magento_PaymentServicesDashboard::paymentservicesdashboard was processed [] []
[2026-05-15T19:09:23.980705+00:00] main.DEBUG: Add of item with id Magento_Paypal::report_salesroot_paypal_settlement_reports was processed [] []
[2026-05-15T19:09:23.980786+00:00] main.DEBUG: Add of item with id Magento_Paypal::paypal_billing_agreement was processed [] []
[2026-05-15T19:09:23.980881+00:00] main.DEBUG: Add of item with id Magento_CheckoutAgreements::sales_checkoutagreement was processed [] []
[2026-05-15T19:09:23.980967+00:00] main.DEBUG: Add of item with id Magento_Review::catalog_reviews_ratings_ratings was processed [] []
[2026-05-15T19:09:23.981076+00:00] main.DEBUG: Add of item with id Magento_Review::catalog_reviews_ratings_pending was processed [] []
[2026-05-15T19:09:23.981163+00:00] main.DEBUG: Add of item with id Magento_Review::catalog_reviews_ratings_reviews_all was processed [] []
[2026-05-15T19:09:23.981245+00:00] main.DEBUG: Add of item with id Magento_Review::report_review was processed [] []
[2026-05-15T19:09:23.981349+00:00] main.DEBUG: Add of item with id Magento_Review::report_review_customer was processed [] []
[2026-05-15T19:09:23.981435+00:00] main.DEBUG: Add of item with id Magento_Review::report_review_product was processed [] []
[2026-05-15T19:09:23.981540+00:00] main.DEBUG: Add of item with id Magento_ServicesId::configuration was processed [] []
[2026-05-15T19:09:23.981647+00:00] main.DEBUG: Add of item with id Magento_ServicesId::services_id was processed [] []
[2026-05-15T19:09:23.981734+00:00] main.DEBUG: Add of item with id Magento_UrlRewrite::urlrewrite was processed [] []
[2026-05-15T19:09:23.981823+00:00] main.DEBUG: Add of item with id Magento_AsynchronousOperations::system_magento_logging was processed [] []
[2026-05-15T19:09:23.981925+00:00] main.DEBUG: Add of item with id Magento_AsynchronousOperations::system_magento_logging_bulk_operations was processed [] []
[2026-05-15T19:09:23.982013+00:00] main.DEBUG: Add of item with id Magento_Tax::sales_tax was processed [] []
[2026-05-15T19:09:23.982116+00:00] main.DEBUG: Add of item with id Magento_Tax::sales_tax_rules was processed [] []
[2026-05-15T19:09:23.982203+00:00] main.DEBUG: Add of item with id Magento_Tax::sales_tax_rates was processed [] []
[2026-05-15T19:09:23.982284+00:00] main.DEBUG: Add of item with id Magento_TaxImportExport::system_convert_tax was processed [] []
[2026-05-15T19:09:23.982365+00:00] main.DEBUG: Add of item with id Magento_CurrencySymbol::system_currency was processed [] []
[2026-05-15T19:09:23.982467+00:00] main.DEBUG: Add of item with id Magento_CurrencySymbol::system_currency_rates was processed [] []
[2026-05-15T19:09:23.982571+00:00] main.DEBUG: Add of item with id Magento_CurrencySymbol::system_currency_symbols was processed [] []
[2026-05-15T19:09:23.982656+00:00] main.DEBUG: Add of item with id PayPal_Braintree::settlement_report was processed [] []
[2026-05-15T19:09:23.982737+00:00] main.DEBUG: Add of item with id PayPal_Braintree::virtual_terminal was processed [] []
[2026-05-15T19:09:26.692301+00:00] main.INFO: Broken reference: the 'notification.messages' tries to reorder itself towards 'user', but their parents are different: 'header.inner.right' and 'header' respectively. [] []
[2026-05-15T19:20:18.112501+00:00] main.INFO: Broken reference: the 'tracking' element cannot be added as child to 'header', because the latter doesn't exist [] []
[2026-05-15T19:20:18.262465+00:00] main.INFO: Broken reference: the 'notification_area' element cannot be added as child to 'notifications', because the latter doesn't exist [] []
[2026-05-15T19:20:18.262807+00:00] main.INFO: Broken reference: the 'unread_system_messages' element cannot be added as child to 'notifications', because the latter doesn't exist [] []
[2026-05-15T19:20:18.263082+00:00] main.INFO: Broken reference: the 'notification_window' element cannot be added as child to 'notifications', because the latter doesn't exist [] []
[2026-05-15T19:20:18.263349+00:00] main.INFO: Broken reference: the 'notification.messages' element cannot be added as child to 'header', because the latter doesn't exist [] []
[2026-05-15T19:20:18.263573+00:00] main.INFO: Broken reference: the 'global_notices' element cannot be added as child to 'global.notices', because the latter doesn't exist [] []
[2026-05-15T19:20:18.263754+00:00] main.INFO: Broken reference: the 'logo' element cannot be added as child to 'header', because the latter doesn't exist [] []
[2026-05-15T19:20:18.263953+00:00] main.INFO: Broken reference: the 'global.search' element cannot be added as child to 'header', because the latter doesn't exist [] []
[2026-05-15T19:20:18.264132+00:00] main.INFO: Broken reference: the 'user' element cannot be added as child to 'header', because the latter doesn't exist [] []
[2026-05-15T19:20:18.264320+00:00] main.INFO: Broken reference: the 'menu' element cannot be added as child to 'page.menu', because the latter doesn't exist [] []
[2026-05-15T19:20:18.264494+00:00] main.INFO: Broken reference: the 'breadcrumbs' element cannot be added as child to 'page.breadcrumbs', because the latter doesn't exist [] []
[2026-05-15T19:20:18.264671+00:00] main.INFO: Broken reference: the 'formkey' element cannot be added as child to 'page.formkey', because the latter doesn't exist [] []
[2026-05-15T19:20:18.264842+00:00] main.INFO: Broken reference: the 'page.title' element cannot be added as child to 'main.top', because the latter doesn't exist [] []
[2026-05-15T19:20:18.265014+00:00] main.INFO: Broken reference: the 'messages' element cannot be added as child to 'page.messages', because the latter doesn't exist [] []
[2026-05-15T19:20:18.265185+00:00] main.INFO: Broken reference: the 'page.actions.toolbar' element cannot be added as child to 'page.main.actions', because the latter doesn't exist [] []
[2026-05-15T19:20:18.265370+00:00] main.INFO: Broken reference: the 'legal' element cannot be added as child to 'footer', because the latter doesn't exist [] []
[2026-05-15T19:20:18.265756+00:00] main.INFO: Broken reference: the 'header.inner.left' element cannot be added as child to 'header', because the latter doesn't exist [] []
[2026-05-15T19:20:18.265945+00:00] main.INFO: Broken reference: the 'header.inner.right' element cannot be added as child to 'header', because the latter doesn't exist [] []
[2026-05-15T19:20:18.266214+00:00] main.INFO: Broken reference: the 'user' tries to reorder itself towards '', but their parents are different: 'header' and '' respectively. [] []
[2026-05-15T19:20:18.266420+00:00] main.INFO: Broken reference: the 'notification.messages' tries to reorder itself towards 'user', but their parents are different: 'header' and '' respectively. [] []
[2026-05-15T19:20:18.266597+00:00] main.INFO: Broken reference: the 'logo' tries to reorder itself towards '', but their parents are different: 'header' and '' respectively. [] []
[2026-05-15T19:20:18.266769+00:00] main.INFO: Broken reference: the 'global.search' tries to reorder itself towards 'logo', but their parents are different: 'header' and '' respectively. [] []
[2026-05-15T19:20:18.266938+00:00] main.INFO: Broken reference: the 'page.actions.toolbar' tries to reorder itself towards '', but their parents are different: 'page.main.actions' and '' respectively. [] []
[2026-05-15T19:20:18.267158+00:00] main.INFO: Broken reference: the 'header.inner.left' tries to reorder itself towards '', but their parents are different: 'header' and '' respectively. [] []
[2026-05-15T19:20:18.267352+00:00] main.INFO: Broken reference: the 'header.inner.right' tries to reorder itself towards 'header.inner.left', but their parents are different: 'header' and '' respectively. [] []
[2026-05-15T19:20:18.267540+00:00] main.INFO: Broken reference: the 'notification.messages' tries to reorder itself towards 'user', but their parents are different: 'header.inner.right' and '' respectively. [] []
[2026-05-15T19:20:31.352758+00:00] main.DEBUG: cache_invalidate:  {"method":"POST","url":"https://magento2.docker/index.php/admin/admin/index/index/key/c45cba7c169d3941fe63bf100591b7ee650302fab5c87447625e9eff104c544a/","invalidateInfo":{"tags":["BACKEND_MAINMENU","MAGE"],"mode":"matchingTag"}} []
[2026-05-15T19:20:31.353116+00:00] main.DEBUG: cache_invalidate:  {"method":"POST","url":"https://magento2.docker/index.php/admin/admin/index/index/key/c45cba7c169d3941fe63bf100591b7ee650302fab5c87447625e9eff104c544a/","invalidateInfo":{"tags":["BACKEND_MAINMENU"],"mode":"matchingAnyTag"}} []
[2026-05-15T19:20:31.605148+00:00] main.DEBUG: cache_invalidate:  {"method":"POST","url":"https://magento2.docker/index.php/admin/admin/index/index/key/c45cba7c169d3941fe63bf100591b7ee650302fab5c87447625e9eff104c544a/","invalidateInfo":{"tags":["PB_EDITOR_CONFIG","CONFIG","MAGE"],"mode":"matchingTag"}} []
[2026-05-15T19:20:31.605488+00:00] main.DEBUG: cache_invalidate:  {"method":"POST","url":"https://magento2.docker/index.php/admin/admin/index/index/key/c45cba7c169d3941fe63bf100591b7ee650302fab5c87447625e9eff104c544a/","invalidateInfo":{"tags":["PB_EDITOR_CONFIG","CONFIG"],"mode":"matchingTag"}} []
[2026-05-15T19:20:32.374001+00:00] main.INFO: Broken reference: the 'notification.messages' tries to reorder itself towards 'user', but their parents are different: 'header.inner.right' and 'header' respectively. [] []
[2026-05-15T19:21:13.561043+00:00] main.INFO: Broken reference: the 'notification.messages' tries to reorder itself towards 'user', but their parents are different: 'header.inner.right' and 'header' respectively. [] []
[2026-05-15T19:22:12.016188+00:00] main.INFO: Broken reference: the 'catalog.compare.sidebar' element cannot be added as child to 'sidebar.additional', because the latter doesn't exist [] []
[2026-05-15T19:22:12.016890+00:00] main.INFO: Broken reference: the 'sale.reorder.sidebar' element cannot be added as child to 'sidebar.additional', because the latter doesn't exist [] []
[2026-05-15T19:22:12.017700+00:00] main.INFO: Broken reference: the 'wishlist_sidebar' element cannot be added as child to 'sidebar.additional', because the latter doesn't exist [] []
[2026-05-15T19:22:12.018042+00:00] main.INFO: Broken reference: the 'paypal.partner.right.logo' element cannot be added as child to 'sidebar.additional', because the latter doesn't exist [] []
[2026-05-15T19:22:12.018207+00:00] main.INFO: Broken reference: the 'bml.right.logo' element cannot be added as child to 'sidebar.additional', because the latter doesn't exist [] []
[2026-05-15T19:22:12.018390+00:00] main.INFO: Broken reference: the 'sidebar.container.paylater' element cannot be added as child to 'sidebar.additional', because the latter doesn't exist [] []
[2026-05-17T23:52:16.431112+00:00] main.INFO: Broken reference: the 'tracking' element cannot be added as child to 'header', because the latter doesn't exist [] []
[2026-05-17T23:52:16.547366+00:00] main.INFO: Broken reference: the 'notification_area' element cannot be added as child to 'notifications', because the latter doesn't exist [] []
[2026-05-17T23:52:16.548169+00:00] main.INFO: Broken reference: the 'unread_system_messages' element cannot be added as child to 'notifications', because the latter doesn't exist [] []
[2026-05-17T23:52:16.548579+00:00] main.INFO: Broken reference: the 'notification_window' element cannot be added as child to 'notifications', because the latter doesn't exist [] []
[2026-05-17T23:52:16.548884+00:00] main.INFO: Broken reference: the 'notification.messages' element cannot be added as child to 'header', because the latter doesn't exist [] []
[2026-05-17T23:52:16.549236+00:00] main.INFO: Broken reference: the 'global_notices' element cannot be added as child to 'global.notices', because the latter doesn't exist [] []
[2026-05-17T23:52:16.550023+00:00] main.INFO: Broken reference: the 'logo' element cannot be added as child to 'header', because the latter doesn't exist [] []
[2026-05-17T23:52:16.550761+00:00] main.INFO: Broken reference: the 'global.search' element cannot be added as child to 'header', because the latter doesn't exist [] []
[2026-05-17T23:52:16.550999+00:00] main.INFO: Broken reference: the 'user' element cannot be added as child to 'header', because the latter doesn't exist [] []
[2026-05-17T23:52:16.551239+00:00] main.INFO: Broken reference: the 'menu' element cannot be added as child to 'page.menu', because the latter doesn't exist [] []
[2026-05-17T23:52:16.551420+00:00] main.INFO: Broken reference: the 'breadcrumbs' element cannot be added as child to 'page.breadcrumbs', because the latter doesn't exist [] []
[2026-05-17T23:52:16.551625+00:00] main.INFO: Broken reference: the 'formkey' element cannot be added as child to 'page.formkey', because the latter doesn't exist [] []
[2026-05-17T23:52:16.551803+00:00] main.INFO: Broken reference: the 'page.title' element cannot be added as child to 'main.top', because the latter doesn't exist [] []
[2026-05-17T23:52:16.551976+00:00] main.INFO: Broken reference: the 'messages' element cannot be added as child to 'page.messages', because the latter doesn't exist [] []
[2026-05-17T23:52:16.552168+00:00] main.INFO: Broken reference: the 'page.actions.toolbar' element cannot be added as child to 'page.main.actions', because the latter doesn't exist [] []
[2026-05-17T23:52:16.552359+00:00] main.INFO: Broken reference: the 'legal' element cannot be added as child to 'footer', because the latter doesn't exist [] []
[2026-05-17T23:52:16.552701+00:00] main.INFO: Broken reference: the 'header.inner.left' element cannot be added as child to 'header', because the latter doesn't exist [] []
[2026-05-17T23:52:16.552890+00:00] main.INFO: Broken reference: the 'header.inner.right' element cannot be added as child to 'header', because the latter doesn't exist [] []
[2026-05-17T23:52:16.553178+00:00] main.INFO: Broken reference: the 'user' tries to reorder itself towards '', but their parents are different: 'header' and '' respectively. [] []
[2026-05-17T23:52:16.553384+00:00] main.INFO: Broken reference: the 'notification.messages' tries to reorder itself towards 'user', but their parents are different: 'header' and '' respectively. [] []
[2026-05-17T23:52:16.553571+00:00] main.INFO: Broken reference: the 'logo' tries to reorder itself towards '', but their parents are different: 'header' and '' respectively. [] []
[2026-05-17T23:52:16.553744+00:00] main.INFO: Broken reference: the 'global.search' tries to reorder itself towards 'logo', but their parents are different: 'header' and '' respectively. [] []
[2026-05-17T23:52:16.553916+00:00] main.INFO: Broken reference: the 'page.actions.toolbar' tries to reorder itself towards '', but their parents are different: 'page.main.actions' and '' respectively. [] []
[2026-05-17T23:52:16.554198+00:00] main.INFO: Broken reference: the 'header.inner.left' tries to reorder itself towards '', but their parents are different: 'header' and '' respectively. [] []
[2026-05-17T23:52:16.554388+00:00] main.INFO: Broken reference: the 'header.inner.right' tries to reorder itself towards 'header.inner.left', but their parents are different: 'header' and '' respectively. [] []
[2026-05-17T23:52:16.554579+00:00] main.INFO: Broken reference: the 'notification.messages' tries to reorder itself towards 'user', but their parents are different: 'header.inner.right' and '' respectively. [] []
[2026-05-17T23:53:01.149390+00:00] main.DEBUG: cache_invalidate:  {"method":"POST","url":"https://magento2.docker/index.php/admin/admin/index/index/key/b25c749b03645c975480109c59f8244fd4585b82f7330c9a79ae6a228710257d/","invalidateInfo":{"tags":["BACKEND_MAINMENU","MAGE"],"mode":"matchingTag"}} []
[2026-05-17T23:53:01.149802+00:00] main.DEBUG: cache_invalidate:  {"method":"POST","url":"https://magento2.docker/index.php/admin/admin/index/index/key/b25c749b03645c975480109c59f8244fd4585b82f7330c9a79ae6a228710257d/","invalidateInfo":{"tags":["BACKEND_MAINMENU"],"mode":"matchingAnyTag"}} []
[2026-05-17T23:53:02.189522+00:00] main.DEBUG: cache_invalidate:  {"method":"POST","url":"https://magento2.docker/index.php/admin/admin/index/index/key/b25c749b03645c975480109c59f8244fd4585b82f7330c9a79ae6a228710257d/","invalidateInfo":{"tags":["PB_EDITOR_CONFIG","CONFIG","MAGE"],"mode":"matchingTag"}} []
[2026-05-17T23:53:02.189863+00:00] main.DEBUG: cache_invalidate:  {"method":"POST","url":"https://magento2.docker/index.php/admin/admin/index/index/key/b25c749b03645c975480109c59f8244fd4585b82f7330c9a79ae6a228710257d/","invalidateInfo":{"tags":["PB_EDITOR_CONFIG","CONFIG"],"mode":"matchingTag"}} []
[2026-05-17T23:53:02.292020+00:00] main.DEBUG: Item Magento_Backend::system_currency was removed [] []
[2026-05-17T23:53:02.365381+00:00] main.DEBUG: Add of item with id Magento_AdminNotification::system_adminnotification was processed [] []
[2026-05-17T23:53:02.366175+00:00] main.DEBUG: Add of item with id Magento_Theme::design_config was processed [] []
[2026-05-17T23:53:02.366397+00:00] main.DEBUG: Add of item with id Magento_Theme::system_design_theme was processed [] []
[2026-05-17T23:53:02.366532+00:00] main.DEBUG: Add of item with id Magento_Backend::system_design_schedule was processed [] []
[2026-05-17T23:53:02.366716+00:00] main.DEBUG: Add of item with id Magento_Backend::system_store was processed [] []
[2026-05-17T23:53:02.366835+00:00] main.DEBUG: Add of item with id Magento_Backend::dashboard was processed [] []
[2026-05-17T23:53:02.366943+00:00] main.DEBUG: Add of item with id Magento_Backend::system was processed [] []
[2026-05-17T23:53:02.367084+00:00] main.DEBUG: Add of item with id Magento_Backend::system_tools was processed [] []
[2026-05-17T23:53:02.367247+00:00] main.DEBUG: Add of item with id Magento_Backend::system_design was processed [] []
[2026-05-17T23:53:02.367360+00:00] main.DEBUG: Add of item with id Magento_Backend::system_convert was processed [] []
[2026-05-17T23:53:02.367516+00:00] main.DEBUG: Add of item with id Magento_Backend::system_cache was processed [] []
[2026-05-17T23:53:02.367627+00:00] main.DEBUG: Add of item with id Magento_Backend::marketing was processed [] []
[2026-05-17T23:53:02.367764+00:00] main.DEBUG: Add of item with id Magento_Backend::marketing_communications was processed [] []
[2026-05-17T23:53:02.367875+00:00] main.DEBUG: Add of item with id Magento_Backend::marketing_seo was processed [] []
[2026-05-17T23:53:02.367979+00:00] main.DEBUG: Add of item with id Magento_Backend::marketing_user_content was processed [] []
[2026-05-17T23:53:02.368081+00:00] main.DEBUG: Add of item with id Magento_Backend::content was processed [] []
[2026-05-17T23:53:02.368192+00:00] main.DEBUG: Add of item with id Magento_Backend::content_elements was processed [] []
[2026-05-17T23:53:02.368294+00:00] main.DEBUG: Add of item with id Magento_Backend::stores was processed [] []
[2026-05-17T23:53:02.368430+00:00] main.DEBUG: Add of item with id Magento_Backend::stores_settings was processed [] []
[2026-05-17T23:53:02.368538+00:00] main.DEBUG: Add of item with id Magento_Backend::stores_attributes was processed [] []
[2026-05-17T23:53:02.368641+00:00] main.DEBUG: Add of item with id Magento_Backend::other_settings was processed [] []
[2026-05-17T23:53:02.368743+00:00] main.DEBUG: Add of item with id Magento_Backend::system_other_settings was processed [] []
[2026-05-17T23:53:02.368846+00:00] main.DEBUG: Add of item with id Magento_Config::system_config was processed [] []
[2026-05-17T23:53:02.368948+00:00] main.DEBUG: Add of item with id Magento_User::system_acl was processed [] []
[2026-05-17T23:53:02.369082+00:00] main.DEBUG: Add of item with id Magento_User::system_acl_users was processed [] []
[2026-05-17T23:53:02.369198+00:00] main.DEBUG: Add of item with id Magento_User::system_acl_roles was processed [] []
[2026-05-17T23:53:02.369301+00:00] main.DEBUG: Add of item with id Magento_User::system_acl_locks was processed [] []
[2026-05-17T23:53:02.369403+00:00] main.DEBUG: Add of item with id Magento_Backup::system_tools_backup was processed [] []
[2026-05-17T23:53:02.369504+00:00] main.DEBUG: Add of item with id Magento_Customer::customer was processed [] []
[2026-05-17T23:53:02.369638+00:00] main.DEBUG: Add of item with id Magento_Customer::customer_manage was processed [] []
[2026-05-17T23:53:02.369746+00:00] main.DEBUG: Add of item with id Magento_Customer::customer_online was processed [] []
[2026-05-17T23:53:02.369849+00:00] main.DEBUG: Add of item with id Magento_Customer::customer_group was processed [] []
[2026-05-17T23:53:02.369951+00:00] main.DEBUG: Add of item with id Magento_Indexer::system_index was processed [] []
[2026-05-17T23:53:02.370053+00:00] main.DEBUG: Add of item with id Magento_Variable::system_variable was processed [] []
[2026-05-17T23:53:02.370219+00:00] main.DEBUG: Add of item with id Magento_Cms::cms_page was processed [] []
[2026-05-17T23:53:02.370344+00:00] main.DEBUG: Add of item with id Magento_Cms::cms_block was processed [] []
[2026-05-17T23:53:02.370450+00:00] main.DEBUG: Add of item with id Magento_Integration::system_extensions was processed [] []
[2026-05-17T23:53:02.370583+00:00] main.DEBUG: Add of item with id Magento_Integration::system_integrations was processed [] []
[2026-05-17T23:53:02.370691+00:00] main.DEBUG: Add of item with id Magento_Catalog::catalog was processed [] []
[2026-05-17T23:53:02.370824+00:00] main.DEBUG: Add of item with id Magento_Catalog::catalog_products was processed [] []
[2026-05-17T23:53:02.370933+00:00] main.DEBUG: Add of item with id Magento_Catalog::catalog_categories was processed [] []
[2026-05-17T23:53:02.371066+00:00] main.DEBUG: Add of item with id Magento_Catalog::catalog_attributes_attributes was processed [] []
[2026-05-17T23:53:02.371191+00:00] main.DEBUG: Add of item with id Magento_Catalog::catalog_attributes_sets was processed [] []
[2026-05-17T23:53:02.371325+00:00] main.DEBUG: Add of item with id Magento_Catalog::inventory was processed [] []
[2026-05-17T23:53:02.371434+00:00] main.DEBUG: Add of item with id Magento_CatalogRule::promo was processed [] []
[2026-05-17T23:53:02.371565+00:00] main.DEBUG: Add of item with id Magento_CatalogRule::promo_catalog was processed [] []
[2026-05-17T23:53:02.371699+00:00] main.DEBUG: Add of item with id Magento_Search::search_terms was processed [] []
[2026-05-17T23:53:02.371806+00:00] main.DEBUG: Add of item with id Magento_Search::search_synonyms was processed [] []
[2026-05-17T23:53:02.371909+00:00] main.DEBUG: Add of item with id Magento_MediaGalleryUi::media was processed [] []
[2026-05-17T23:53:02.372040+00:00] main.DEBUG: Add of item with id Magento_MediaGalleryUi::media_gallery was processed [] []
[2026-05-17T23:53:02.372164+00:00] main.DEBUG: Add of item with id Magento_Sales::sales was processed [] []
[2026-05-17T23:53:02.372298+00:00] main.DEBUG: Add of item with id Magento_Sales::sales_operation was processed [] []
[2026-05-17T23:53:02.372436+00:00] main.DEBUG: Add of item with id Magento_Sales::sales_order was processed [] []
[2026-05-17T23:53:02.372544+00:00] main.DEBUG: Add of item with id Magento_Sales::sales_invoice was processed [] []
[2026-05-17T23:53:02.372647+00:00] main.DEBUG: Add of item with id Magento_Sales::sales_shipment was processed [] []
[2026-05-17T23:53:02.372763+00:00] main.DEBUG: Add of item with id Magento_Sales::sales_creditmemo was processed [] []
[2026-05-17T23:53:02.372904+00:00] main.DEBUG: Add of item with id Magento_Sales::sales_transactions was processed [] []
[2026-05-17T23:53:02.373054+00:00] main.DEBUG: Add of item with id Magento_Sales::system_order_statuses was processed [] []
[2026-05-17T23:53:02.373261+00:00] main.DEBUG: Add of item with id Magento_Widget::cms_widget_instance was processed [] []
[2026-05-17T23:53:02.373522+00:00] main.DEBUG: Add of item with id Magento_Analytics::business_intelligence was processed [] []
[2026-05-17T23:53:02.373769+00:00] main.DEBUG: Add of item with id Magento_Analytics::advanced_reporting was processed [] []
[2026-05-17T23:53:02.373963+00:00] main.DEBUG: Add of item with id Magento_Analytics::bi_essentials was processed [] []
[2026-05-17T23:53:02.374216+00:00] main.DEBUG: Add of item with id Magento_Downloadable::report_products_downloads was processed [] []
[2026-05-17T23:53:02.374459+00:00] main.DEBUG: Add of item with id Magento_Newsletter::newsletter_template was processed [] []
[2026-05-17T23:53:02.374652+00:00] main.DEBUG: Add of item with id Magento_Newsletter::newsletter_queue was processed [] []
[2026-05-17T23:53:02.374842+00:00] main.DEBUG: Add of item with id Magento_Newsletter::newsletter_subscriber was processed [] []
[2026-05-17T23:53:02.375078+00:00] main.DEBUG: Add of item with id Magento_Newsletter::newsletter_problem was processed [] []
[2026-05-17T23:53:02.375329+00:00] main.DEBUG: Add of item with id Magento_ImportExport::system_convert_import was processed [] []
[2026-05-17T23:53:02.375522+00:00] main.DEBUG: Add of item with id Magento_ImportExport::system_convert_export was processed [] []
[2026-05-17T23:53:02.375730+00:00] main.DEBUG: Add of item with id Magento_ImportExport::system_convert_history was processed [] []
[2026-05-17T23:53:02.375922+00:00] main.DEBUG: Add of item with id Magento_Email::template was processed [] []
[2026-05-17T23:53:02.376116+00:00] main.DEBUG: Add of item with id Magento_InventoryAdminUi::inventory was processed [] []
[2026-05-17T23:53:02.376259+00:00] main.DEBUG: Add of item with id Magento_InventoryAdminUi::source was processed [] []
[2026-05-17T23:53:02.376368+00:00] main.DEBUG: Add of item with id Magento_InventoryAdminUi::stock was processed [] []
[2026-05-17T23:53:02.376471+00:00] main.DEBUG: Add of item with id Magento_Reports::report was processed [] []
[2026-05-17T23:53:02.376574+00:00] main.DEBUG: Add of item with id Magento_Reports::report_marketing was processed [] []
[2026-05-17T23:53:02.376676+00:00] main.DEBUG: Add of item with id Magento_Reports::report_salesroot was processed [] []
[2026-05-17T23:53:02.376814+00:00] main.DEBUG: Add of item with id Magento_Reports::report_salesroot_sales was processed [] []
[2026-05-17T23:53:02.376922+00:00] main.DEBUG: Add of item with id Magento_Reports::report_salesroot_tax was processed [] []
[2026-05-17T23:53:02.377025+00:00] main.DEBUG: Add of item with id Magento_Reports::report_salesroot_invoiced was processed [] []
[2026-05-17T23:53:02.377176+00:00] main.DEBUG: Add of item with id Magento_Reports::report_salesroot_shipping was processed [] []
[2026-05-17T23:53:02.377287+00:00] main.DEBUG: Add of item with id Magento_Reports::report_salesroot_refunded was processed [] []
[2026-05-17T23:53:02.377390+00:00] main.DEBUG: Add of item with id Magento_Reports::report_salesroot_coupons was processed [] []
[2026-05-17T23:53:02.377493+00:00] main.DEBUG: Add of item with id Magento_Reports::report_shopcart_product was processed [] []
[2026-05-17T23:53:02.377595+00:00] main.DEBUG: Add of item with id Magento_Reports::report_shopcart_abandoned was processed [] []
[2026-05-17T23:53:02.377696+00:00] main.DEBUG: Add of item with id Magento_Reports::report_products was processed [] []
[2026-05-17T23:53:02.377797+00:00] main.DEBUG: Add of item with id Magento_Reports::report_products_bestsellers was processed [] []
[2026-05-17T23:53:02.377900+00:00] main.DEBUG: Add of item with id Magento_Reports::report_products_sold was processed [] []
[2026-05-17T23:53:02.378026+00:00] main.DEBUG: Add of item with id Magento_Reports::report_products_viewed was processed [] []
[2026-05-17T23:53:02.378158+00:00] main.DEBUG: Add of item with id Magento_Reports::report_products_lowstock was processed [] []
[2026-05-17T23:53:02.378270+00:00] main.DEBUG: Add of item with id Magento_Reports::report_customers was processed [] []
[2026-05-17T23:53:02.378491+00:00] main.DEBUG: Add of item with id Magento_Reports::report_customers_accounts was processed [] []
[2026-05-17T23:53:02.378726+00:00] main.DEBUG: Add of item with id Magento_Reports::report_customers_totals was processed [] []
[2026-05-17T23:53:02.378879+00:00] main.DEBUG: Add of item with id Magento_Reports::report_customers_orders was processed [] []
[2026-05-17T23:53:02.378995+00:00] main.DEBUG: Add of item with id Magento_Reports::report_statistics was processed [] []
[2026-05-17T23:53:02.379162+00:00] main.DEBUG: Add of item with id Magento_Reports::report_statistics_refresh was processed [] []
[2026-05-17T23:53:02.379275+00:00] main.DEBUG: Add of item with id Magento_Search::report_search_term was processed [] []
[2026-05-17T23:53:02.379379+00:00] main.DEBUG: Add of item with id Magento_LoginAsCustomerLog::login_log was processed [] []
[2026-05-17T23:53:02.379481+00:00] main.DEBUG: Add of item with id Magento_Marketplace::partners was processed [] []
[2026-05-17T23:53:02.379583+00:00] main.DEBUG: Add of item with id Magento_SalesRule::promo_quote was processed [] []
[2026-05-17T23:53:02.379685+00:00] main.DEBUG: Add of item with id Magento_Sitemap::catalog_sitemap was processed [] []
[2026-05-17T23:53:02.379816+00:00] main.DEBUG: Add of item with id Magento_PageBuilder::templates was processed [] []
[2026-05-17T23:53:02.379918+00:00] main.DEBUG: Add of item with id Magento_PaymentServicesDashboard::paymentservicesdashboard was processed [] []
[2026-05-17T23:53:02.380020+00:00] main.DEBUG: Add of item with id Magento_Paypal::report_salesroot_paypal_settlement_reports was processed [] []
[2026-05-17T23:53:02.380132+00:00] main.DEBUG: Add of item with id Magento_Paypal::paypal_billing_agreement was processed [] []
[2026-05-17T23:53:02.380236+00:00] main.DEBUG: Add of item with id Magento_CheckoutAgreements::sales_checkoutagreement was processed [] []
[2026-05-17T23:53:02.380338+00:00] main.DEBUG: Add of item with id Magento_Review::catalog_reviews_ratings_ratings was processed [] []
[2026-05-17T23:53:02.380474+00:00] main.DEBUG: Add of item with id Magento_Review::catalog_reviews_ratings_pending was processed [] []
[2026-05-17T23:53:02.380583+00:00] main.DEBUG: Add of item with id Magento_Review::catalog_reviews_ratings_reviews_all was processed [] []
[2026-05-17T23:53:02.380687+00:00] main.DEBUG: Add of item with id Magento_Review::report_review was processed [] []
[2026-05-17T23:53:02.380820+00:00] main.DEBUG: Add of item with id Magento_Review::report_review_customer was processed [] []
[2026-05-17T23:53:02.380946+00:00] main.DEBUG: Add of item with id Magento_Review::report_review_product was processed [] []
[2026-05-17T23:53:02.381088+00:00] main.DEBUG: Add of item with id Magento_ServicesId::configuration was processed [] []
[2026-05-17T23:53:02.381326+00:00] main.DEBUG: Add of item with id Magento_ServicesId::services_id was processed [] []
[2026-05-17T23:53:02.381445+00:00] main.DEBUG: Add of item with id Magento_UrlRewrite::urlrewrite was processed [] []
[2026-05-17T23:53:02.381558+00:00] main.DEBUG: Add of item with id Magento_AsynchronousOperations::system_magento_logging was processed [] []
[2026-05-17T23:53:02.381695+00:00] main.DEBUG: Add of item with id Magento_AsynchronousOperations::system_magento_logging_bulk_operations was processed [] []
[2026-05-17T23:53:02.381805+00:00] main.DEBUG: Add of item with id Magento_Tax::sales_tax was processed [] []
[2026-05-17T23:53:02.381940+00:00] main.DEBUG: Add of item with id Magento_Tax::sales_tax_rules was processed [] []
[2026-05-17T23:53:02.382047+00:00] main.DEBUG: Add of item with id Magento_Tax::sales_tax_rates was processed [] []
[2026-05-17T23:53:02.382171+00:00] main.DEBUG: Add of item with id Magento_TaxImportExport::system_convert_tax was processed [] []
[2026-05-17T23:53:02.382274+00:00] main.DEBUG: Add of item with id Magento_CurrencySymbol::system_currency was processed [] []
[2026-05-17T23:53:02.382422+00:00] main.DEBUG: Add of item with id Magento_CurrencySymbol::system_currency_rates was processed [] []
[2026-05-17T23:53:02.382530+00:00] main.DEBUG: Add of item with id Magento_CurrencySymbol::system_currency_symbols was processed [] []
[2026-05-17T23:53:02.382633+00:00] main.DEBUG: Add of item with id PayPal_Braintree::settlement_report was processed [] []
[2026-05-17T23:53:02.382735+00:00] main.DEBUG: Add of item with id PayPal_Braintree::virtual_terminal was processed [] []
[2026-05-17T23:53:04.376868+00:00] main.INFO: Broken reference: the 'notification.messages' tries to reorder itself towards 'user', but their parents are different: 'header.inner.right' and 'header' respectively. [] []
[2026-05-17T23:53:16.021334+00:00] main.INFO: Broken reference: the 'notification.messages' tries to reorder itself towards 'user', but their parents are different: 'header.inner.right' and 'header' respectively. [] []
[2026-05-18T00:34:38.040687+00:00] main.INFO: Broken reference: the 'tracking' element cannot be added as child to 'header', because the latter doesn't exist [] []
[2026-05-18T00:34:38.041292+00:00] main.INFO: Broken reference: the 'notification_area' element cannot be added as child to 'notifications', because the latter doesn't exist [] []
[2026-05-18T00:34:38.041503+00:00] main.INFO: Broken reference: the 'unread_system_messages' element cannot be added as child to 'notifications', because the latter doesn't exist [] []
[2026-05-18T00:34:38.041707+00:00] main.INFO: Broken reference: the 'notification_window' element cannot be added as child to 'notifications', because the latter doesn't exist [] []
[2026-05-18T00:34:38.041891+00:00] main.INFO: Broken reference: the 'notification.messages' element cannot be added as child to 'header', because the latter doesn't exist [] []
[2026-05-18T00:34:38.042098+00:00] main.INFO: Broken reference: the 'global_notices' element cannot be added as child to 'global.notices', because the latter doesn't exist [] []
[2026-05-18T00:34:38.042287+00:00] main.INFO: Broken reference: the 'logo' element cannot be added as child to 'header', because the latter doesn't exist [] []
[2026-05-18T00:34:38.042464+00:00] main.INFO: Broken reference: the 'global.search' element cannot be added as child to 'header', because the latter doesn't exist [] []
[2026-05-18T00:34:38.042639+00:00] main.INFO: Broken reference: the 'user' element cannot be added as child to 'header', because the latter doesn't exist [] []
[2026-05-18T00:34:38.042866+00:00] main.INFO: Broken reference: the 'menu' element cannot be added as child to 'page.menu', because the latter doesn't exist [] []
[2026-05-18T00:34:38.043184+00:00] main.INFO: Broken reference: the 'breadcrumbs' element cannot be added as child to 'page.breadcrumbs', because the latter doesn't exist [] []
[2026-05-18T00:34:38.043493+00:00] main.INFO: Broken reference: the 'formkey' element cannot be added as child to 'page.formkey', because the latter doesn't exist [] []
[2026-05-18T00:34:38.043741+00:00] main.INFO: Broken reference: the 'page.title' element cannot be added as child to 'main.top', because the latter doesn't exist [] []
[2026-05-18T00:34:38.043962+00:00] main.INFO: Broken reference: the 'messages' element cannot be added as child to 'page.messages', because the latter doesn't exist [] []
[2026-05-18T00:34:38.044173+00:00] main.INFO: Broken reference: the 'page.actions.toolbar' element cannot be added as child to 'page.main.actions', because the latter doesn't exist [] []
[2026-05-18T00:34:38.044370+00:00] main.INFO: Broken reference: the 'legal' element cannot be added as child to 'footer', because the latter doesn't exist [] []
[2026-05-18T00:34:38.044925+00:00] main.INFO: Broken reference: the 'header.inner.left' element cannot be added as child to 'header', because the latter doesn't exist [] []
[2026-05-18T00:34:38.045162+00:00] main.INFO: Broken reference: the 'header.inner.right' element cannot be added as child to 'header', because the latter doesn't exist [] []
[2026-05-18T00:34:38.045510+00:00] main.INFO: Broken reference: the 'user' tries to reorder itself towards '', but their parents are different: 'header' and '' respectively. [] []
[2026-05-18T00:34:38.045795+00:00] main.INFO: Broken reference: the 'notification.messages' tries to reorder itself towards 'user', but their parents are different: 'header' and '' respectively. [] []
[2026-05-18T00:34:38.045984+00:00] main.INFO: Broken reference: the 'logo' tries to reorder itself towards '', but their parents are different: 'header' and '' respectively. [] []
[2026-05-18T00:34:38.046198+00:00] main.INFO: Broken reference: the 'global.search' tries to reorder itself towards 'logo', but their parents are different: 'header' and '' respectively. [] []
[2026-05-18T00:34:38.046545+00:00] main.INFO: Broken reference: the 'page.actions.toolbar' tries to reorder itself towards '', but their parents are different: 'page.main.actions' and '' respectively. [] []
[2026-05-18T00:34:38.046985+00:00] main.INFO: Broken reference: the 'header.inner.left' tries to reorder itself towards '', but their parents are different: 'header' and '' respectively. [] []
[2026-05-18T00:34:38.047323+00:00] main.INFO: Broken reference: the 'header.inner.right' tries to reorder itself towards 'header.inner.left', but their parents are different: 'header' and '' respectively. [] []
[2026-05-18T00:34:38.047520+00:00] main.INFO: Broken reference: the 'notification.messages' tries to reorder itself towards 'user', but their parents are different: 'header.inner.right' and '' respectively. [] []
[2026-05-18T00:34:44.244712+00:00] main.DEBUG: URI '/index.php/admin/customer/index/index/key/733f012b8230e5c52245836e8e4b6e6fbc82b542f60f5f4dc50b80629eb70504/'' cannot be accessed with POST method (Magento\Customer\Controller\Adminhtml\Index\Index) [] []
[2026-05-18T00:34:44.382947+00:00] main.DEBUG: Request validation failed for action "Magento\Customer\Controller\Adminhtml\Index\Index\Interceptor" {"exception":"[object] (Magento\\Framework\\App\\Request\\InvalidRequestException(code: 0): Invalid request received at /app/vendor/magento/framework/App/Request/HttpMethodValidator.php:69)"} []
[2026-05-18T00:34:44.551903+00:00] main.DEBUG: cache_invalidate:  {"method":"POST","url":"https://magento2.docker/index.php/admin/customer/index/index/key/733f012b8230e5c52245836e8e4b6e6fbc82b542f60f5f4dc50b80629eb70504/","invalidateInfo":{"tags":["BACKEND_MAINMENU","MAGE"],"mode":"matchingTag"}} []
[2026-05-18T00:34:44.552278+00:00] main.DEBUG: cache_invalidate:  {"method":"POST","url":"https://magento2.docker/index.php/admin/customer/index/index/key/733f012b8230e5c52245836e8e4b6e6fbc82b542f60f5f4dc50b80629eb70504/","invalidateInfo":{"tags":["BACKEND_MAINMENU"],"mode":"matchingAnyTag"}} []
[2026-05-18T00:34:44.575142+00:00] main.DEBUG: cache_invalidate:  {"method":"POST","url":"https://magento2.docker/index.php/admin/customer/index/index/key/733f012b8230e5c52245836e8e4b6e6fbc82b542f60f5f4dc50b80629eb70504/","invalidateInfo":{"tags":["PB_EDITOR_CONFIG","CONFIG","MAGE"],"mode":"matchingTag"}} []
[2026-05-18T00:34:44.575368+00:00] main.DEBUG: cache_invalidate:  {"method":"POST","url":"https://magento2.docker/index.php/admin/customer/index/index/key/733f012b8230e5c52245836e8e4b6e6fbc82b542f60f5f4dc50b80629eb70504/","invalidateInfo":{"tags":["PB_EDITOR_CONFIG","CONFIG"],"mode":"matchingTag"}} []
[2026-05-18T00:34:44.788646+00:00] main.INFO: Broken reference: the 'notification.messages' tries to reorder itself towards 'user', but their parents are different: 'header.inner.right' and 'header' respectively. [] []
[2026-05-18T00:34:50.157790+00:00] main.INFO: Broken reference: the 'notification.messages' tries to reorder itself towards 'user', but their parents are different: 'header.inner.right' and 'header' respectively. [] []
[2026-05-18T00:35:11.157834+00:00] main.INFO: Broken reference: the 'notification.messages' tries to reorder itself towards 'user', but their parents are different: 'header.inner.right' and 'header' respectively. [] []
[2026-05-18T00:35:27.561105+00:00] main.INFO: Broken reference: the 'notification.messages' tries to reorder itself towards 'user', but their parents are different: 'header.inner.right' and 'header' respectively. [] []
[2026-05-18T00:35:38.315776+00:00] main.INFO: Broken reference: the 'notification.messages' tries to reorder itself towards 'user', but their parents are different: 'header.inner.right' and 'header' respectively. [] []
[2026-05-18T00:35:57.732840+00:00] main.INFO: Broken reference: the 'notification.messages' tries to reorder itself towards 'user', but their parents are different: 'header.inner.right' and 'header' respectively. [] []
[2026-05-18T00:36:40.142419+00:00] main.INFO: Broken reference: the 'notification.messages' tries to reorder itself towards 'user', but their parents are different: 'header.inner.right' and 'header' respectively. [] []
[2026-05-18T00:36:47.222756+00:00] main.INFO: Broken reference: the 'notification.messages' tries to reorder itself towards 'user', but their parents are different: 'header.inner.right' and 'header' respectively. [] []
[2026-05-18T00:37:03.894668+00:00] main.INFO: Broken reference: the 'notification.messages' tries to reorder itself towards 'user', but their parents are different: 'header.inner.right' and 'header' respectively. [] []
[2026-05-18T00:37:29.742910+00:00] main.INFO: Broken reference: the 'notification.messages' tries to reorder itself towards 'user', but their parents are different: 'header.inner.right' and 'header' respectively. [] []
[2026-05-18T00:37:40.263398+00:00] main.INFO: Broken reference: the 'notification.messages' tries to reorder itself towards 'user', but their parents are different: 'header.inner.right' and 'header' respectively. [] []
[2026-05-18T00:37:41.397984+00:00] main.ERROR: Unable to resolve the source file for 'adminhtml/Magento/backend/en_US/jquery/fileUploader/jquery.fileupload-ui.js' [] []
[2026-05-18T00:37:41.398376+00:00] main.CRITICAL: Unable to resolve the source file for 'adminhtml/Magento/backend/en_US/jquery/fileUploader/jquery.fileupload-ui.js' [] []
[2026-05-18T00:38:02.383338+00:00] main.INFO: Broken reference: the 'notification.messages' tries to reorder itself towards 'user', but their parents are different: 'header.inner.right' and 'header' respectively. [] []
[2026-05-18T00:38:07.599861+00:00] main.INFO: Broken reference: the 'notification.messages' tries to reorder itself towards 'user', but their parents are different: 'header.inner.right' and 'header' respectively. [] []
[2026-05-18T00:38:08.177032+00:00] main.ERROR: Unable to resolve the source file for 'adminhtml/Magento/backend/en_US/jquery/fileUploader/jquery.fileupload-ui.js' [] []
[2026-05-18T00:38:08.177778+00:00] main.CRITICAL: Unable to resolve the source file for 'adminhtml/Magento/backend/en_US/jquery/fileUploader/jquery.fileupload-ui.js' [] []
[2026-05-18T00:38:23.969292+00:00] main.INFO: Broken reference: the 'notification.messages' tries to reorder itself towards 'user', but their parents are different: 'header.inner.right' and 'header' respectively. [] []
[2026-05-18T00:38:25.480721+00:00] main.CRITICAL: Failed to retrieve Adobe Stock search files results: Client error: `GET https://stock.adobe.io/Rest/Media/1/Search/Files?locale=en_US&search_parameters%5Blimit%5D=20&search_parameters%5Boffset%5D=0&search_parameters%5Bgallery_id%5D=Kqy5H45lnKzkC5I8JGFXYVwr2ltNwMe7&search_parameters%5Bfilters%5D%5Bcontent_type:photo%5D=1&search_parameters%5Bfilters%5D%5Bcontent_type:illustration%5D=1&search_parameters%5Bfilters%5D%5Bpremium%5D=all&result_columns%5B0%5D=id&result_columns%5B1%5D=nb_results&result_columns%5B2%5D=comp_url&result_columns%5B3%5D=thumbnail_240_url&result_columns%5B4%5D=width&result_columns%5B5%5D=height&result_columns%5B6%5D=thumbnail_500_url&result_columns%5B7%5D=title&result_columns%5B8%5D=creator_id&result_columns%5B9%5D=creator_name&result_columns%5B10%5D=creation_date&result_columns%5B11%5D=country_name&result_columns%5B12%5D=category&result_columns%5B13%5D=keywords&result_columns%5B14%5D=media_type_id&result_columns%5B15%5D=content_type&result_columns%5B16%5D=details_url&result_columns%5B17%5D=premium_level_id` resulted in a `403 Forbidden` response:
{"title":"ErrMissingAPIKey","status":403,"error_code":403000,"message":"API key is missing"}
 [] []
[2026-05-18T00:38:33.264559+00:00] main.CRITICAL: Failed to retrieve Adobe Stock search files results: Client error: `GET https://stock.adobe.io/Rest/Media/1/Search/Files?locale=en_US&search_parameters%5Blimit%5D=32&search_parameters%5Boffset%5D=0&search_parameters%5Bgallery_id%5D=Kqy5H45lnKzkC5I8JGFXYVwr2ltNwMe7&search_parameters%5Bfilters%5D%5Bcontent_type:photo%5D=1&search_parameters%5Bfilters%5D%5Bcontent_type:illustration%5D=1&search_parameters%5Bfilters%5D%5Bpremium%5D=all&result_columns%5B0%5D=id&result_columns%5B1%5D=nb_results&result_columns%5B2%5D=comp_url&result_columns%5B3%5D=thumbnail_240_url&result_columns%5B4%5D=width&result_columns%5B5%5D=height&result_columns%5B6%5D=thumbnail_500_url&result_columns%5B7%5D=title&result_columns%5B8%5D=creator_id&result_columns%5B9%5D=creator_name&result_columns%5B10%5D=creation_date&result_columns%5B11%5D=country_name&result_columns%5B12%5D=category&result_columns%5B13%5D=keywords&result_columns%5B14%5D=media_type_id&result_columns%5B15%5D=content_type&result_columns%5B16%5D=details_url&result_columns%5B17%5D=premium_level_id` resulted in a `403 Forbidden` response:
{"title":"ErrMissingAPIKey","status":403,"error_code":403000,"message":"API key is missing"}
 [] []
[2026-05-18T00:38:34.985671+00:00] main.CRITICAL: Failed to retrieve Adobe Stock search files results: Client error: `GET https://stock.adobe.io/Rest/Media/1/Search/Files?locale=en_US&search_parameters%5Blimit%5D=32&search_parameters%5Boffset%5D=0&search_parameters%5Bgallery_id%5D=Kqy5H45lnKzkC5I8JGFXYVwr2ltNwMe7&search_parameters%5Bfilters%5D%5Bcontent_type:photo%5D=1&search_parameters%5Bfilters%5D%5Bcontent_type:illustration%5D=1&search_parameters%5Border%5D=relevance&search_parameters%5Bfilters%5D%5Bpremium%5D=all&result_columns%5B0%5D=id&result_columns%5B1%5D=nb_results&result_columns%5B2%5D=comp_url&result_columns%5B3%5D=thumbnail_240_url&result_columns%5B4%5D=width&result_columns%5B5%5D=height&result_columns%5B6%5D=thumbnail_500_url&result_columns%5B7%5D=title&result_columns%5B8%5D=creator_id&result_columns%5B9%5D=creator_name&result_columns%5B10%5D=creation_date&result_columns%5B11%5D=country_name&result_columns%5B12%5D=category&result_columns%5B13%5D=keywords&result_columns%5B14%5D=media_type_id&result_columns%5B15%5D=content_type&result_columns%5B16%5D=details_url&result_columns%5B17%5D=premium_level_id` resulted in a `403 Forbidden` response:
{"title":"ErrMissingAPIKey","status":403,"error_code":403000,"message":"API key is missing"}
 [] []
[2026-05-18T01:05:24.660084+00:00] main.INFO: Broken reference: the 'tracking' element cannot be added as child to 'header', because the latter doesn't exist [] []
[2026-05-18T01:05:24.660713+00:00] main.INFO: Broken reference: the 'notification_area' element cannot be added as child to 'notifications', because the latter doesn't exist [] []
[2026-05-18T01:05:24.661079+00:00] main.INFO: Broken reference: the 'unread_system_messages' element cannot be added as child to 'notifications', because the latter doesn't exist [] []
[2026-05-18T01:05:24.661479+00:00] main.INFO: Broken reference: the 'notification_window' element cannot be added as child to 'notifications', because the latter doesn't exist [] []
[2026-05-18T01:05:24.661880+00:00] main.INFO: Broken reference: the 'notification.messages' element cannot be added as child to 'header', because the latter doesn't exist [] []
[2026-05-18T01:05:24.662318+00:00] main.INFO: Broken reference: the 'global_notices' element cannot be added as child to 'global.notices', because the latter doesn't exist [] []
[2026-05-18T01:05:24.662612+00:00] main.INFO: Broken reference: the 'logo' element cannot be added as child to 'header', because the latter doesn't exist [] []
[2026-05-18T01:05:24.662952+00:00] main.INFO: Broken reference: the 'global.search' element cannot be added as child to 'header', because the latter doesn't exist [] []
[2026-05-18T01:05:24.663327+00:00] main.INFO: Broken reference: the 'user' element cannot be added as child to 'header', because the latter doesn't exist [] []
[2026-05-18T01:05:24.663539+00:00] main.INFO: Broken reference: the 'menu' element cannot be added as child to 'page.menu', because the latter doesn't exist [] []
[2026-05-18T01:05:24.663728+00:00] main.INFO: Broken reference: the 'breadcrumbs' element cannot be added as child to 'page.breadcrumbs', because the latter doesn't exist [] []
[2026-05-18T01:05:24.663931+00:00] main.INFO: Broken reference: the 'formkey' element cannot be added as child to 'page.formkey', because the latter doesn't exist [] []
[2026-05-18T01:05:24.664117+00:00] main.INFO: Broken reference: the 'page.title' element cannot be added as child to 'main.top', because the latter doesn't exist [] []
[2026-05-18T01:05:24.664296+00:00] main.INFO: Broken reference: the 'messages' element cannot be added as child to 'page.messages', because the latter doesn't exist [] []
[2026-05-18T01:05:24.664477+00:00] main.INFO: Broken reference: the 'page.actions.toolbar' element cannot be added as child to 'page.main.actions', because the latter doesn't exist [] []
[2026-05-18T01:05:24.664658+00:00] main.INFO: Broken reference: the 'legal' element cannot be added as child to 'footer', because the latter doesn't exist [] []
[2026-05-18T01:05:24.665193+00:00] main.INFO: Broken reference: the 'header.inner.left' element cannot be added as child to 'header', because the latter doesn't exist [] []
[2026-05-18T01:05:24.665685+00:00] main.INFO: Broken reference: the 'header.inner.right' element cannot be added as child to 'header', because the latter doesn't exist [] []
[2026-05-18T01:05:24.666432+00:00] main.INFO: Broken reference: the 'user' tries to reorder itself towards '', but their parents are different: 'header' and '' respectively. [] []
[2026-05-18T01:05:24.666959+00:00] main.INFO: Broken reference: the 'notification.messages' tries to reorder itself towards 'user', but their parents are different: 'header' and '' respectively. [] []
[2026-05-18T01:05:24.667364+00:00] main.INFO: Broken reference: the 'logo' tries to reorder itself towards '', but their parents are different: 'header' and '' respectively. [] []
[2026-05-18T01:05:24.667605+00:00] main.INFO: Broken reference: the 'global.search' tries to reorder itself towards 'logo', but their parents are different: 'header' and '' respectively. [] []
[2026-05-18T01:05:24.667852+00:00] main.INFO: Broken reference: the 'page.actions.toolbar' tries to reorder itself towards '', but their parents are different: 'page.main.actions' and '' respectively. [] []
[2026-05-18T01:05:24.668239+00:00] main.INFO: Broken reference: the 'header.inner.left' tries to reorder itself towards '', but their parents are different: 'header' and '' respectively. [] []
[2026-05-18T01:05:24.668505+00:00] main.INFO: Broken reference: the 'header.inner.right' tries to reorder itself towards 'header.inner.left', but their parents are different: 'header' and '' respectively. [] []
[2026-05-18T01:05:24.668850+00:00] main.INFO: Broken reference: the 'notification.messages' tries to reorder itself towards 'user', but their parents are different: 'header.inner.right' and '' respectively. [] []
[2026-05-18T01:05:31.541250+00:00] main.DEBUG: URI '/index.php/admin/catalog/category/index/key/b190866a0cb8d967d03dd30a3f7d0513a021390fd8febf1eb5a3d381342766c3/'' cannot be accessed with POST method (Magento\Catalog\Controller\Adminhtml\Category\Index) [] []
[2026-05-18T01:05:31.542173+00:00] main.DEBUG: Request validation failed for action "Magento\Catalog\Controller\Adminhtml\Category\Index\Interceptor" {"exception":"[object] (Magento\\Framework\\App\\Request\\InvalidRequestException(code: 0): Invalid request received at /app/vendor/magento/framework/App/Request/HttpMethodValidator.php:69)"} []
[2026-05-18T01:05:31.701096+00:00] main.DEBUG: cache_invalidate:  {"method":"POST","url":"https://magento2.docker/index.php/admin/catalog/category/index/key/b190866a0cb8d967d03dd30a3f7d0513a021390fd8febf1eb5a3d381342766c3/","invalidateInfo":{"tags":["BACKEND_MAINMENU","MAGE"],"mode":"matchingTag"}} []
[2026-05-18T01:05:31.701324+00:00] main.DEBUG: cache_invalidate:  {"method":"POST","url":"https://magento2.docker/index.php/admin/catalog/category/index/key/b190866a0cb8d967d03dd30a3f7d0513a021390fd8febf1eb5a3d381342766c3/","invalidateInfo":{"tags":["BACKEND_MAINMENU"],"mode":"matchingAnyTag"}} []
[2026-05-18T01:05:31.720368+00:00] main.DEBUG: cache_invalidate:  {"method":"POST","url":"https://magento2.docker/index.php/admin/catalog/category/index/key/b190866a0cb8d967d03dd30a3f7d0513a021390fd8febf1eb5a3d381342766c3/","invalidateInfo":{"tags":["PB_EDITOR_CONFIG","CONFIG","MAGE"],"mode":"matchingTag"}} []
[2026-05-18T01:05:31.720588+00:00] main.DEBUG: cache_invalidate:  {"method":"POST","url":"https://magento2.docker/index.php/admin/catalog/category/index/key/b190866a0cb8d967d03dd30a3f7d0513a021390fd8febf1eb5a3d381342766c3/","invalidateInfo":{"tags":["PB_EDITOR_CONFIG","CONFIG"],"mode":"matchingTag"}} []
[2026-05-18T01:05:32.491225+00:00] main.INFO: Broken reference: the 'notification.messages' tries to reorder itself towards 'user', but their parents are different: 'header.inner.right' and 'header' respectively. [] []
[2026-05-18T01:05:40.125553+00:00] main.INFO: Broken reference: the 'notification.messages' tries to reorder itself towards 'user', but their parents are different: 'header.inner.right' and 'header' respectively. [] []
[2026-05-18T01:08:10.795276+00:00] main.INFO: Broken reference: the 'notification.messages' tries to reorder itself towards 'user', but their parents are different: 'header.inner.right' and 'header' respectively. [] []
[2026-05-18T01:08:46.286324+00:00] main.INFO: Broken reference: the 'notification.messages' tries to reorder itself towards 'user', but their parents are different: 'header.inner.right' and 'header' respectively. [] []
[2026-05-18T01:08:50.907493+00:00] main.INFO: Broken reference: the 'notification.messages' tries to reorder itself towards 'user', but their parents are different: 'header.inner.right' and 'header' respectively. [] []
[2026-05-18T01:09:07.296686+00:00] main.INFO: Broken reference: the 'notification.messages' tries to reorder itself towards 'user', but their parents are different: 'header.inner.right' and 'header' respectively. [] []
[2026-05-18T01:09:14.499412+00:00] main.INFO: Broken reference: the 'notification.messages' tries to reorder itself towards 'user', but their parents are different: 'header.inner.right' and 'header' respectively. [] []
[2026-05-18T01:09:26.148494+00:00] main.INFO: Broken reference: the 'notification.messages' tries to reorder itself towards 'user', but their parents are different: 'header.inner.right' and 'header' respectively. [] []
[2026-05-18T01:09:29.552737+00:00] main.INFO: Broken reference: the 'notification.messages' tries to reorder itself towards 'user', but their parents are different: 'header.inner.right' and 'header' respectively. [] []
[2026-05-18T01:09:33.067583+00:00] main.INFO: Broken reference: the 'notification.messages' tries to reorder itself towards 'user', but their parents are different: 'header.inner.right' and 'header' respectively. [] []
[2026-05-18T01:14:42.013863+00:00] main.INFO: Broken reference: the 'notification.messages' tries to reorder itself towards 'user', but their parents are different: 'header.inner.right' and 'header' respectively. [] []
[2026-05-18T01:14:53.273488+00:00] main.INFO: Broken reference: the 'notification.messages' tries to reorder itself towards 'user', but their parents are different: 'header.inner.right' and 'header' respectively. [] []
[2026-05-18T01:15:07.476767+00:00] main.INFO: Broken reference: the 'notification.messages' tries to reorder itself towards 'user', but their parents are different: 'header.inner.right' and 'header' respectively. [] []
[2026-05-18T01:15:16.681699+00:00] main.INFO: Broken reference: the 'notification.messages' tries to reorder itself towards 'user', but their parents are different: 'header.inner.right' and 'header' respectively. [] []
[2026-05-18T01:15:38.666355+00:00] main.INFO: Broken reference: the 'notification.messages' tries to reorder itself towards 'user', but their parents are different: 'header.inner.right' and 'header' respectively. [] []
[2026-05-18T01:15:40.124618+00:00] main.INFO: Broken reference: the 'notification.messages' tries to reorder itself towards 'user', but their parents are different: 'header.inner.right' and 'header' respectively. [] []
[2026-05-19T22:51:14.182878+00:00] main.INFO: Broken reference: the 'tracking' element cannot be added as child to 'header', because the latter doesn't exist [] []
[2026-05-19T22:51:14.244681+00:00] main.INFO: Broken reference: the 'notification_area' element cannot be added as child to 'notifications', because the latter doesn't exist [] []
[2026-05-19T22:51:14.245212+00:00] main.INFO: Broken reference: the 'unread_system_messages' element cannot be added as child to 'notifications', because the latter doesn't exist [] []
[2026-05-19T22:51:14.245697+00:00] main.INFO: Broken reference: the 'notification_window' element cannot be added as child to 'notifications', because the latter doesn't exist [] []
[2026-05-19T22:51:14.246104+00:00] main.INFO: Broken reference: the 'notification.messages' element cannot be added as child to 'header', because the latter doesn't exist [] []
[2026-05-19T22:51:14.246545+00:00] main.INFO: Broken reference: the 'global_notices' element cannot be added as child to 'global.notices', because the latter doesn't exist [] []
[2026-05-19T22:51:14.246971+00:00] main.INFO: Broken reference: the 'logo' element cannot be added as child to 'header', because the latter doesn't exist [] []
[2026-05-19T22:51:14.247370+00:00] main.INFO: Broken reference: the 'global.search' element cannot be added as child to 'header', because the latter doesn't exist [] []
[2026-05-19T22:51:14.247779+00:00] main.INFO: Broken reference: the 'user' element cannot be added as child to 'header', because the latter doesn't exist [] []
[2026-05-19T22:51:14.248176+00:00] main.INFO: Broken reference: the 'menu' element cannot be added as child to 'page.menu', because the latter doesn't exist [] []
[2026-05-19T22:51:14.248580+00:00] main.INFO: Broken reference: the 'breadcrumbs' element cannot be added as child to 'page.breadcrumbs', because the latter doesn't exist [] []
[2026-05-19T22:51:14.248990+00:00] main.INFO: Broken reference: the 'formkey' element cannot be added as child to 'page.formkey', because the latter doesn't exist [] []
[2026-05-19T22:51:14.249372+00:00] main.INFO: Broken reference: the 'page.title' element cannot be added as child to 'main.top', because the latter doesn't exist [] []
[2026-05-19T22:51:14.249759+00:00] main.INFO: Broken reference: the 'messages' element cannot be added as child to 'page.messages', because the latter doesn't exist [] []
[2026-05-19T22:51:14.250122+00:00] main.INFO: Broken reference: the 'page.actions.toolbar' element cannot be added as child to 'page.main.actions', because the latter doesn't exist [] []
[2026-05-19T22:51:14.250508+00:00] main.INFO: Broken reference: the 'legal' element cannot be added as child to 'footer', because the latter doesn't exist [] []
[2026-05-19T22:51:14.251306+00:00] main.INFO: Broken reference: the 'header.inner.left' element cannot be added as child to 'header', because the latter doesn't exist [] []
[2026-05-19T22:51:14.251745+00:00] main.INFO: Broken reference: the 'header.inner.right' element cannot be added as child to 'header', because the latter doesn't exist [] []
[2026-05-19T22:51:14.252361+00:00] main.INFO: Broken reference: the 'user' tries to reorder itself towards '', but their parents are different: 'header' and '' respectively. [] []
[2026-05-19T22:51:14.252783+00:00] main.INFO: Broken reference: the 'notification.messages' tries to reorder itself towards 'user', but their parents are different: 'header' and '' respectively. [] []
[2026-05-19T22:51:14.253211+00:00] main.INFO: Broken reference: the 'logo' tries to reorder itself towards '', but their parents are different: 'header' and '' respectively. [] []
[2026-05-19T22:51:14.253784+00:00] main.INFO: Broken reference: the 'global.search' tries to reorder itself towards 'logo', but their parents are different: 'header' and '' respectively. [] []
[2026-05-19T22:51:14.254281+00:00] main.INFO: Broken reference: the 'page.actions.toolbar' tries to reorder itself towards '', but their parents are different: 'page.main.actions' and '' respectively. [] []
[2026-05-19T22:51:14.254878+00:00] main.INFO: Broken reference: the 'header.inner.left' tries to reorder itself towards '', but their parents are different: 'header' and '' respectively. [] []
[2026-05-19T22:51:14.255349+00:00] main.INFO: Broken reference: the 'header.inner.right' tries to reorder itself towards 'header.inner.left', but their parents are different: 'header' and '' respectively. [] []
[2026-05-19T22:51:14.255789+00:00] main.INFO: Broken reference: the 'notification.messages' tries to reorder itself towards 'user', but their parents are different: 'header.inner.right' and '' respectively. [] []
[2026-05-19T22:51:22.685812+00:00] main.DEBUG: cache_invalidate:  {"method":"POST","url":"https://magento2.docker/index.php/admin/admin/index/index/key/00448aa5f072724c286f17add84dc9a8ff5ad7ed6cd558cd89ea45354587731e/","invalidateInfo":{"tags":["BACKEND_MAINMENU","MAGE"],"mode":"matchingTag"}} []
[2026-05-19T22:51:22.686174+00:00] main.DEBUG: cache_invalidate:  {"method":"POST","url":"https://magento2.docker/index.php/admin/admin/index/index/key/00448aa5f072724c286f17add84dc9a8ff5ad7ed6cd558cd89ea45354587731e/","invalidateInfo":{"tags":["BACKEND_MAINMENU"],"mode":"matchingAnyTag"}} []
[2026-05-19T22:51:23.674279+00:00] main.DEBUG: cache_invalidate:  {"method":"POST","url":"https://magento2.docker/index.php/admin/admin/index/index/key/00448aa5f072724c286f17add84dc9a8ff5ad7ed6cd558cd89ea45354587731e/","invalidateInfo":{"tags":["PB_EDITOR_CONFIG","CONFIG","MAGE"],"mode":"matchingTag"}} []
[2026-05-19T22:51:23.674562+00:00] main.DEBUG: cache_invalidate:  {"method":"POST","url":"https://magento2.docker/index.php/admin/admin/index/index/key/00448aa5f072724c286f17add84dc9a8ff5ad7ed6cd558cd89ea45354587731e/","invalidateInfo":{"tags":["PB_EDITOR_CONFIG","CONFIG"],"mode":"matchingTag"}} []
[2026-05-19T22:51:23.773121+00:00] main.DEBUG: Item Magento_Backend::system_currency was removed [] []
[2026-05-19T22:51:23.837031+00:00] main.DEBUG: Add of item with id Magento_AdminNotification::system_adminnotification was processed [] []
[2026-05-19T22:51:23.837265+00:00] main.DEBUG: Add of item with id Magento_Theme::design_config was processed [] []
[2026-05-19T22:51:23.837385+00:00] main.DEBUG: Add of item with id Magento_Theme::system_design_theme was processed [] []
[2026-05-19T22:51:23.837502+00:00] main.DEBUG: Add of item with id Magento_Backend::system_design_schedule was processed [] []
[2026-05-19T22:51:23.837621+00:00] main.DEBUG: Add of item with id Magento_Backend::system_store was processed [] []
[2026-05-19T22:51:23.837716+00:00] main.DEBUG: Add of item with id Magento_Backend::dashboard was processed [] []
[2026-05-19T22:51:23.837802+00:00] main.DEBUG: Add of item with id Magento_Backend::system was processed [] []
[2026-05-19T22:51:23.837910+00:00] main.DEBUG: Add of item with id Magento_Backend::system_tools was processed [] []
[2026-05-19T22:51:23.838020+00:00] main.DEBUG: Add of item with id Magento_Backend::system_design was processed [] []
[2026-05-19T22:51:23.838108+00:00] main.DEBUG: Add of item with id Magento_Backend::system_convert was processed [] []
[2026-05-19T22:51:23.838212+00:00] main.DEBUG: Add of item with id Magento_Backend::system_cache was processed [] []
[2026-05-19T22:51:23.838299+00:00] main.DEBUG: Add of item with id Magento_Backend::marketing was processed [] []
[2026-05-19T22:51:23.838402+00:00] main.DEBUG: Add of item with id Magento_Backend::marketing_communications was processed [] []
[2026-05-19T22:51:23.838512+00:00] main.DEBUG: Add of item with id Magento_Backend::marketing_seo was processed [] []
[2026-05-19T22:51:23.838597+00:00] main.DEBUG: Add of item with id Magento_Backend::marketing_user_content was processed [] []
[2026-05-19T22:51:23.838678+00:00] main.DEBUG: Add of item with id Magento_Backend::content was processed [] []
[2026-05-19T22:51:23.838760+00:00] main.DEBUG: Add of item with id Magento_Backend::content_elements was processed [] []
[2026-05-19T22:51:23.838841+00:00] main.DEBUG: Add of item with id Magento_Backend::stores was processed [] []
[2026-05-19T22:51:23.838945+00:00] main.DEBUG: Add of item with id Magento_Backend::stores_settings was processed [] []
[2026-05-19T22:51:23.839031+00:00] main.DEBUG: Add of item with id Magento_Backend::stores_attributes was processed [] []
[2026-05-19T22:51:23.839113+00:00] main.DEBUG: Add of item with id Magento_Backend::other_settings was processed [] []
[2026-05-19T22:51:23.839195+00:00] main.DEBUG: Add of item with id Magento_Backend::system_other_settings was processed [] []
[2026-05-19T22:51:23.839276+00:00] main.DEBUG: Add of item with id Magento_Config::system_config was processed [] []
[2026-05-19T22:51:23.839358+00:00] main.DEBUG: Add of item with id Magento_User::system_acl was processed [] []
[2026-05-19T22:51:23.839520+00:00] main.DEBUG: Add of item with id Magento_User::system_acl_users was processed [] []
[2026-05-19T22:51:23.839622+00:00] main.DEBUG: Add of item with id Magento_User::system_acl_roles was processed [] []
[2026-05-19T22:51:23.839706+00:00] main.DEBUG: Add of item with id Magento_User::system_acl_locks was processed [] []
[2026-05-19T22:51:23.839788+00:00] main.DEBUG: Add of item with id Magento_Backup::system_tools_backup was processed [] []
[2026-05-19T22:51:23.839881+00:00] main.DEBUG: Add of item with id Magento_Customer::customer was processed [] []
[2026-05-19T22:51:23.839997+00:00] main.DEBUG: Add of item with id Magento_Customer::customer_manage was processed [] []
[2026-05-19T22:51:23.840086+00:00] main.DEBUG: Add of item with id Magento_Customer::customer_online was processed [] []
[2026-05-19T22:51:23.840169+00:00] main.DEBUG: Add of item with id Magento_Customer::customer_group was processed [] []
[2026-05-19T22:51:23.840250+00:00] main.DEBUG: Add of item with id Magento_Indexer::system_index was processed [] []
[2026-05-19T22:51:23.840332+00:00] main.DEBUG: Add of item with id Magento_Variable::system_variable was processed [] []
[2026-05-19T22:51:23.840448+00:00] main.DEBUG: Add of item with id Magento_Cms::cms_page was processed [] []
[2026-05-19T22:51:23.840540+00:00] main.DEBUG: Add of item with id Magento_Cms::cms_block was processed [] []
[2026-05-19T22:51:23.840623+00:00] main.DEBUG: Add of item with id Magento_Integration::system_extensions was processed [] []
[2026-05-19T22:51:23.840726+00:00] main.DEBUG: Add of item with id Magento_Integration::system_integrations was processed [] []
[2026-05-19T22:51:23.840812+00:00] main.DEBUG: Add of item with id Magento_Catalog::catalog was processed [] []
[2026-05-19T22:51:23.840919+00:00] main.DEBUG: Add of item with id Magento_Catalog::catalog_products was processed [] []
[2026-05-19T22:51:23.841004+00:00] main.DEBUG: Add of item with id Magento_Catalog::catalog_categories was processed [] []
[2026-05-19T22:51:23.841106+00:00] main.DEBUG: Add of item with id Magento_Catalog::catalog_attributes_attributes was processed [] []
[2026-05-19T22:51:23.841193+00:00] main.DEBUG: Add of item with id Magento_Catalog::catalog_attributes_sets was processed [] []
[2026-05-19T22:51:23.841295+00:00] main.DEBUG: Add of item with id Magento_Catalog::inventory was processed [] []
[2026-05-19T22:51:23.841381+00:00] main.DEBUG: Add of item with id Magento_CatalogRule::promo was processed [] []
[2026-05-19T22:51:23.841497+00:00] main.DEBUG: Add of item with id Magento_CatalogRule::promo_catalog was processed [] []
[2026-05-19T22:51:23.841602+00:00] main.DEBUG: Add of item with id Magento_Search::search_terms was processed [] []
[2026-05-19T22:51:23.841688+00:00] main.DEBUG: Add of item with id Magento_Search::search_synonyms was processed [] []
[2026-05-19T22:51:23.841770+00:00] main.DEBUG: Add of item with id Magento_MediaGalleryUi::media was processed [] []
[2026-05-19T22:51:23.841871+00:00] main.DEBUG: Add of item with id Magento_MediaGalleryUi::media_gallery was processed [] []
[2026-05-19T22:51:23.841955+00:00] main.DEBUG: Add of item with id Magento_Sales::sales was processed [] []
[2026-05-19T22:51:23.842056+00:00] main.DEBUG: Add of item with id Magento_Sales::sales_operation was processed [] []
[2026-05-19T22:51:23.842160+00:00] main.DEBUG: Add of item with id Magento_Sales::sales_order was processed [] []
[2026-05-19T22:51:23.842246+00:00] main.DEBUG: Add of item with id Magento_Sales::sales_invoice was processed [] []
[2026-05-19T22:51:23.842328+00:00] main.DEBUG: Add of item with id Magento_Sales::sales_shipment was processed [] []
[2026-05-19T22:51:23.842418+00:00] main.DEBUG: Add of item with id Magento_Sales::sales_creditmemo was processed [] []
[2026-05-19T22:51:23.842512+00:00] main.DEBUG: Add of item with id Magento_Sales::sales_transactions was processed [] []
[2026-05-19T22:51:23.842603+00:00] main.DEBUG: Add of item with id Magento_Sales::system_order_statuses was processed [] []
[2026-05-19T22:51:23.842684+00:00] main.DEBUG: Add of item with id Magento_Widget::cms_widget_instance was processed [] []
[2026-05-19T22:51:23.842788+00:00] main.DEBUG: Add of item with id Magento_Analytics::business_intelligence was processed [] []
[2026-05-19T22:51:23.842893+00:00] main.DEBUG: Add of item with id Magento_Analytics::advanced_reporting was processed [] []
[2026-05-19T22:51:23.842979+00:00] main.DEBUG: Add of item with id Magento_Analytics::bi_essentials was processed [] []
[2026-05-19T22:51:23.843089+00:00] main.DEBUG: Add of item with id Magento_Downloadable::report_products_downloads was processed [] []
[2026-05-19T22:51:23.843195+00:00] main.DEBUG: Add of item with id Magento_Newsletter::newsletter_template was processed [] []
[2026-05-19T22:51:23.843281+00:00] main.DEBUG: Add of item with id Magento_Newsletter::newsletter_queue was processed [] []
[2026-05-19T22:51:23.843363+00:00] main.DEBUG: Add of item with id Magento_Newsletter::newsletter_subscriber was processed [] []
[2026-05-19T22:51:23.843475+00:00] main.DEBUG: Add of item with id Magento_Newsletter::newsletter_problem was processed [] []
[2026-05-19T22:51:23.843579+00:00] main.DEBUG: Add of item with id Magento_ImportExport::system_convert_import was processed [] []
[2026-05-19T22:51:23.843665+00:00] main.DEBUG: Add of item with id Magento_ImportExport::system_convert_export was processed [] []
[2026-05-19T22:51:23.843747+00:00] main.DEBUG: Add of item with id Magento_ImportExport::system_convert_history was processed [] []
[2026-05-19T22:51:23.843827+00:00] main.DEBUG: Add of item with id Magento_Email::template was processed [] []
[2026-05-19T22:51:23.843908+00:00] main.DEBUG: Add of item with id Magento_InventoryAdminUi::inventory was processed [] []
[2026-05-19T22:51:23.844008+00:00] main.DEBUG: Add of item with id Magento_InventoryAdminUi::source was processed [] []
[2026-05-19T22:51:23.844093+00:00] main.DEBUG: Add of item with id Magento_InventoryAdminUi::stock was processed [] []
[2026-05-19T22:51:23.844174+00:00] main.DEBUG: Add of item with id Magento_Reports::report was processed [] []
[2026-05-19T22:51:23.844255+00:00] main.DEBUG: Add of item with id Magento_Reports::report_marketing was processed [] []
[2026-05-19T22:51:23.844335+00:00] main.DEBUG: Add of item with id Magento_Reports::report_salesroot was processed [] []
[2026-05-19T22:51:23.844447+00:00] main.DEBUG: Add of item with id Magento_Reports::report_salesroot_sales was processed [] []
[2026-05-19T22:51:23.844535+00:00] main.DEBUG: Add of item with id Magento_Reports::report_salesroot_tax was processed [] []
[2026-05-19T22:51:23.844616+00:00] main.DEBUG: Add of item with id Magento_Reports::report_salesroot_invoiced was processed [] []
[2026-05-19T22:51:23.844696+00:00] main.DEBUG: Add of item with id Magento_Reports::report_salesroot_shipping was processed [] []
[2026-05-19T22:51:23.844776+00:00] main.DEBUG: Add of item with id Magento_Reports::report_salesroot_refunded was processed [] []
[2026-05-19T22:51:23.844855+00:00] main.DEBUG: Add of item with id Magento_Reports::report_salesroot_coupons was processed [] []
[2026-05-19T22:51:23.844934+00:00] main.DEBUG: Add of item with id Magento_Reports::report_shopcart_product was processed [] []
[2026-05-19T22:51:23.845013+00:00] main.DEBUG: Add of item with id Magento_Reports::report_shopcart_abandoned was processed [] []
[2026-05-19T22:51:23.845093+00:00] main.DEBUG: Add of item with id Magento_Reports::report_products was processed [] []
[2026-05-19T22:51:23.845172+00:00] main.DEBUG: Add of item with id Magento_Reports::report_products_bestsellers was processed [] []
[2026-05-19T22:51:23.845252+00:00] main.DEBUG: Add of item with id Magento_Reports::report_products_sold was processed [] []
[2026-05-19T22:51:23.845331+00:00] main.DEBUG: Add of item with id Magento_Reports::report_products_viewed was processed [] []
[2026-05-19T22:51:23.845418+00:00] main.DEBUG: Add of item with id Magento_Reports::report_products_lowstock was processed [] []
[2026-05-19T22:51:23.845503+00:00] main.DEBUG: Add of item with id Magento_Reports::report_customers was processed [] []
[2026-05-19T22:51:23.845605+00:00] main.DEBUG: Add of item with id Magento_Reports::report_customers_accounts was processed [] []
[2026-05-19T22:51:23.845691+00:00] main.DEBUG: Add of item with id Magento_Reports::report_customers_totals was processed [] []
[2026-05-19T22:51:23.845771+00:00] main.DEBUG: Add of item with id Magento_Reports::report_customers_orders was processed [] []
[2026-05-19T22:51:23.845857+00:00] main.DEBUG: Add of item with id Magento_Reports::report_statistics was processed [] []
[2026-05-19T22:51:23.845958+00:00] main.DEBUG: Add of item with id Magento_Reports::report_statistics_refresh was processed [] []
[2026-05-19T22:51:23.846044+00:00] main.DEBUG: Add of item with id Magento_Search::report_search_term was processed [] []
[2026-05-19T22:51:23.846127+00:00] main.DEBUG: Add of item with id Magento_LoginAsCustomerLog::login_log was processed [] []
[2026-05-19T22:51:23.846207+00:00] main.DEBUG: Add of item with id Magento_Marketplace::partners was processed [] []
[2026-05-19T22:51:23.846287+00:00] main.DEBUG: Add of item with id Magento_SalesRule::promo_quote was processed [] []
[2026-05-19T22:51:23.846367+00:00] main.DEBUG: Add of item with id Magento_Sitemap::catalog_sitemap was processed [] []
[2026-05-19T22:51:23.846544+00:00] main.DEBUG: Add of item with id Magento_PageBuilder::templates was processed [] []
[2026-05-19T22:51:23.846644+00:00] main.DEBUG: Add of item with id Magento_PaymentServicesDashboard::paymentservicesdashboard was processed [] []
[2026-05-19T22:51:23.846728+00:00] main.DEBUG: Add of item with id Magento_Paypal::report_salesroot_paypal_settlement_reports was processed [] []
[2026-05-19T22:51:23.846809+00:00] main.DEBUG: Add of item with id Magento_Paypal::paypal_billing_agreement was processed [] []
[2026-05-19T22:51:23.846891+00:00] main.DEBUG: Add of item with id Magento_CheckoutAgreements::sales_checkoutagreement was processed [] []
[2026-05-19T22:51:23.846973+00:00] main.DEBUG: Add of item with id Magento_Review::catalog_reviews_ratings_ratings was processed [] []
[2026-05-19T22:51:23.847087+00:00] main.DEBUG: Add of item with id Magento_Review::catalog_reviews_ratings_pending was processed [] []
[2026-05-19T22:51:23.847174+00:00] main.DEBUG: Add of item with id Magento_Review::catalog_reviews_ratings_reviews_all was processed [] []
[2026-05-19T22:51:23.847256+00:00] main.DEBUG: Add of item with id Magento_Review::report_review was processed [] []
[2026-05-19T22:51:23.847360+00:00] main.DEBUG: Add of item with id Magento_Review::report_review_customer was processed [] []
[2026-05-19T22:51:23.847468+00:00] main.DEBUG: Add of item with id Magento_Review::report_review_product was processed [] []
[2026-05-19T22:51:23.847553+00:00] main.DEBUG: Add of item with id Magento_ServicesId::configuration was processed [] []
[2026-05-19T22:51:23.847662+00:00] main.DEBUG: Add of item with id Magento_ServicesId::services_id was processed [] []
[2026-05-19T22:51:23.847787+00:00] main.DEBUG: Add of item with id Magento_UrlRewrite::urlrewrite was processed [] []
[2026-05-19T22:51:23.847982+00:00] main.DEBUG: Add of item with id Magento_AsynchronousOperations::system_magento_logging was processed [] []
[2026-05-19T22:51:23.848130+00:00] main.DEBUG: Add of item with id Magento_AsynchronousOperations::system_magento_logging_bulk_operations was processed [] []
[2026-05-19T22:51:23.848249+00:00] main.DEBUG: Add of item with id Magento_Tax::sales_tax was processed [] []
[2026-05-19T22:51:23.848358+00:00] main.DEBUG: Add of item with id Magento_Tax::sales_tax_rules was processed [] []
[2026-05-19T22:51:23.848465+00:00] main.DEBUG: Add of item with id Magento_Tax::sales_tax_rates was processed [] []
[2026-05-19T22:51:23.848551+00:00] main.DEBUG: Add of item with id Magento_TaxImportExport::system_convert_tax was processed [] []
[2026-05-19T22:51:23.848633+00:00] main.DEBUG: Add of item with id Magento_CurrencySymbol::system_currency was processed [] []
[2026-05-19T22:51:23.848737+00:00] main.DEBUG: Add of item with id Magento_CurrencySymbol::system_currency_rates was processed [] []
[2026-05-19T22:51:23.848823+00:00] main.DEBUG: Add of item with id Magento_CurrencySymbol::system_currency_symbols was processed [] []
[2026-05-19T22:51:23.848905+00:00] main.DEBUG: Add of item with id PayPal_Braintree::settlement_report was processed [] []
[2026-05-19T22:51:23.848986+00:00] main.DEBUG: Add of item with id PayPal_Braintree::virtual_terminal was processed [] []
[2026-05-19T22:51:26.216239+00:00] main.INFO: Broken reference: the 'notification.messages' tries to reorder itself towards 'user', but their parents are different: 'header.inner.right' and 'header' respectively. [] []
